Package,File,Bytes,SHA256,Coordinates,Caveat,ProjectId,ModelFidelity,Status,Modes,Provenance
Scenery context,models/context/airport-corporate-context.glb,20004104,5a48ab702b7a9ceac154ec292d3a44cf3276ac06add56829ed45491bb3d55647,"Y-up metres; x=E-615000, y=Z-70, z=4827000-N","Road, terrain, park, water and woodland display context from mixed-date City geometry and Ontario elevations; not a survey or final landscape design. The Road Crossings repair preserves original terrain and water arrays and source road outlines, while locally refining road triangles and separating upper decks from lower roads. Bounded ground and river underlays fill exposed crossing cut-outs. Inland water levels are terrain-derived display estimates; Lake Ontario keeps its documented lake level. Native pavement fits and explicitly estimated newer-road profiles remain qualified in the road review; display allowances are not surveyed error bounds.",,Mapped outlines with qualified elevation reconstruction,Existing context display,"existing, construction, future",models/context/context-assets-manifest.json; research/revamp/Inland-water-elevation-repair.json; research/road-crossings/Road-crossings-review.md
Scenery context,models/context/airport-corporate-details.glb,10936556,c9127dc4b0f33d56de0ea451b618f2a0bc29befb0b7ee8bf3b2a0750107b0c24,"Y-up metres; x=E-615000, y=Z-70, z=4827000-N","EPSG:26917 horizontal; consult metadata for elevation datum and approximation. District subset of source-backed street and bridge context plus mapped LRT rails/platforms and schematic street furniture/vehicles. Respect node scenario metadata: future vehicle symbols are not observed service. Shapes, display widths and inferred elevations are approximate; see public transit-detail provenance. Mapped road paint and associated surfaces follow the corrected crossing profiles with small display offsets. Respect each node's scenario metadata; a combined detail file is not evidence that every included planned feature exists.",,,,,models/context/detail-assets-manifest.json; research/road-crossings/Dependent-surface-correction.json
Scenery context,models/context/citywide-context.glb,187662748,19ec40793eb603cbad386ae1275f5cb486876ea175f481fb22436dabcfa29af4,"Y-up metres; x=E-615000, y=Z-70, z=4827000-N","Road, terrain, park, water and woodland display context from mixed-date City geometry and Ontario elevations; not a survey or final landscape design. The Road Crossings repair preserves original terrain and water arrays and source road outlines, while locally refining road triangles and separating upper decks from lower roads. Bounded ground and river underlays fill exposed crossing cut-outs. Inland water levels are terrain-derived display estimates; Lake Ontario keeps its documented lake level. Native pavement fits and explicitly estimated newer-road profiles remain qualified in the road review; display allowances are not surveyed error bounds.",,Mapped outlines with qualified elevation reconstruction,Existing context display,"existing, construction, future",models/context/context-assets-manifest.json; research/revamp/Inland-water-elevation-repair.json; research/road-crossings/Road-crossings-review.md
Scenery context,models/context/citywide-details.glb,74597212,85e7f0b9050e274177e33055c13df927e79299d13905eb912882dec93d71c014,"Y-up metres; x=E-615000, y=Z-70, z=4827000-N","EPSG:26917 horizontal; consult metadata for elevation datum and approximation. District subset of source-backed street and bridge context plus mapped LRT rails/platforms and schematic street furniture/vehicles. Respect node scenario metadata: future vehicle symbols are not observed service. Shapes, display widths and inferred elevations are approximate; see public transit-detail provenance. Mapped road paint and associated surfaces follow the corrected crossing profiles with small display offsets. Respect each node's scenario metadata; a combined detail file is not evidence that every included planned feature exists.",,,,,models/context/detail-assets-manifest.json; research/road-crossings/Dependent-surface-correction.json
Scenery context,models/context/clarkson-context.glb,17520776,df83840fdd53023d74ab30991143160a811fa3523fbadf0bc8d6b26b5b61a7a9,"Y-up metres; x=E-615000, y=Z-70, z=4827000-N","Road, terrain, park, water and woodland display context from mixed-date City geometry and Ontario elevations; not a survey or final landscape design. The Road Crossings repair preserves original terrain and water arrays and source road outlines, while locally refining road triangles and separating upper decks from lower roads. Bounded ground and river underlays fill exposed crossing cut-outs. Inland water levels are terrain-derived display estimates; Lake Ontario keeps its documented lake level. Native pavement fits and explicitly estimated newer-road profiles remain qualified in the road review; display allowances are not surveyed error bounds.",,Mapped outlines with qualified elevation reconstruction,Existing context display,"existing, construction, future",models/context/context-assets-manifest.json; research/revamp/Inland-water-elevation-repair.json; research/road-crossings/Road-crossings-review.md
Scenery context,models/context/clarkson-details.glb,3504492,9e71402d253fd3c57360b929921f6158a75c7e668cfe70eb151a1554d1004526,"Y-up metres; x=E-615000, y=Z-70, z=4827000-N","EPSG:26917 horizontal; consult metadata for elevation datum and approximation. District subset of source-backed street and bridge context plus mapped LRT rails/platforms and schematic street furniture/vehicles. Respect node scenario metadata: future vehicle symbols are not observed service. Shapes, display widths and inferred elevations are approximate; see public transit-detail provenance. Mapped road paint and associated surfaces follow the corrected crossing profiles with small display offsets. Respect each node's scenario metadata; a combined detail file is not evidence that every included planned feature exists.",,,,,models/context/detail-assets-manifest.json; research/road-crossings/Dependent-surface-correction.json
Scenery context,models/context/cooksville-context.glb,13900796,58519078fdd8b7b3d9b67b991d7eb94af199947b3f7b288e06e9380d2ec3c6f4,"Y-up metres; x=E-615000, y=Z-70, z=4827000-N","Road, terrain, park, water and woodland display context from mixed-date City geometry and Ontario elevations; not a survey or final landscape design. The Road Crossings repair preserves original terrain and water arrays and source road outlines, while locally refining road triangles and separating upper decks from lower roads. Bounded ground and river underlays fill exposed crossing cut-outs. Inland water levels are terrain-derived display estimates; Lake Ontario keeps its documented lake level. Native pavement fits and explicitly estimated newer-road profiles remain qualified in the road review; display allowances are not surveyed error bounds.",,Mapped outlines with qualified elevation reconstruction,Existing context display,"existing, construction, future",models/context/context-assets-manifest.json; research/revamp/Inland-water-elevation-repair.json; research/road-crossings/Road-crossings-review.md
Scenery context,models/context/cooksville-details.glb,3658332,fc35b78438cfa24768e8ea9141b8d798ed19d74f436e8460fcae35a7cd9eeae4,"Y-up metres; x=E-615000, y=Z-70, z=4827000-N","EPSG:26917 horizontal; consult metadata for elevation datum and approximation. District subset of source-backed street and bridge context plus mapped LRT rails/platforms and schematic street furniture/vehicles. Respect node scenario metadata: future vehicle symbols are not observed service. Shapes, display widths and inferred elevations are approximate; see public transit-detail provenance. Mapped road paint and associated surfaces follow the corrected crossing profiles with small display offsets. Respect each node's scenario metadata; a combined detail file is not evidence that every included planned feature exists.",,,,,models/context/detail-assets-manifest.json; research/road-crossings/Dependent-surface-correction.json
Scenery context,models/context/dixie-applewood-context.glb,17973080,e602c8bee338ee9f90a9dc98f9e89d534afb6f03286f90ca7948a72b330d5ad2,"Y-up metres; x=E-615000, y=Z-70, z=4827000-N","Road, terrain, park, water and woodland display context from mixed-date City geometry and Ontario elevations; not a survey or final landscape design. The Road Crossings repair preserves original terrain and water arrays and source road outlines, while locally refining road triangles and separating upper decks from lower roads. Bounded ground and river underlays fill exposed crossing cut-outs. Inland water levels are terrain-derived display estimates; Lake Ontario keeps its documented lake level. Native pavement fits and explicitly estimated newer-road profiles remain qualified in the road review; display allowances are not surveyed error bounds.",,Mapped outlines with qualified elevation reconstruction,Existing context display,"existing, construction, future",models/context/context-assets-manifest.json; research/revamp/Inland-water-elevation-repair.json; research/road-crossings/Road-crossings-review.md
Scenery context,models/context/dixie-applewood-details.glb,6361108,a80bc5cd2194c1cdf9603021bf893dfa27958a9d2a5b60cf735f1b9d9cea6980,"Y-up metres; x=E-615000, y=Z-70, z=4827000-N","EPSG:26917 horizontal; consult metadata for elevation datum and approximation. District subset of source-backed street and bridge context plus mapped LRT rails/platforms and schematic street furniture/vehicles. Respect node scenario metadata: future vehicle symbols are not observed service. Shapes, display widths and inferred elevations are approximate; see public transit-detail provenance. Mapped road paint and associated surfaces follow the corrected crossing profiles with small display offsets. Respect each node's scenario metadata; a combined detail file is not evidence that every included planned feature exists.",,,,,models/context/detail-assets-manifest.json; research/road-crossings/Dependent-surface-correction.json
Scenery context,models/context/downtown-context.glb,11525224,716b6f2bd268e001c57e897ae9f966549687045e5bf95a9e08ad4dd541485e9a,"Y-up metres; x=E-615000, y=Z-70, z=4827000-N","Road, terrain, park, water and woodland display context from mixed-date City geometry and Ontario elevations; not a survey or final landscape design. The Road Crossings repair preserves original terrain and water arrays and source road outlines, while locally refining road triangles and separating upper decks from lower roads. Bounded ground and river underlays fill exposed crossing cut-outs. Inland water levels are terrain-derived display estimates; Lake Ontario keeps its documented lake level. Native pavement fits and explicitly estimated newer-road profiles remain qualified in the road review; display allowances are not surveyed error bounds.",,Mapped outlines with qualified elevation reconstruction,Existing context display,"existing, construction, future",models/context/context-assets-manifest.json; research/revamp/Inland-water-elevation-repair.json; research/road-crossings/Road-crossings-review.md
Scenery context,models/context/downtown-details.glb,5149600,e839cd0fe6629af0146d156d39709ed359e98d1dd00972ea496f8f7439b5dd22,"Y-up metres; x=E-615000, y=Z-70, z=4827000-N","EPSG:26917 horizontal; consult metadata for elevation datum and approximation. District subset of source-backed street and bridge context plus mapped LRT rails/platforms and schematic street furniture/vehicles. Respect node scenario metadata: future vehicle symbols are not observed service. Shapes, display widths and inferred elevations are approximate; see public transit-detail provenance. Mapped road paint and associated surfaces follow the corrected crossing profiles with small display offsets. Respect each node's scenario metadata; a combined detail file is not evidence that every included planned feature exists.",,,,,models/context/detail-assets-manifest.json; research/road-crossings/Dependent-surface-correction.json
Scenery context,models/context/erin-mills-context.glb,24783992,a17e43432376dc3d32f63b150b848052fffaa896eb0bcde718fa602ac8f6ff41,"Y-up metres; x=E-615000, y=Z-70, z=4827000-N","Road, terrain, park, water and woodland display context from mixed-date City geometry and Ontario elevations; not a survey or final landscape design. The Road Crossings repair preserves original terrain and water arrays and source road outlines, while locally refining road triangles and separating upper decks from lower roads. Bounded ground and river underlays fill exposed crossing cut-outs. Inland water levels are terrain-derived display estimates; Lake Ontario keeps its documented lake level. Native pavement fits and explicitly estimated newer-road profiles remain qualified in the road review; display allowances are not surveyed error bounds.",,Mapped outlines with qualified elevation reconstruction,Existing context display,"existing, construction, future",models/context/context-assets-manifest.json; research/revamp/Inland-water-elevation-repair.json; research/road-crossings/Road-crossings-review.md
Scenery context,models/context/erin-mills-details.glb,7665508,3ba70d813433ade6c2bb8af52964d1fe70bf5d0eade93f13e225f659569234ac,"Y-up metres; x=E-615000, y=Z-70, z=4827000-N","EPSG:26917 horizontal; consult metadata for elevation datum and approximation. District subset of source-backed street and bridge context plus mapped LRT rails/platforms and schematic street furniture/vehicles. Respect node scenario metadata: future vehicle symbols are not observed service. Shapes, display widths and inferred elevations are approximate; see public transit-detail provenance. Mapped road paint and associated surfaces follow the corrected crossing profiles with small display offsets. Respect each node's scenario metadata; a combined detail file is not evidence that every included planned feature exists.",,,,,models/context/detail-assets-manifest.json; research/road-crossings/Dependent-surface-correction.json
Scenery context,models/context/erindale-context.glb,24920720,6ef9492205d3b8023bcde75e3b72e81f0e5b96a222477ec3873f59494f250ed2,"Y-up metres; x=E-615000, y=Z-70, z=4827000-N","Road, terrain, park, water and woodland display context from mixed-date City geometry and Ontario elevations; not a survey or final landscape design. The Road Crossings repair preserves original terrain and water arrays and source road outlines, while locally refining road triangles and separating upper decks from lower roads. Bounded ground and river underlays fill exposed crossing cut-outs. Inland water levels are terrain-derived display estimates; Lake Ontario keeps its documented lake level. Native pavement fits and explicitly estimated newer-road profiles remain qualified in the road review; display allowances are not surveyed error bounds.",,Mapped outlines with qualified elevation reconstruction,Existing context display,"existing, construction, future",models/context/context-assets-manifest.json; research/revamp/Inland-water-elevation-repair.json; research/road-crossings/Road-crossings-review.md
Scenery context,models/context/erindale-details.glb,5736656,b53c59f81fa550da1e523eae8bc46f0d5f63312b54f9c26b6c2928053f9cc3ec,"Y-up metres; x=E-615000, y=Z-70, z=4827000-N","EPSG:26917 horizontal; consult metadata for elevation datum and approximation. District subset of source-backed street and bridge context plus mapped LRT rails/platforms and schematic street furniture/vehicles. Respect node scenario metadata: future vehicle symbols are not observed service. Shapes, display widths and inferred elevations are approximate; see public transit-detail provenance. Mapped road paint and associated surfaces follow the corrected crossing profiles with small display offsets. Respect each node's scenario metadata; a combined detail file is not evidence that every included planned feature exists.",,,,,models/context/detail-assets-manifest.json; research/road-crossings/Dependent-surface-correction.json
Scenery context,models/context/heartland-context.glb,16908364,8e40cae90e17e7ff70a7fbee5b33677bdfa4d53953fce62fcbe8a7e4b85b0455,"Y-up metres; x=E-615000, y=Z-70, z=4827000-N","Road, terrain, park, water and woodland display context from mixed-date City geometry and Ontario elevations; not a survey or final landscape design. The Road Crossings repair preserves original terrain and water arrays and source road outlines, while locally refining road triangles and separating upper decks from lower roads. Bounded ground and river underlays fill exposed crossing cut-outs. Inland water levels are terrain-derived display estimates; Lake Ontario keeps its documented lake level. Native pavement fits and explicitly estimated newer-road profiles remain qualified in the road review; display allowances are not surveyed error bounds.",,Mapped outlines with qualified elevation reconstruction,Existing context display,"existing, construction, future",models/context/context-assets-manifest.json; research/revamp/Inland-water-elevation-repair.json; research/road-crossings/Road-crossings-review.md
Scenery context,models/context/heartland-details.glb,8848036,b907e33ce237bf9a5456b35ef8a6c34c1e5a24739c83dac2df1b3cd5e550477e,"Y-up metres; x=E-615000, y=Z-70, z=4827000-N","EPSG:26917 horizontal; consult metadata for elevation datum and approximation. District subset of source-backed street and bridge context plus mapped LRT rails/platforms and schematic street furniture/vehicles. Respect node scenario metadata: future vehicle symbols are not observed service. Shapes, display widths and inferred elevations are approximate; see public transit-detail provenance. Mapped road paint and associated surfaces follow the corrected crossing profiles with small display offsets. Respect each node's scenario metadata; a combined detail file is not evidence that every included planned feature exists.",,,,,models/context/detail-assets-manifest.json; research/road-crossings/Dependent-surface-correction.json
Scenery context,models/context/lakeview-context.glb,8143800,56db2eafe6cacc4def68c4360e69ba05fb525907753c565325614796ae948739,"Y-up metres; x=E-615000, y=Z-70, z=4827000-N","Road, terrain, park, water and woodland display context from mixed-date City geometry and Ontario elevations; not a survey or final landscape design. The Road Crossings repair preserves original terrain and water arrays and source road outlines, while locally refining road triangles and separating upper decks from lower roads. Bounded ground and river underlays fill exposed crossing cut-outs. Inland water levels are terrain-derived display estimates; Lake Ontario keeps its documented lake level. Native pavement fits and explicitly estimated newer-road profiles remain qualified in the road review; display allowances are not surveyed error bounds.",,Mapped outlines with qualified elevation reconstruction,Existing context display,"existing, construction, future",models/context/context-assets-manifest.json; research/revamp/Inland-water-elevation-repair.json; research/road-crossings/Road-crossings-review.md
Scenery context,models/context/lakeview-details.glb,1476036,939c1287a89564a7b1fe3a2f45f42c7e6a6c229fea7b942267d7e84ab2c3eecd,"Y-up metres; x=E-615000, y=Z-70, z=4827000-N","EPSG:26917 horizontal; consult metadata for elevation datum and approximation. District subset of source-backed street and bridge context plus mapped LRT rails/platforms and schematic street furniture/vehicles. Respect node scenario metadata: future vehicle symbols are not observed service. Shapes, display widths and inferred elevations are approximate; see public transit-detail provenance. Mapped road paint and associated surfaces follow the corrected crossing profiles with small display offsets. Respect each node's scenario metadata; a combined detail file is not evidence that every included planned feature exists.",,,,,models/context/detail-assets-manifest.json; research/road-crossings/Dependent-surface-correction.json
Scenery context,models/context/malton-context.glb,13805744,752d224019f0c9c8cbe4a28b0f669171b93e5afe044485fbb14d561160f76ac4,"Y-up metres; x=E-615000, y=Z-70, z=4827000-N","Road, terrain, park, water and woodland display context from mixed-date City geometry and Ontario elevations; not a survey or final landscape design. The Road Crossings repair preserves original terrain and water arrays and source road outlines, while locally refining road triangles and separating upper decks from lower roads. Bounded ground and river underlays fill exposed crossing cut-outs. Inland water levels are terrain-derived display estimates; Lake Ontario keeps its documented lake level. Native pavement fits and explicitly estimated newer-road profiles remain qualified in the road review; display allowances are not surveyed error bounds.",,Mapped outlines with qualified elevation reconstruction,Existing context display,"existing, construction, future",models/context/context-assets-manifest.json; research/revamp/Inland-water-elevation-repair.json; research/road-crossings/Road-crossings-review.md
Scenery context,models/context/malton-details.glb,4001148,95d7219525d2725d2c97a590903ebf7e03c5bb5b0b249555514f840e09b11f4c,"Y-up metres; x=E-615000, y=Z-70, z=4827000-N","EPSG:26917 horizontal; consult metadata for elevation datum and approximation. District subset of source-backed street and bridge context plus mapped LRT rails/platforms and schematic street furniture/vehicles. Respect node scenario metadata: future vehicle symbols are not observed service. Shapes, display widths and inferred elevations are approximate; see public transit-detail provenance. Mapped road paint and associated surfaces follow the corrected crossing profiles with small display offsets. Respect each node's scenario metadata; a combined detail file is not evidence that every included planned feature exists.",,,,,models/context/detail-assets-manifest.json; research/road-crossings/Dependent-surface-correction.json
Scenery context,models/context/meadowvale-context.glb,29487204,8bc0614ca338ce89ce4870f99c49498656f09bb506c09395e91cdc672fd248ae,"Y-up metres; x=E-615000, y=Z-70, z=4827000-N","Road, terrain, park, water and woodland display context from mixed-date City geometry and Ontario elevations; not a survey or final landscape design. The Road Crossings repair preserves original terrain and water arrays and source road outlines, while locally refining road triangles and separating upper decks from lower roads. Bounded ground and river underlays fill exposed crossing cut-outs. Inland water levels are terrain-derived display estimates; Lake Ontario keeps its documented lake level. Native pavement fits and explicitly estimated newer-road profiles remain qualified in the road review; display allowances are not surveyed error bounds.",,Mapped outlines with qualified elevation reconstruction,Existing context display,"existing, construction, future",models/context/context-assets-manifest.json; research/revamp/Inland-water-elevation-repair.json; research/road-crossings/Road-crossings-review.md
Scenery context,models/context/meadowvale-details.glb,10714996,77acc2e82e5e4e81bb0a6b823c82f84f7cd27666102a59fe9a1095cf5d18f96c,"Y-up metres; x=E-615000, y=Z-70, z=4827000-N","EPSG:26917 horizontal; consult metadata for elevation datum and approximation. District subset of source-backed street and bridge context plus mapped LRT rails/platforms and schematic street furniture/vehicles. Respect node scenario metadata: future vehicle symbols are not observed service. Shapes, display widths and inferred elevations are approximate; see public transit-detail provenance. Mapped road paint and associated surfaces follow the corrected crossing profiles with small display offsets. Respect each node's scenario metadata; a combined detail file is not evidence that every included planned feature exists.",,,,,models/context/detail-assets-manifest.json; research/road-crossings/Dependent-surface-correction.json
Scenery context,models/context/port-credit-context.glb,10536728,fdf37323a6ae8c37103a7cbc8d07202b1d0046d6f115bf6b532a9d9558f84c7d,"Y-up metres; x=E-615000, y=Z-70, z=4827000-N","Road, terrain, park, water and woodland display context from mixed-date City geometry and Ontario elevations; not a survey or final landscape design. The Road Crossings repair preserves original terrain and water arrays and source road outlines, while locally refining road triangles and separating upper decks from lower roads. Bounded ground and river underlays fill exposed crossing cut-outs. Inland water levels are terrain-derived display estimates; Lake Ontario keeps its documented lake level. Native pavement fits and explicitly estimated newer-road profiles remain qualified in the road review; display allowances are not surveyed error bounds.",,Mapped outlines with qualified elevation reconstruction,Existing context display,"existing, construction, future",models/context/context-assets-manifest.json; research/revamp/Inland-water-elevation-repair.json; research/road-crossings/Road-crossings-review.md
Scenery context,models/context/port-credit-details.glb,1282052,6227a7c023201e6d3a7ad5cff5e285e0f75b2146343455af3c6deb17cdafa3e6,"Y-up metres; x=E-615000, y=Z-70, z=4827000-N","EPSG:26917 horizontal; consult metadata for elevation datum and approximation. District subset of source-backed street and bridge context plus mapped LRT rails/platforms and schematic street furniture/vehicles. Respect node scenario metadata: future vehicle symbols are not observed service. Shapes, display widths and inferred elevations are approximate; see public transit-detail provenance. Mapped road paint and associated surfaces follow the corrected crossing profiles with small display offsets. Respect each node's scenario metadata; a combined detail file is not evidence that every included planned feature exists.",,,,,models/context/detail-assets-manifest.json; research/road-crossings/Dependent-surface-correction.json
Scenery context,models/context/streetsville-context.glb,15918988,a34b128418c4dbff7bc8f82ec8dd08d289cf22b1ed55bd203d15ea915b2c1fe1,"Y-up metres; x=E-615000, y=Z-70, z=4827000-N","Road, terrain, park, water and woodland display context from mixed-date City geometry and Ontario elevations; not a survey or final landscape design. The Road Crossings repair preserves original terrain and water arrays and source road outlines, while locally refining road triangles and separating upper decks from lower roads. Bounded ground and river underlays fill exposed crossing cut-outs. Inland water levels are terrain-derived display estimates; Lake Ontario keeps its documented lake level. Native pavement fits and explicitly estimated newer-road profiles remain qualified in the road review; display allowances are not surveyed error bounds.",,Mapped outlines with qualified elevation reconstruction,Existing context display,"existing, construction, future",models/context/context-assets-manifest.json; research/revamp/Inland-water-elevation-repair.json; research/road-crossings/Road-crossings-review.md
Scenery context,models/context/streetsville-details.glb,4096172,a791e30e9f9ea3cd9a30ea4edaa060cbb41db78c08565ff4a72c2655716e79c9,"Y-up metres; x=E-615000, y=Z-70, z=4827000-N","EPSG:26917 horizontal; consult metadata for elevation datum and approximation. District subset of source-backed street and bridge context plus mapped LRT rails/platforms and schematic street furniture/vehicles. Respect node scenario metadata: future vehicle symbols are not observed service. Shapes, display widths and inferred elevations are approximate; see public transit-detail provenance. Mapped road paint and associated surfaces follow the corrected crossing profiles with small display offsets. Respect each node's scenario metadata; a combined detail file is not evidence that every included planned feature exists.",,,,,models/context/detail-assets-manifest.json; research/road-crossings/Dependent-surface-correction.json
Scenery context,models/context/uptown-context.glb,15069824,1832227a6337b2d0092a6dea7aca5481579b4ef1e375eb1c4e838751faeb8020,"Y-up metres; x=E-615000, y=Z-70, z=4827000-N","Road, terrain, park, water and woodland display context from mixed-date City geometry and Ontario elevations; not a survey or final landscape design. The Road Crossings repair preserves original terrain and water arrays and source road outlines, while locally refining road triangles and separating upper decks from lower roads. Bounded ground and river underlays fill exposed crossing cut-outs. Inland water levels are terrain-derived display estimates; Lake Ontario keeps its documented lake level. Native pavement fits and explicitly estimated newer-road profiles remain qualified in the road review; display allowances are not surveyed error bounds.",,Mapped outlines with qualified elevation reconstruction,Existing context display,"existing, construction, future",models/context/context-assets-manifest.json; research/revamp/Inland-water-elevation-repair.json; research/road-crossings/Road-crossings-review.md
Scenery context,models/context/uptown-details.glb,7236960,60d9a573ef55e37a1d725d9cbd4c26563f1587f29129aa8536fbd059fa2d9008,"Y-up metres; x=E-615000, y=Z-70, z=4827000-N","EPSG:26917 horizontal; consult metadata for elevation datum and approximation. District subset of source-backed street and bridge context plus mapped LRT rails/platforms and schematic street furniture/vehicles. Respect node scenario metadata: future vehicle symbols are not observed service. Shapes, display widths and inferred elevations are approximate; see public transit-detail provenance. Mapped road paint and associated surfaces follow the corrected crossing profiles with small display offsets. Respect each node's scenario metadata; a combined detail file is not evidence that every included planned feature exists.",,,,,models/context/detail-assets-manifest.json; research/road-crossings/Dependent-surface-correction.json
Original City district extract,models/districts/airport-corporate.glb,25602464,7c01b8120660d01e1c07dfa06fb3191692ea6c62d3fab520a5f5b3b471fbd174,"Y-up metres; x=E-615000, y=Z-70, z=4827000-N","Provenance-only municipal source snapshot; not the current recommended or repaired model. Use reviewed/reconciled exports and their current replacement metadata. Preserved original district extract, not the reviewed future. Use models/reconciled/districts for reviewed geometry.",,,,,
Original City district extract,models/districts/citywide.glb,25015744,8309b27212df6c01bb87ccabb8a0cb2a367af0585ce43df6864de9036f31d1a1,"Y-up metres; x=E-615000, y=Z-70, z=4827000-N","Provenance-only municipal source snapshot; not the current recommended or repaired model. Use reviewed/reconciled exports and their current replacement metadata. Preserved original district extract, not the reviewed future. Use models/reconciled/districts for reviewed geometry.",,,,,
Original City district extract,models/districts/clarkson.glb,24836776,2d08f814c963e4043ff602e2be7f7982082c0fd8705ab56b246ad29d20c7a69c,"Y-up metres; x=E-615000, y=Z-70, z=4827000-N","Provenance-only municipal source snapshot; not the current recommended or repaired model. Use reviewed/reconciled exports and their current replacement metadata. Preserved original district extract, not the reviewed future. Use models/reconciled/districts for reviewed geometry.",,,,,
Original City district extract,models/districts/cooksville.glb,25087580,643ebb93416c460a1eb76e29958c4c00e51a05575dc9545d4ed92fba48bafae5,"Y-up metres; x=E-615000, y=Z-70, z=4827000-N","Provenance-only municipal source snapshot; not the current recommended or repaired model. Use reviewed/reconciled exports and their current replacement metadata. Preserved original district extract, not the reviewed future. Use models/reconciled/districts for reviewed geometry.",,,,,
Original City district extract,models/districts/dixie-applewood.glb,38982740,e5d6ce7c68bb9acd646f9ffc4f0e02b9327423425ef926ffb9a282ded0a2654b,"Y-up metres; x=E-615000, y=Z-70, z=4827000-N","Provenance-only municipal source snapshot; not the current recommended or repaired model. Use reviewed/reconciled exports and their current replacement metadata. Preserved original district extract, not the reviewed future. Use models/reconciled/districts for reviewed geometry.",,,,,
Original City district extract,models/districts/downtown.glb,59059032,6eb08ecba24ea17685661b6ea040deae3aebd0815278fe4a209e4d44e6e0c0b1,"Y-up metres; x=E-615000, y=Z-70, z=4827000-N","Provenance-only municipal source snapshot; not the current recommended or repaired model. Use reviewed/reconciled exports and their current replacement metadata. Preserved original district extract, not the reviewed future. Use models/reconciled/districts for reviewed geometry.",,,,,
Original City district extract,models/districts/erin-mills.glb,72843020,02f450c459fe945f569899562ebcbad3c663a676fe7c569a1d99f9803aec7d46,"Y-up metres; x=E-615000, y=Z-70, z=4827000-N","Provenance-only municipal source snapshot; not the current recommended or repaired model. Use reviewed/reconciled exports and their current replacement metadata. Preserved original district extract, not the reviewed future. Use models/reconciled/districts for reviewed geometry.",,,,,
Original City district extract,models/districts/erindale.glb,45022300,5152af1e06a1dfbe4bf8e953f444bfee91fdc916cf8e0f82f073d60fa2e64e77,"Y-up metres; x=E-615000, y=Z-70, z=4827000-N","Provenance-only municipal source snapshot; not the current recommended or repaired model. Use reviewed/reconciled exports and their current replacement metadata. Preserved original district extract, not the reviewed future. Use models/reconciled/districts for reviewed geometry.",,,,,
Original City district extract,models/districts/heartland.glb,45327300,366987935015777130aee86006a2eebc1f743ca0c58bfcbf30540b6f13df6a85,"Y-up metres; x=E-615000, y=Z-70, z=4827000-N","Provenance-only municipal source snapshot; not the current recommended or repaired model. Use reviewed/reconciled exports and their current replacement metadata. Preserved original district extract, not the reviewed future. Use models/reconciled/districts for reviewed geometry.",,,,,
Original City district extract,models/districts/lakeview.glb,14977900,6485e39a245e3736863ce7b050a797ff62389733c737123afdc7a8673d82c0d7,"Y-up metres; x=E-615000, y=Z-70, z=4827000-N","Provenance-only municipal source snapshot; not the current recommended or repaired model. Use reviewed/reconciled exports and their current replacement metadata. Preserved original district extract, not the reviewed future. Use models/reconciled/districts for reviewed geometry.",,,,,
Original City district extract,models/districts/malton.glb,19726968,127770b449b984ab700d2d5b7df5be4094e70216b364a53c56b06c315de61ff6,"Y-up metres; x=E-615000, y=Z-70, z=4827000-N","Provenance-only municipal source snapshot; not the current recommended or repaired model. Use reviewed/reconciled exports and their current replacement metadata. Preserved original district extract, not the reviewed future. Use models/reconciled/districts for reviewed geometry.",,,,,
Original City district extract,models/districts/meadowvale.glb,69293820,0fb8cd7e6cd4b5365b1b2343006bedc027f25f6fffa367672e9d8a69436c4c92,"Y-up metres; x=E-615000, y=Z-70, z=4827000-N","Provenance-only municipal source snapshot; not the current recommended or repaired model. Use reviewed/reconciled exports and their current replacement metadata. Preserved original district extract, not the reviewed future. Use models/reconciled/districts for reviewed geometry.",,,,,
Original City district extract,models/districts/port-credit.glb,16878124,991e9f870d73068872c24d69fa0d92419937aa4d5adc400ce0c948096d95badf,"Y-up metres; x=E-615000, y=Z-70, z=4827000-N","Provenance-only municipal source snapshot; not the current recommended or repaired model. Use reviewed/reconciled exports and their current replacement metadata. Preserved original district extract, not the reviewed future. Use models/reconciled/districts for reviewed geometry.",,,,,
Original City district extract,models/districts/streetsville.glb,42571532,bddf2d5eb574fa073a5d4c8183c555ef9e47330097b49eb30f69fe21bc417886,"Y-up metres; x=E-615000, y=Z-70, z=4827000-N","Provenance-only municipal source snapshot; not the current recommended or repaired model. Use reviewed/reconciled exports and their current replacement metadata. Preserved original district extract, not the reviewed future. Use models/reconciled/districts for reviewed geometry.",,,,,
Original City district extract,models/districts/uptown.glb,43982804,6fc0341befc5d2db0cc400f736cbd20baa41c73fb356e160e85f286d1f9d95c4,"Y-up metres; x=E-615000, y=Z-70, z=4827000-N","Provenance-only municipal source snapshot; not the current recommended or repaired model. Use reviewed/reconciled exports and their current replacement metadata. Preserved original district extract, not the reviewed future. Use models/reconciled/districts for reviewed geometry.",,,,,
Reviewed district window,models/reconciled/districts/airport-corporate.glb,25597736,5a7454ccb328ac5d537ded8869c2aea879c409b234ae2cfebb00a7f28e6e4f99,"Y-up metres; x=E-615000, y=Z-70, z=4827000-N",EPSG:26917 horizontal; consult metadata for elevation datum and approximation. Reviewed municipal source geometry with status and component exclusions. Current plan-derived replacements and construction-only subsets are separate supplements governed by the public refinement register. Source capture dates and architectural detail vary.,,,,,
Reviewed district window,models/reconciled/districts/citywide.glb,47866104,6e5b1bfeb9a6a38fec8bf4c5feb2f4117920432c2633eec0623b075e05aef53d,"Y-up metres; x=E-615000, y=Z-70, z=4827000-N",EPSG:26917 horizontal; consult metadata for elevation datum and approximation. Reviewed municipal source geometry with status and component exclusions. Current plan-derived replacements and construction-only subsets are separate supplements governed by the public refinement register. Source capture dates and architectural detail vary.,,,,,
Reviewed district window,models/reconciled/districts/clarkson.glb,24842308,1318640af3f1df39f58da7e72d64532409934230dae71cf764d0554a4e9c5d8b,"Y-up metres; x=E-615000, y=Z-70, z=4827000-N",EPSG:26917 horizontal; consult metadata for elevation datum and approximation. Reviewed municipal source geometry with status and component exclusions. Current plan-derived replacements and construction-only subsets are separate supplements governed by the public refinement register. Source capture dates and architectural detail vary.,,,,,
Reviewed district window,models/reconciled/districts/cooksville.glb,25901156,9475d1663c8b85d15b905c209f88ce70b34dfeb3610362d3e1c5a8543a8c052a,"Y-up metres; x=E-615000, y=Z-70, z=4827000-N",EPSG:26917 horizontal; consult metadata for elevation datum and approximation. Reviewed municipal source geometry with status and component exclusions. Current plan-derived replacements and construction-only subsets are separate supplements governed by the public refinement register. Source capture dates and architectural detail vary.,,,,,
Reviewed district window,models/reconciled/districts/dixie-applewood.glb,38996148,93f52eca872738a58c67f3e227c5406fdba47528bc773863ddcfcb4d121ae2f4,"Y-up metres; x=E-615000, y=Z-70, z=4827000-N",EPSG:26917 horizontal; consult metadata for elevation datum and approximation. Reviewed municipal source geometry with status and component exclusions. Current plan-derived replacements and construction-only subsets are separate supplements governed by the public refinement register. Source capture dates and architectural detail vary.,,,,,
Reviewed district window,models/reconciled/districts/downtown.glb,60556324,57b7a8df1b259bc84f2e0d549115d200de30ddc01f73e4d5108d93fca30ba7c0,"Y-up metres; x=E-615000, y=Z-70, z=4827000-N",EPSG:26917 horizontal; consult metadata for elevation datum and approximation. Reviewed municipal source geometry with status and component exclusions. Current plan-derived replacements and construction-only subsets are separate supplements governed by the public refinement register. Source capture dates and architectural detail vary.,,,,,
Reviewed district window,models/reconciled/districts/erin-mills.glb,72767780,29e484439d98fa5eeff78f4f9401cd5c449561447e512ae84861d23771ba535a,"Y-up metres; x=E-615000, y=Z-70, z=4827000-N",EPSG:26917 horizontal; consult metadata for elevation datum and approximation. Reviewed municipal source geometry with status and component exclusions. Current plan-derived replacements and construction-only subsets are separate supplements governed by the public refinement register. Source capture dates and architectural detail vary.,,,,,
Reviewed district window,models/reconciled/districts/erindale.glb,44976552,69e86b19031dd1c2a32c01ebdba84d21a96432684f2f9f4442b7868716aed1b3,"Y-up metres; x=E-615000, y=Z-70, z=4827000-N",EPSG:26917 horizontal; consult metadata for elevation datum and approximation. Reviewed municipal source geometry with status and component exclusions. Current plan-derived replacements and construction-only subsets are separate supplements governed by the public refinement register. Source capture dates and architectural detail vary.,,,,,
Reviewed district window,models/reconciled/districts/heartland.glb,45307356,5fc87bbf4b598fc36918c1caf29efd31ad72073fe6256fb87677e3475d1a8ccc,"Y-up metres; x=E-615000, y=Z-70, z=4827000-N",EPSG:26917 horizontal; consult metadata for elevation datum and approximation. Reviewed municipal source geometry with status and component exclusions. Current plan-derived replacements and construction-only subsets are separate supplements governed by the public refinement register. Source capture dates and architectural detail vary.,,,,,
Reviewed district window,models/reconciled/districts/lakeview.glb,24055396,9f0e64e989da10bf47f74631cc27fd1b025dc8db45f966f5c97221affea3c9f9,"Y-up metres; x=E-615000, y=Z-70, z=4827000-N",EPSG:26917 horizontal; consult metadata for elevation datum and approximation. Reviewed municipal source geometry with status and component exclusions. Current plan-derived replacements and construction-only subsets are separate supplements governed by the public refinement register. Source capture dates and architectural detail vary.,,,,,
Reviewed district window,models/reconciled/districts/malton.glb,19724140,5bddc31efc8672cc40c71c698d2af77f077491a1f30ca411ad92b708d55abb8b,"Y-up metres; x=E-615000, y=Z-70, z=4827000-N",EPSG:26917 horizontal; consult metadata for elevation datum and approximation. Reviewed municipal source geometry with status and component exclusions. Current plan-derived replacements and construction-only subsets are separate supplements governed by the public refinement register. Source capture dates and architectural detail vary.,,,,,
Reviewed district window,models/reconciled/districts/meadowvale.glb,69284188,dde16ee8528e99eb6bc186414d0c40ae37af899e76d05d7921846a4f3fdef329,"Y-up metres; x=E-615000, y=Z-70, z=4827000-N",EPSG:26917 horizontal; consult metadata for elevation datum and approximation. Reviewed municipal source geometry with status and component exclusions. Current plan-derived replacements and construction-only subsets are separate supplements governed by the public refinement register. Source capture dates and architectural detail vary.,,,,,
Reviewed district window,models/reconciled/districts/port-credit.glb,28491520,e1eba5ce7a618eb05cba6dacf9aac0f3582674a6e9a1aebf7c07542bca361624,"Y-up metres; x=E-615000, y=Z-70, z=4827000-N",EPSG:26917 horizontal; consult metadata for elevation datum and approximation. Reviewed municipal source geometry with status and component exclusions. Current plan-derived replacements and construction-only subsets are separate supplements governed by the public refinement register. Source capture dates and architectural detail vary.,,,,,
Reviewed district window,models/reconciled/districts/streetsville.glb,42574344,31740db307647d18c8affe753edb282009ea880e39a43e0cd7b4910f1ce595e3,"Y-up metres; x=E-615000, y=Z-70, z=4827000-N",EPSG:26917 horizontal; consult metadata for elevation datum and approximation. Reviewed municipal source geometry with status and component exclusions. Current plan-derived replacements and construction-only subsets are separate supplements governed by the public refinement register. Source capture dates and architectural detail vary.,,,,,
Reviewed district window,models/reconciled/districts/uptown.glb,45329740,b25c8ff0bb6beb2c5b46524cf13da11d21d105adcc97fad66b73f09414fd4870,"Y-up metres; x=E-615000, y=Z-70, z=4827000-N",EPSG:26917 horizontal; consult metadata for elevation datum and approximation. Reviewed municipal source geometry with status and component exclusions. Current plan-derived replacements and construction-only subsets are separate supplements governed by the public refinement register. Source capture dates and architectural detail vary.,,,,,
Reviewed City conversion,models/reconciled/tile-101.glb,16075660,d126e048219b2f19d5bb06a6844b857f67d9a5b3275aa407dc505b88c73dbc06,"Y-up metres; x=E-615000, y=Z-70, z=4827000-N",EPSG:26917 horizontal; consult metadata for elevation datum and approximation. Reviewed municipal source geometry with status and component exclusions. Current plan-derived replacements and construction-only subsets are separate supplements governed by the public refinement register. Source capture dates and architectural detail vary.,,,,,
Reviewed City conversion,models/reconciled/tile-102.glb,39089680,a6af60ada6c74a467ef2e58dd26c9e6740cdf939cf05438e7d6be3e7a1174de1,"Y-up metres; x=E-615000, y=Z-70, z=4827000-N",EPSG:26917 horizontal; consult metadata for elevation datum and approximation. Reviewed municipal source geometry with status and component exclusions. Current plan-derived replacements and construction-only subsets are separate supplements governed by the public refinement register. Source capture dates and architectural detail vary.,,,,,
Reviewed City conversion,models/reconciled/tile-103.glb,3893160,ca101bd75f6570d253204025ab1b6b2ed82776072b94618556e715c3e8c7a902,"Y-up metres; x=E-615000, y=Z-70, z=4827000-N",EPSG:26917 horizontal; consult metadata for elevation datum and approximation. Reviewed municipal source geometry with status and component exclusions. Current plan-derived replacements and construction-only subsets are separate supplements governed by the public refinement register. Source capture dates and architectural detail vary.,,,,,
Reviewed City conversion,models/reconciled/tile-11.glb,21216208,88671b6541de5608281c39657cd6052ff73d59360a920af65257ac3eae45dc15,"Y-up metres; x=E-615000, y=Z-70, z=4827000-N",EPSG:26917 horizontal; consult metadata for elevation datum and approximation. Reviewed municipal source geometry with status and component exclusions. Current plan-derived replacements and construction-only subsets are separate supplements governed by the public refinement register. Source capture dates and architectural detail vary.,,,,,
Reviewed City conversion,models/reconciled/tile-12.glb,63902200,1df67180e0d744eacb20a37d163a59c3b8e1b53b474393277474f6d4295e0358,"Y-up metres; x=E-615000, y=Z-70, z=4827000-N",EPSG:26917 horizontal; consult metadata for elevation datum and approximation. Reviewed municipal source geometry with status and component exclusions. Current plan-derived replacements and construction-only subsets are separate supplements governed by the public refinement register. Source capture dates and architectural detail vary.,,,,,
Reviewed City conversion,models/reconciled/tile-13.glb,44286044,a8ebdfcce18c2383a05d6ca207a9e9b50eff8ec66a22edd0b099ad491bd8b3e5,"Y-up metres; x=E-615000, y=Z-70, z=4827000-N",EPSG:26917 horizontal; consult metadata for elevation datum and approximation. Reviewed municipal source geometry with status and component exclusions. Current plan-derived replacements and construction-only subsets are separate supplements governed by the public refinement register. Source capture dates and architectural detail vary.,,,,,
Reviewed City conversion,models/reconciled/tile-21.glb,16133180,6b31dc7f44fd4d413b9bc0fac91c9f92b3ddd94ceac3c4c04f334ed34f666b74,"Y-up metres; x=E-615000, y=Z-70, z=4827000-N",EPSG:26917 horizontal; consult metadata for elevation datum and approximation. Reviewed municipal source geometry with status and component exclusions. Current plan-derived replacements and construction-only subsets are separate supplements governed by the public refinement register. Source capture dates and architectural detail vary.,,,,,
Reviewed City conversion,models/reconciled/tile-22.glb,54268552,4642cba8d3704bf9feca24951e1338b1b1e7e158a52a632121b35bdbc6bafda3,"Y-up metres; x=E-615000, y=Z-70, z=4827000-N",EPSG:26917 horizontal; consult metadata for elevation datum and approximation. Reviewed municipal source geometry with status and component exclusions. Current plan-derived replacements and construction-only subsets are separate supplements governed by the public refinement register. Source capture dates and architectural detail vary.,,,,,
Reviewed City conversion,models/reconciled/tile-23.glb,28479252,52117685fc7f35813212ef29a1011046a85aabdd0bc29a1f7940121ba1fc3157,"Y-up metres; x=E-615000, y=Z-70, z=4827000-N",EPSG:26917 horizontal; consult metadata for elevation datum and approximation. Reviewed municipal source geometry with status and component exclusions. Current plan-derived replacements and construction-only subsets are separate supplements governed by the public refinement register. Source capture dates and architectural detail vary.,,,,,
Reviewed City conversion,models/reconciled/tile-31.glb,2533508,894bf3f4061dd79708062b628f362b04e0e15e6b3ada7e15263e7f179cacf0c6,"Y-up metres; x=E-615000, y=Z-70, z=4827000-N",EPSG:26917 horizontal; consult metadata for elevation datum and approximation. Reviewed municipal source geometry with status and component exclusions. Current plan-derived replacements and construction-only subsets are separate supplements governed by the public refinement register. Source capture dates and architectural detail vary.,,,,,
Reviewed City conversion,models/reconciled/tile-32.glb,12251328,37c1f71f251057fecc7fd9d308515d1dab45631e20121817516cf3e62c70a097,"Y-up metres; x=E-615000, y=Z-70, z=4827000-N",EPSG:26917 horizontal; consult metadata for elevation datum and approximation. Reviewed municipal source geometry with status and component exclusions. Current plan-derived replacements and construction-only subsets are separate supplements governed by the public refinement register. Source capture dates and architectural detail vary.,,,,,
Reviewed City conversion,models/reconciled/tile-33.glb,21881104,ca676eaeacf45d465676e23ae495d77351ec07465c02ec399464221bcb32f4c9,"Y-up metres; x=E-615000, y=Z-70, z=4827000-N",EPSG:26917 horizontal; consult metadata for elevation datum and approximation. Reviewed municipal source geometry with status and component exclusions. Current plan-derived replacements and construction-only subsets are separate supplements governed by the public refinement register. Source capture dates and architectural detail vary.,,,,,
Reviewed City conversion,models/reconciled/tile-41.glb,23123944,6b83c1bf3c01faae01afe889a313108ae3625ef88947d6d8f80dfa6ba69a1528,"Y-up metres; x=E-615000, y=Z-70, z=4827000-N",EPSG:26917 horizontal; consult metadata for elevation datum and approximation. Reviewed municipal source geometry with status and component exclusions. Current plan-derived replacements and construction-only subsets are separate supplements governed by the public refinement register. Source capture dates and architectural detail vary.,,,,,
Reviewed City conversion,models/reconciled/tile-42.glb,10175072,760bdc265df5b7e106f52db76a411ba17c093199d3c87648b2c66df4be0e699b,"Y-up metres; x=E-615000, y=Z-70, z=4827000-N",EPSG:26917 horizontal; consult metadata for elevation datum and approximation. Reviewed municipal source geometry with status and component exclusions. Current plan-derived replacements and construction-only subsets are separate supplements governed by the public refinement register. Source capture dates and architectural detail vary.,,,,,
Reviewed City conversion,models/reconciled/tile-43.glb,5328028,de909056d118e4d0606c50d64c778d7ba1fa79f78a095711721946aeccd3a339,"Y-up metres; x=E-615000, y=Z-70, z=4827000-N",EPSG:26917 horizontal; consult metadata for elevation datum and approximation. Reviewed municipal source geometry with status and component exclusions. Current plan-derived replacements and construction-only subsets are separate supplements governed by the public refinement register. Source capture dates and architectural detail vary.,,,,,
Reviewed City conversion,models/reconciled/tile-51.glb,24382340,cb58560ac50e93d04bf5059c8caf2d3e62bde8ab3496b526a547ebcd966af72e,"Y-up metres; x=E-615000, y=Z-70, z=4827000-N",EPSG:26917 horizontal; consult metadata for elevation datum and approximation. Reviewed municipal source geometry with status and component exclusions. Current plan-derived replacements and construction-only subsets are separate supplements governed by the public refinement register. Source capture dates and architectural detail vary.,,,,,
Reviewed City conversion,models/reconciled/tile-52.glb,21564980,2200760cdb3d2dc95b1d48b1564469950a771c4cf132513e68650834e2931262,"Y-up metres; x=E-615000, y=Z-70, z=4827000-N",EPSG:26917 horizontal; consult metadata for elevation datum and approximation. Reviewed municipal source geometry with status and component exclusions. Current plan-derived replacements and construction-only subsets are separate supplements governed by the public refinement register. Source capture dates and architectural detail vary.,,,,,
Reviewed City conversion,models/reconciled/tile-53.glb,11538848,9a5e4c45b261837ed86923bc9772f25d576ef931c9e0a4eb324f5e85d0ffb01b,"Y-up metres; x=E-615000, y=Z-70, z=4827000-N",EPSG:26917 horizontal; consult metadata for elevation datum and approximation. Reviewed municipal source geometry with status and component exclusions. Current plan-derived replacements and construction-only subsets are separate supplements governed by the public refinement register. Source capture dates and architectural detail vary.,,,,,
Reviewed City conversion,models/reconciled/tile-61.glb,11703964,4a3ab30eb18375e762fcd8b87098af84f277fa8232232f872c0e42fa91d40102,"Y-up metres; x=E-615000, y=Z-70, z=4827000-N",EPSG:26917 horizontal; consult metadata for elevation datum and approximation. Reviewed municipal source geometry with status and component exclusions. Current plan-derived replacements and construction-only subsets are separate supplements governed by the public refinement register. Source capture dates and architectural detail vary.,,,,,
Reviewed City conversion,models/reconciled/tile-62.glb,21996840,4de67062f90253154b5eafda3b057898c1f4a230da1f89e0f65f3d39827873e3,"Y-up metres; x=E-615000, y=Z-70, z=4827000-N",EPSG:26917 horizontal; consult metadata for elevation datum and approximation. Reviewed municipal source geometry with status and component exclusions. Current plan-derived replacements and construction-only subsets are separate supplements governed by the public refinement register. Source capture dates and architectural detail vary.,,,,,
Reviewed City conversion,models/reconciled/tile-63.glb,62017020,136b001c03b764bfd180f916f15dcb56ec6068bcd1467ce46bade1dd6f77c6e0,"Y-up metres; x=E-615000, y=Z-70, z=4827000-N",EPSG:26917 horizontal; consult metadata for elevation datum and approximation. Reviewed municipal source geometry with status and component exclusions. Current plan-derived replacements and construction-only subsets are separate supplements governed by the public refinement register. Source capture dates and architectural detail vary.,,,,,
Reviewed City conversion,models/reconciled/tile-71.glb,20760812,4e29354964f89440a3eda118e52765e802eda64534df25447a981ce9cfb78964,"Y-up metres; x=E-615000, y=Z-70, z=4827000-N",EPSG:26917 horizontal; consult metadata for elevation datum and approximation. Reviewed municipal source geometry with status and component exclusions. Current plan-derived replacements and construction-only subsets are separate supplements governed by the public refinement register. Source capture dates and architectural detail vary.,,,,,
Reviewed City conversion,models/reconciled/tile-72.glb,27294392,32f540d3220df1ab5a5a90f233f0be84f2e269d976948727c3885db4b6347347,"Y-up metres; x=E-615000, y=Z-70, z=4827000-N",EPSG:26917 horizontal; consult metadata for elevation datum and approximation. Reviewed municipal source geometry with status and component exclusions. Current plan-derived replacements and construction-only subsets are separate supplements governed by the public refinement register. Source capture dates and architectural detail vary.,,,,,
Reviewed City conversion,models/reconciled/tile-73.glb,17302516,1787396c8d95ae900c1ff767869a26bd4c2cf4d4268715b4663319e29a690ca3,"Y-up metres; x=E-615000, y=Z-70, z=4827000-N",EPSG:26917 horizontal; consult metadata for elevation datum and approximation. Reviewed municipal source geometry with status and component exclusions. Current plan-derived replacements and construction-only subsets are separate supplements governed by the public refinement register. Source capture dates and architectural detail vary.,,,,,
Reviewed City conversion,models/reconciled/tile-81.glb,11786848,558aa37762b0f86348bafc88c5631c91f040c70b3a730c041b7ace419d1451b9,"Y-up metres; x=E-615000, y=Z-70, z=4827000-N",EPSG:26917 horizontal; consult metadata for elevation datum and approximation. Reviewed municipal source geometry with status and component exclusions. Current plan-derived replacements and construction-only subsets are separate supplements governed by the public refinement register. Source capture dates and architectural detail vary.,,,,,
Reviewed City conversion,models/reconciled/tile-82.glb,18775916,c3cbfc28eb48303f9e2590e532acb301082eb437927a9fb2cc1c3e84b541dc35,"Y-up metres; x=E-615000, y=Z-70, z=4827000-N",EPSG:26917 horizontal; consult metadata for elevation datum and approximation. Reviewed municipal source geometry with status and component exclusions. Current plan-derived replacements and construction-only subsets are separate supplements governed by the public refinement register. Source capture dates and architectural detail vary.,,,,,
Reviewed City conversion,models/reconciled/tile-83.glb,8378812,b4db48946c4fcdcb21f74b30ccb8ffd6f701e7552e1e8a4be24c14be94dd43b0,"Y-up metres; x=E-615000, y=Z-70, z=4827000-N",EPSG:26917 horizontal; consult metadata for elevation datum and approximation. Reviewed municipal source geometry with status and component exclusions. Current plan-derived replacements and construction-only subsets are separate supplements governed by the public refinement register. Source capture dates and architectural detail vary.,,,,,
Reviewed City conversion,models/reconciled/tile-91.glb,19666552,4e1e3adb9ba82b4f482e8f3fb40baefa434a8e924ae283f91822ce7ea81e57be,"Y-up metres; x=E-615000, y=Z-70, z=4827000-N",EPSG:26917 horizontal; consult metadata for elevation datum and approximation. Reviewed municipal source geometry with status and component exclusions. Current plan-derived replacements and construction-only subsets are separate supplements governed by the public refinement register. Source capture dates and architectural detail vary.,,,,,
Reviewed City conversion,models/reconciled/tile-92.glb,38088628,32b56f2faeeddbd3aacd4c68f6eac0a692ecca5b617cc346b9fb6bd2ee7bdbde,"Y-up metres; x=E-615000, y=Z-70, z=4827000-N",EPSG:26917 horizontal; consult metadata for elevation datum and approximation. Reviewed municipal source geometry with status and component exclusions. Current plan-derived replacements and construction-only subsets are separate supplements governed by the public refinement register. Source capture dates and architectural detail vary.,,,,,
Reviewed City conversion,models/reconciled/tile-93.glb,5348180,02ab152ad56b5e1e4563ebaaffbc79e28b4d895c8409f7b4ff595e439524691b,"Y-up metres; x=E-615000, y=Z-70, z=4827000-N",EPSG:26917 horizontal; consult metadata for elevation datum and approximation. Reviewed municipal source geometry with status and component exclusions. Current plan-derived replacements and construction-only subsets are separate supplements governed by the public refinement register. Source capture dates and architectural detail vary.,,,,,
Detailed or plan-derived supplement,models/supplemental/community-revision/cooksville-toc-sep2026-envelopes.glb,6016,8b789047ed040b51b3b47a48148840ddbe7be556630cd7251832b349b05f39fc,"Y-up metres; x=E-615000, y=Z-70, z=4827000-N","Storeys and footprint arrangement are the current proposal. No current metre elevations or native DWG have been received. Vertical estimates use older phase-specific 3 m residential spacing and published maximums. Allow roughly ±5 m; this is an illustrative allowance, not survey confidence. Podiums, rooftop plant and facades are omitted. This is a future proposal, not approval or construction. Storeys and footprint arrangement are the current proposal. No current metre elevations or native DWG have been received. Vertical estimates use older phase-specific 3 m residential spacing and published maximums. Allow roughly ±5 m; this is an illustrative allowance, not survey confidence. Podiums, rooftop plant and facades are omitted. This is a future proposal, not approval or construction.",cooksville-toc,"September 2026 primary-plan tower outlines, seven approximate vertical envelopes; podiums and facades omitted",Uncertain,future,data/refinement-models.json
Detailed or plan-derived supplement,models/supplemental/community-revision/emtc-northwest-2026-settlement.glb,19636,85863c257078ad51429b777ba1da04b1b3f4fbfeec1c2fb799f296b58ec5e810,"Y-up metres; x=E-615000, y=Z-70, z=4827000-N","New metric elevation drawings were not supplied in the August subdivision set. All roof, podium and mechanical heights are source-based estimates, not approved 2026 metric dimensions. Two unchanged daylight-triangle corners transfer the revised plan to the old plan; eight City tower controls register the old plan at maximum residual 0.1431 m. Allow 2 m placement tolerance because the plan is conceptual and control definition is not a survey. Proposed first-floor elevations A–E/G/H are from the July 24 2026 grading sheet. F1/F2 remain unspecified (FFE VARIES); old source base levels are estimates. No construction schedule or completion date is verified. Future site-plan submissions may refine the forms. The 2024 City component set is replaced only in the future scenario; retain the source data as provenance. Private outdoor amenities, entrances, balconies, windows, streets and final park landscaping are omitted because new detailed drawings are not supplied. Replacement IDs and scenario scope are recorded in the current model manifest.",emtc-northwest,"Published 2026 vector-plan footprints, nine tower/podium envelopes with C/D shoulders and mechanical roof footprints; heights estimated from previous elevation intervals. No facade reconstruction.",Proposed,future,data/refinement-models.json
Detailed or plan-derived supplement,models/supplemental/community-revision/perla-towers-source-envelope.glb,7108,379db83d72717600e4f24c6d5ba0558d9186979a0a079e73698eb7a3b3dc0994,"Y-up metres; x=E-615000, y=Z-70, z=4827000-N","The City confirms 15 and 34 storeys. The 111.9 m tall envelope is an unverified published catalogue value; the 53 m shorter envelope and 12 m podium are illustrative estimates. Allow roughly ±5 m, not survey confidence. Plan registration relates older source contours to the 2024 mapped podium. Exact current balconies, roof plant and facade details are not reconstructed. The Ontario 2023 DSM catalog record returned NoData here; no LiDAR-derived building height is claimed. The seven native municipal scene leaves inspected around this site did not contain these two towers. No existing source IDs are suppressed. The City confirms 15 and 34 storeys. The 111.9 m tall envelope is an unverified published catalogue value; the 53 m shorter envelope and 12 m podium are illustrative estimates. Allow roughly ±5 m, not survey confidence. Plan registration relates older source contours to the 2024 mapped podium. Exact current balconies, roof plant and facade details are not reconstructed. The Ontario 2023 DSM catalog record returned NoData here; no LiDAR-derived building height is claimed. The seven native municipal scene leaves inspected around this site did not contain these two towers. No existing source IDs are suppressed.",perla-towers,Existing Perla pair: mapped 2024 podium and traced 2017 tower plates; approximate vertical envelopes,Existing,"existing, construction, future",data/refinement-models.json
Detailed or plan-derived supplement,models/supplemental/exchange-exs-completed-textured.glb,1436592,5bba6e1c25b200c5940a215d822e108835365deb008fe1f414ddfbb2b3b721da,"Y-up metres; x=E-615000, y=Z-70, z=4827000-N",EPSG:26917 horizontal; consult metadata for elevation datum and approximation. Completed EXS subset extracted from native City textured design geometry. Do not duplicate with the EXS triangles in the combined phase-aware model. The adjoining podium retains uncertainty where phase identity is not established.,,,,,
Detailed or plan-derived supplement,models/supplemental/exchange-textured-phase-aware.glb,13805756,2ebd17feb79c742925cc7b27eb0a91840a9b0027ddcdf5a5bf427c1d85c411ce,"Y-up metres; x=E-615000, y=Z-70, z=4827000-N",EPSG:26917 horizontal; consult metadata for elevation datum and approximation. Native City textured design geometry with EXS classified as completed and remaining development separated by status. Full planned EX1/EX2/EX3 forms are not current construction-height evidence. Do not duplicate with the original combined model or separate EXS subset.,,,,,https://rentexs.com/; https://urbantoronto.ca/news/2025/05/colour-coming-mississauga-skyline-exchange-district-crowns.58641; https://urbantoronto.ca/news/2024/12/mississaugas-high-point-passes-exchange-district-condos.57488
Detailed or plan-derived supplement,models/supplemental/exchange-textured.glb,11227648,37f0d930ea1d2aff77a4bdb28f0d30d78971d4cf2b080ed8b0f5728b2c09372b,"Y-up metres; x=E-615000, y=Z-70, z=4827000-N","EPSG:26917 horizontal; consult metadata for elevation datum and approximation. Original combined native City textured design geometry. Full shapes are design envelopes, not proof of completion. Do not load simultaneously with the phase-aware copy or its EXS subset; those duplicate source triangles. Original texture/UV geometry is preserved.",,,,,
Detailed or plan-derived supplement,models/supplemental/mcity-m3-height-reference.glb,2476,3706c9809cbdf0580d3cfd71acdda7f0dace4650726c71a196633c8083dd0c7f,"Y-up metres; x=E-615000, y=Z-70, z=4827000-N","EPSG:26917 horizontal; consult metadata for elevation datum and approximation. Optional height-reference marker at the published 260.29 m architectural maximum. This is a reference symbol, not physical roof, steel or a spire; exclude from beauty renders.",,,,,
Detailed or plan-derived supplement,models/supplemental/mcity-m3-upper-envelope.glb,5060,dc378b8747e4c119f8bee2bb6388217db0303cdf0c1310484217c33b7bc283c0,"Y-up metres; x=E-615000, y=Z-70, z=4827000-N","EPSG:26917 horizontal; consult metadata for elevation datum and approximation. Illustrative interpolation between published developer floor-plan outlines, stopping at estimated floor 74. Assumed level elevations have ±15 m vertical uncertainty, with ±4 m contour and ±5 m placement uncertainty. The flat cap is not a roof. Load with unchanged municipal component 63-6249 and the separate approximate crown supplement; this file itself contains no crown.",mcity-3,plan-derived interpolated upper envelope; crown not modelled,topped-out-partially-occupied,,https://mcitycondos.com/assets/img/condominiums/m3/floorplans/M3_2.pdf; https://andrewfisher.ca/portfolio/m3-at-mcity/; https://www.mcitycondos.com/construction.php
Detailed or plan-derived supplement,models/supplemental/mcity-m4-plan-derived.glb,9384,4a2a1a170015c70731584f96a6e1d77124f70bc699515312e5d2e3d83dab5c57,"Y-up metres; x=E-615000, y=Z-70, z=4827000-N",EPSG:26917 horizontal; consult metadata for elevation datum and approximation. Traced S-shaped 926 m² tower envelope using the published 215.65 m maximum and 27.95 m podium. Placement approximately ±10 m; profile/grade uncertainties remain documented. Exact facade and detailed crown articulation are not reconstructed. Full future form; the separate dated level-41 asset is used for recorded construction.,mcity-4,plan-derived schematic; not exact facade,,,https://www.corearchitects.com/project/m4-condominium/; https://urbantoronto.ca/forum/attachments/1590440570442-png.247627/; https://urbantoronto.ca/forum/attachments/1590441499107-png.247634/; https://urbantoronto.ca/forum/attachments/1590441140538-png.247631/; https://cameronmiller.ca/wp-content/uploads/2021/06/MCity-Phase-4-Floorplan-and-price-list.pdf; https://mcitycondos.com/assets/brochures/M4-M-City-Condominiums.pdf
Detailed or plan-derived supplement,models/supplemental/pearson-airfield-context.glb,1000736,61c48b212be958c7aade272a18e2c1ab2f0adce5dbddb7b7669ee07215e512a8,"Y-up metres; x=E-615000, y=Z-70, z=4827000-N","EPSG:26917 horizontal; consult metadata for elevation datum and approximation. Publicly mapped runway and partial apron/taxiway context. Coverage, elevation and surface treatment are illustrative, not current airport engineering or an aviation navigation product.",,,,,
Detailed or plan-derived supplement,models/supplemental/refinement-downtown/cooksville-toc-2025-tower-envelopes.glb,16484,9509a7705840cbbb7dcb9a8b7efe4ea4dd680ae8914196ea263c410f61550a22,"Y-up metres; x=E-615000, y=Z-70, z=4827000-N","dated 2025 plan-derived approximate tower envelopes; podiums and facades omitted Dated September–October 2025 Cooksville TOC tower-envelope study. The current September 2026 IO page increases the homes total to approximately 3,170; a matching revised architectural set is not publicly provided. Towers use digitised primary site-plan outlines. Four maximum heights follow published project reports; four intermediate heights are measured from official orthogonal elevations, with estimated ±3 m uncertainty. Exact podiums, rooftop plant and facades are omitted; this is not the latest confirmed architectural design or current construction. Current 2026 revision detail unavailable; reflects 2025 public concept. Estimated ±8 m placement and ±2 m digitised contours; four intermediate heights have ±3 m interpretation uncertainty. Podium, rooftop plant and facade details omitted; simple envelopes extend to reported maximum. No measured current construction height established.",cooksville-toc,dated 2025 plan-derived approximate tower envelopes; podiums and facades omitted,Uncertain,future,research/refinement-models.json; https://www.infrastructureontario.ca/48f8a0/contentassets/e44b38c8189641c2aa193899c6727b3d/2025-09-25_cooksville-toc_planning-justification-report.pdf; https://www.infrastructureontario.ca/4ab5dd/globalassets/2025-10-30_cooksville_virtual-open-house_final_aoda.pdf; https://urbantoronto.ca/news/2025/10/3000-units-planned-8-towers-cooksville-go-and-lrt.59635; https://www.infrastructureontario.ca/en/what-we-do/projectssearch/cooksville-go-transit-oriented-community/
Detailed or plan-derived supplement,models/supplemental/refinement-downtown/mcity-m3-crown-silhouette.glb,20252,fba3afd818534ba6152bf436bd6d15970a57810d6dbee9bb3be01a299940bb13,"Y-up metres; x=E-615000, y=Z-70, z=4827000-N","Approximate photo-and-plan-derived crown silhouette, not measured roof geometry. Six parallel strips simplify five visible risers in July 2026 photos. The overall 260.29 m maximum is verified; intermediate strip heights, widths and closure are schematic. The stepped portion is assigned an 18.5 m span with estimated ±6 m profile uncertainty. The inherited floor-74 contour has ±4 m outline and ±5 m location uncertainty, and its join elevation has ±15 m uncertainty. Open mechanical cavities, steelwork and balcony overhangs are deliberately not reconstructed. This is a closed visual envelope, not an as-built roof model. Intermediate terrace widths and heights are photo-derived approximations, not dimensions. Roof cavities and steel frame are simplified into a closed shell; do not interpret as finished cladding. Southwest side is highest, registered using site context in oblique photography.",mcity-3,photo-and-plan-derived approximate crown shell,Under Construction,"future, construction",data/refinement-models.json
Detailed or plan-derived supplement,models/supplemental/refinement-downtown/mcity-m5-developer-proxy.glb,9452,2aae3db6fa73b801eab356839b37c10587316bf29ff2c2d4ab66c694dc5ed1a6,"Y-up metres; x=E-615000, y=Z-70, z=4827000-N","Georegistered developer web-interaction proxy. Its three solid parts are projection targets behind photographic amenity views, not architectural facade geometry. Native local dimensions are preserved, including an unverified 117.87-unit maximum interpreted in metres; no 123 m estimated height is substituted. Approximate horizontal placement is fitted to the developer community diagram and adjacent municipal podium anchors, with ±15 m estimated uncertainty. Detailed setbacks, balcony profile, roof and facade remain unknown. Future/context use only; Spring 2026 actual construction at floor 27 is not represented by this full envelope.",mcity-5,native developer interaction proxy; unverified architectural envelope,Under Construction,future,data/refinement-models.json
Detailed or plan-derived supplement,models/supplemental/refinement-downtown/promenade-infill-plan-derived.glb,230376,4c93c5ced26ad1b2aa495135dbf9dec8b1d1770f93280d4e4a2ae2b94b0b431c,"Y-up metres; x=E-615000, y=Z-70, z=4827000-N","Plan-derived model of the May 2026 rezoning submission, not approval or as-built work. Envelopes and datum heights follow BDP Quadrangle plans. Digitised georegistration to two existing City buildings has estimated ±3 m placement uncertainty. Balcony curves and slab thickness are simplified from published typical floor plans; no surveyed facade or material claim. Balcony lateral offsets and curves are traced approximations, not exact fabricated facade assemblies. Slab thickness 0.20 m is illustrative. Podium outlines digitised from source roof plan; minor service entrances and parapet recesses simplified. No completion date inferred.",promenade-infill,dimensioned plan-derived architectural massing with simplified source-backed balconies,Proposed,future,data/refinement-models.json
Detailed or plan-derived supplement,models/supplemental/refinement-downtown/square-one-block5-t1-plan-derived.glb,16760,b1e0c1a79522c81f2fa82990f28132c299e4e83fe6abb314264589244cfabaf6,"Y-up metres; x=E-615000, y=Z-70, z=4827000-N",Schematic reconstruction of the submitted T1 building from a published architects–Alliance roof/site plan. Adjacent Block 5 towers are conceptual and are not included. Roof-zone heights follow printed labels; horizontal outlines are digitised from a raster. Three public intersection controls establish location; estimated ±5 m placement and ±1 m plan-contour uncertainty. Facades and entrances are not reconstructed. Raster footprint trace has estimated ±1 m contour uncertainty. Intersection registration has estimated ±5 m placement uncertainty. Overall maximum and podium zone heights are taken from plan labels; other facade details omitted. No approved or constructed status inferred.,square-one-block5-t1,published roof-plan-derived schematic,Proposed,future,data/refinement-models.json
Detailed or plan-derived supplement,models/supplemental/refinement-downtown/voya-towers-plan-derived.glb,401156,f876a440f538b0d8ebcb7672267e93b7ffb3591b2d8f58a527b869d2f5b69781,"Y-up metres; x=E-615000, y=Z-70, z=4827000-N","Plan-derived schematic of two structurally topped Voya towers. Curved balcony outline and recessed wall outline are traced from the developer presentation; scale is estimated from printed suite areas, with ±5% dimensional uncertainty. Taller maximum 142.25 m comes from a published observer of engineering drawings, not a drawing recovered by this project. Shorter maximum is UNKNOWN: the displayed approximately 124 m envelope subtracts six reported 10-foot upper floors from the taller maximum, assuming equal roof allowance; allow ±6 m and do not treat it as a verified height. Location uses the developer community diagram and adjacent mapped Avia controls; allow ±8 m taller and ±15 m shorter placement uncertainty. Identical generic published tower plate applied to both; detailed floor-by-floor changes and mechanical roof cavities are omitted. Horizontal slab bands are illustrative and their elevations are not construction measurements. Shared stepped podium geometry is not reconstructed because its complete dimensioned plans were not recovered. Both towers were physically topped by July 2026; this model does not establish occupancy or complete cladding.",voya,published plan-derived illustrative envelope,Under Construction,"future, construction",data/refinement-models.json
Detailed or plan-derived supplement,models/supplemental/refinement-lakeview/aura-townhome-envelopes.glb,37788,d8f22813da8f7ffc9f899a522de899b042579a2f953754e95fc89dac45f1ebbe,"Y-up metres; x=E-615000, y=Z-70, z=4827000-N","Approximate marketing-plan-derived townhome envelopes, not surveyed architectural models. Seven June footprints and three additional highlighted blocks in the currently linked image are registered through two City street junctions and four common roof centroids. The image scale bar conflicts with City junction spacing by about 25%; City coordinates control the model scale. Estimated placement ±10 m and roof-outline tolerance ±3 m are interpretive, not statistical confidence bounds. All ten envelopes use an estimated 13 m maximum with ±3.5 m uncertainty, derived from about 6.2 m registered bay width and roughly 2.1:1 height-to-bay proportions in the official illustrative facade. No published dimensional height was found. Roofs, balconies, basements and facade articulation are omitted; grey marketing roofs are retained from the June version, not independently confirmed current building drawings.",lakeview-aura,ten approximate source-plan townhome envelopes; no exact metric heights,Uncertain,future,data/refinement-models.json
Detailed or plan-derived supplement,models/supplemental/refinement-lakeview/lakeview-mapped-waterfront.glb,77572,888093e65327b15d77da7071425713c4c85b54294c28feb40b75fdb4ea6cc130,"Y-up metres; x=E-615000, y=Z-70, z=4827000-N","Existing mapped context only. The proposed cultural pier renovation, future marina, new boardwalk and new park furniture are not reconstructed. Flat dock heights/thickness and small DTM surface offsets are display approximations. These meshes do not change base terrain or shoreline topology.",,mapped 2024 City dock outlines plus current OSM sand-beach footprint; illustrative deck elevation,Existing,"existing, construction, future",data/refinement-models.json
Detailed or plan-derived supplement,models/supplemental/refinement-progress/exchange-recorded-topped-structures.glb,5012832,d9bb50e7f2dc040fbdc141f5d66cbb13b07aec4ca463801fa4c7f26e1fe4ba6b,"Y-up metres; x=E-615000, y=Z-70, z=4827000-N","Unchanged native EX1/EX2 tower triangles, isolated by source footprint; dated structural topping-out illustration",exchange-district,"Unchanged native EX1/EX2 tower triangles, isolated by source footprint; dated structural topping-out illustration",Under Construction,construction,data/refinement-models.json
Detailed or plan-derived supplement,models/supplemental/refinement-progress/mcity-m4-recorded-level41.glb,3716,73f017176574c17fc72b4e1af6c93320350ed4fd8cc1978c92b7f94538c1e033,"Y-up metres; x=E-615000, y=Z-70, z=4827000-N","Spring 2026 recorded level-41 envelope, approximate elevation from dimensioned 2020 plan",mcity-4,"Spring 2026 recorded level-41 envelope, approximate elevation from dimensioned 2020 plan",Under Construction,construction,data/refinement-models.json
Detailed or plan-derived supplement,models/supplemental/refinement-transit/citadis-spirit-schematic-local.glb,46752,74c2075023bda8fd4ef14d70b911518363f1f68939012f3e2862610493dc6aa6,"Local origin-centred metres, Y up; not georegistered. x spans vehicle length; y is height; z is width.","Local reference geometry; no CRS transform applies until explicitly placed in the city scene. Origin-centred local reference vehicle, not georegistered. Four sections and 48 m × 2.65 m × 3.65 m overall dimensions follow dated April 2018 public specifications; shape, equipment, windows, doors and colour are schematic. Not manufacturer CAD or evidence of service.",,,,,models/supplemental/refinement-transit/README.md
Detailed or plan-derived supplement,models/supplemental/refinement-transit/hml-at-grade-rails.glb,1150596,3e619fb6791bb2ea9187309fcdefdc19a6c2db58403415c6051dd22f217328cf,"Y-up metres; x=E-615000, y=Z-70, z=4827000-N",Historical prior-version supplement; replaced in the current assembled model by transit-revamp. Historical prior-version supplement; replaced in the current assembled model by transit-revamp. EPSG:26917 horizontal; consult metadata for elevation datum and approximation. 13 mapped OpenStreetMap at-grade alignment components clipped to Mississauga. Gauge follows source tags; rail/bed widths and draped elevations are illustrative. Bridge and tunnel tracks without verified vertical geometry are omitted; not an engineering alignment or proof all rails are installed. 13 mapped OpenStreetMap at-grade alignment components clipped to Mississauga. Bridge and tunnel tracks without verified vertical geometry are omitted; not an engineering alignment or proof all rails are installed.,,,,,models/supplemental/refinement-transit/README.md
Detailed or plan-derived supplement,models/supplemental/refinement-transit/hml-mapped-platforms-and-schematic-canopies.glb,10472,820f1b3de9f9890ba7b0f2cb47d54ca0eaf6444bb46293083f1db3c41dc574a1,"Y-up metres; x=E-615000, y=Z-70, z=4827000-N","EPSG:26917 horizontal; consult metadata for elevation datum and approximation. Mapped platform polygons at Derry and Courtneypark. Vertical placement, canopy dimensions, supports and glazing are illustrative. Does not model all stations or establish exact installed geometry.",,,,,models/supplemental/refinement-transit/README.md
Detailed or plan-derived supplement,models/supplemental/refinement-transit/hml-schematic-vehicles.glb,63776,8a1b617120d912b3aeff2cad1a2129e2337500805f3f1fbf0aa737f5b3ba4f2d,"Y-up metres; x=E-615000, y=Z-70, z=4827000-N",EPSG:26917 horizontal; consult metadata for elevation datum and approximation. Two illustrative future train placements near Robert Speck and Courtneypark. Not observed vehicle positions or an assertion that passenger service has opened.,,,,,models/supplemental/refinement-transit/README.md
Detailed or plan-derived supplement,models/supplemental/refinement-transit/mapped-bus-shelters.glb,1292756,d3e221831a3ce1df27b5841109ee47244c55df3d8828181d7ac0bd96b9d560c5,"Y-up metres; x=E-615000, y=Z-70, z=4827000-N","EPSG:26917 horizontal; consult metadata for elevation datum and approximation. 1,098 historical mapped closed shelter footprints outside the mapped LRT corridor. Roof footprint follows City linework; 2.7 m roof height and posts are schematic. Not a current architectural inventory. 1,098 historical mapped closed shelter footprints outside the mapped LRT corridor. Not a current architectural inventory.",,,,,models/supplemental/refinement-transit/README.md
Detailed or plan-derived supplement,models/supplemental/refinement-transit/mapped-street-markings.glb,73312624,5a171e3d7284cbf6eccdc241a5ef83c1621e230d8e46210b4c289a5d79f485ab,"Y-up metres; x=E-615000, y=Z-70, z=4827000-N","EPSG:26917 horizontal; consult metadata for elevation datum and approximation. City crosswalk, stop-bar, dashed/solid line and limited guiderail linework. Display widths are illustrative. Historical markings within 30 m of the mapped LRT route are excluded. Mixed source dates; not a current lane-design survey. Road-associated markings follow the corrected crossing profiles with a small display offset; their mapped horizontal alignment is retained.",,,,,models/supplemental/refinement-transit/README.md; research/road-crossings/Dependent-surface-correction.json
Detailed or plan-derived supplement,models/supplemental/refinement-transit/source-derived-bridge-decks.glb,22072,5b71e5bf896fc7432660dafa6955883ec1f9b1d9e97419c1513fac5db7e1499f,"Y-up metres; x=E-615000, y=Z-70, z=4827000-N",10 retained source-derived bridge-span overlays. Earlier replaced spans are documented in the road-crossings reconciliation. Approximate mixed-date elevations; not bridge engineering.,,Retained source-derived bridge-span overlays,Existing context display,"existing, construction, future",models/supplemental/refinement-transit/bridge-decks.json; research/road-crossings/Road-crossings-review.md
Detailed or plan-derived supplement,models/supplemental/refinement-waterfront/128-lakeshore-current-plan.glb,13884,4968bd32c72d643d0d6cdf945a745bc717502599e4ddff52c86e59e0ee89b5ad,"Y-up metres; x=E-615000, y=Z-70, z=4827000-N",Survey-registered plan-derived schematic envelope Replacement IDs and scenario scope are recorded in the current model manifest.,port-credit-128-lakeshore,Survey-registered plan-derived schematic envelope,Proposed,future,data/refinement-models.json
Detailed or plan-derived supplement,models/supplemental/refinement-waterfront/170-lakeshore-settlement-envelope.glb,5564,9799bb5fe28a28dd08a5faa6572cba1841d499d0a1a07b6116274e59b86283e3,"Y-up metres; x=E-615000, y=Z-70, z=4827000-N",Source-registered settlement zoning-envelope schematic Replacement IDs and scenario scope are recorded in the current model manifest.,port-credit-170-lakeshore,Source-registered settlement zoning-envelope schematic,Proposed,future,data/refinement-models.json
Detailed or plan-derived supplement,models/supplemental/refinement-waterfront/26-park-current-plan.glb,3444,c245fa1beebfe015b7058a7514672d4f438071bfea3d7fdeb9f1ad2d98b6f535,"Y-up metres; x=E-615000, y=Z-70, z=4827000-N",Plan-derived schematic envelope,port-credit-26-park,Plan-derived schematic envelope,Proposed,future,data/refinement-models.json
Detailed or plan-derived supplement,models/supplemental/refinement-waterfront/50-high-current-plan.glb,13572,a29d2aaab4d41e70ea9a8e5c12b107748f472ef6e59c2da6a9269c29543e760e,"Y-up metres; x=E-615000, y=Z-70, z=4827000-N",Survey-registered plan-derived schematic envelope Replacement IDs and scenario scope are recorded in the current model manifest.,port-credit-50-high,Survey-registered plan-derived schematic envelope,Proposed,future,data/refinement-models.json
Detailed or plan-derived supplement,models/supplemental/refinement-waterfront/70-park-settlement-envelope.glb,10420,782d8f11fd1783be35681983f706d6e04357651eecc06fde5e351353f6076f5e,"Y-up metres; x=E-615000, y=Z-70, z=4827000-N",Source-registered settlement zoning-envelope schematic Replacement IDs and scenario scope are recorded in the current model manifest.,port-credit-70-park,Source-registered settlement zoning-envelope schematic,Proposed,future,data/refinement-models.json
Detailed or plan-derived supplement,models/supplemental/refinement-waterfront/900-lakeshore-current-plan.glb,79920,374df3398a5605fd2d1b0150457e2d095696e5da86f2cdff81dc75e4cb35a739,"Y-up metres; x=E-615000, y=Z-70, z=4827000-N",Plan-derived schematic with per-floor outlines Replacement IDs and scenario scope are recorded in the current model manifest.,lakeshore-west-900,Plan-derived schematic with per-floor outlines,Proposed,future,data/refinement-models.json
Detailed or plan-derived supplement,models/supplemental/refinement-waterfront/brightwater-missing-blocks-concept.glb,42620,8c9f2e7653fca28b1b4207b307778af311e2174e441b594f044c8955d6db401f,"Y-up metres; x=E-615000, y=Z-70, z=4827000-N",Dated plan-derived concept; storey-based vertical estimate Replacement IDs and scenario scope are recorded in the current model manifest.,brightwater-master,Dated plan-derived concept; storey-based vertical estimate,Proposed,future,data/refinement-models.json
Detailed or plan-derived supplement,models/supplemental/refinement-waterfront/clarkson-toc-current-plan.glb,11060,4eee723872e2223150098bab18a9b5add839546d420096465c84947099ea42ac,"Y-up metres; x=E-615000, y=Z-70, z=4827000-N",Plan-derived schematic envelope,clarkson-toc,Plan-derived schematic envelope,Proposed,future,data/refinement-models.json
Detailed or plan-derived supplement,models/supplemental/revamp/absolute-world-source-derived.glb,3666556,2dc125cd855c2c8b8cbfe7b6aa586f98e4f915cc5ad8c6a9c09596b347564aae,"Y-up metres; x=E-615000, y=Z-70, z=4827000-N","This source-derived architectural visualization is not a certified as-built model. The MAD publication supplies the south floorplate and floor 1/24/40 rotation anchors. Intermediate rotations use smooth 1–8° increments constrained to those anchors and the published 209° total. The north uses the published 4° per storey and 200° total. South dimensions are fitted to the City captured maximum silhouette diameter. The north ellipse fits captured roof points. Complete dimensioned construction floor plans were not recovered. City-derived centres and base elevations are retained. Approximate plan/profile and registration allowances are ±2 m, not surveyed confidence intervals. Absolute vertical accuracy remains unverified. Architectural heights are 175.6 m and 157.9 m. Typical floor elevations and roof-zone subdivisions remain inferred from published occupied and maximum heights. Slab thickness of 0.20 m, guard height of 1 m, glazing setbacks and material finishes are illustrative. North rooftop machinery is omitted; the south cap retains its City-source plan outline. Replacement IDs and scenario scope are recorded in the current model manifest.",absolute-world,MAD published curved south floorplate and municipal north ellipse; distinct 56/50-floor forms; intermediate south rotation and facade detail approximate,Existing,"existing, construction, future",data/refinement-models.json
Detailed or plan-derived supplement,models/supplemental/revamp/bough-beeches-2026-plan.glb,44396,f85cc5f9a90055e5de2b75a67cebeddf4ba1eb5aad7ec1dcfb96b19d3a3611f6,"Y-up metres; x=E-615000, y=Z-70, z=4827000-N","March 2026 proposal envelope, not an approved or built outcome. Exact written heights and main floorplate dimensions; podium and rooftop screen traced from published plan vectors. Registration uses survey controls and existing-tower corners (allow ±1 m position, not a statistical confidence interval). Screen thickness, floor bands and materials are illustrative. Individual balconies, window divisions, recessed entries and equipment are omitted. Datum treated as local NAD83 UTM17; no sub-metre geodetic claim.",bough-beeches-1315,dimensioned plan-derived envelope; schematic materials and screen thickness,Proposed,future,data/refinement-models.json
Detailed or plan-derived supplement,models/supplemental/revamp/chelsea-2026-b4.glb,33760,cf0f3167ac72b276faab0a10c7b86286398fb4fda1bca9eaf0fe570efab8d98d,"Y-up metres; x=E-615000, y=Z-70, z=4827000-N","June 2026 unapproved expansion, separate from earlier B3. Dimensioned main envelope and five-storey podium, with height through mechanical penthouse. Survey control registration; allow ±1 m placement. Small partial level-17/18 terrace cuts, balcony projections, entrance recesses and facade divisions are omitted. Floor bands and materials are schematic. B6 mechanical silhouette is traced from A-B6-304, approximately ±0.3 m; B4/B5 MPH follow the rectangular plan envelope. Datum treated as local UTM17 NAD83; no sub-metre geodetic claim.",chelsea-2026,dimensioned plan-derived tower and podium envelope; minor terrace cuts and facade detail omitted,Proposed,future,data/refinement-models.json
Detailed or plan-derived supplement,models/supplemental/revamp/chelsea-2026-b5.glb,33732,2cebb708872c0d846a9d2cf1ed00ab3dbeff90a2230f0f4600766ca49e802f1f,"Y-up metres; x=E-615000, y=Z-70, z=4827000-N","June 2026 unapproved expansion, separate from earlier B3. Dimensioned main envelope and five-storey podium, with height through mechanical penthouse. Survey control registration; allow ±1 m placement. Small partial level-17/18 terrace cuts, balcony projections, entrance recesses and facade divisions are omitted. Floor bands and materials are schematic. B6 mechanical silhouette is traced from A-B6-304, approximately ±0.3 m; B4/B5 MPH follow the rectangular plan envelope. Datum treated as local UTM17 NAD83; no sub-metre geodetic claim.",chelsea-2026,dimensioned plan-derived tower and podium envelope; minor terrace cuts and facade detail omitted,Proposed,future,data/refinement-models.json
Detailed or plan-derived supplement,models/supplemental/revamp/chelsea-2026-b6.glb,34792,87b434d5e993df9578bcfaa2633dd8942738f3ca4045696fdc71e49e7b4dd64c,"Y-up metres; x=E-615000, y=Z-70, z=4827000-N","June 2026 unapproved expansion, separate from earlier B3. Dimensioned main envelope and five-storey podium, with height through mechanical penthouse. Survey control registration; allow ±1 m placement. Small partial level-17/18 terrace cuts, balcony projections, entrance recesses and facade divisions are omitted. Floor bands and materials are schematic. B6 mechanical silhouette is traced from A-B6-304, approximately ±0.3 m; B4/B5 MPH follow the rectangular plan envelope. Datum treated as local UTM17 NAD83; no sub-metre geodetic claim.",chelsea-2026,dimensioned plan-derived tower and podium envelope; minor terrace cuts and facade detail omitted,Proposed,future,data/refinement-models.json
Detailed or plan-derived supplement,models/supplemental/revamp/dundas-55-2025-plan.glb,10752,3b474ec4e4b62178f3b60f16849ac5eadae34f1b3d3321ca94205984d153b453,"Y-up metres; x=E-615000, y=Z-70, z=4827000-N","July 2025 proposal, under review. Main dimensions and layered envelopes follow A110 and the planning schedule; balconies, facade divisions, ground recesses and exact parapets are omitted. Position is registered through four surveyed existing houses to unmodified City geometry (centroid fit residuals 0.14–0.25 m; allow ±1 m overall position). Plan outlines are traced, approximately ±0.25 m. Overall 110.445 m dimension is corroborated as 110.4 m in the planning schedule. The elevation absolute-level tags disagree by about 1.8 m with that dimension; this envelope follows the overall dimension, not those tags. A110 labels the western upper terrace as the 33-storey roof whereas the schedule labels 32: the drawn one-floor setback is shown, with its precise transition elevation unresolved. Existing heritage corner is retained; no existing meshes are altered by this asset. Replacement IDs and scenario scope are recorded in the current model manifest.",dundas-55,dimensioned plan-derived stepped envelope; rooftop level discrepancy and facade omissions disclosed,Proposed,future,data/refinement-models.json
Mapped landscape display,models/supplemental/revamp-landscape/airport-corporate-mapped-surfaces.glb,149564,7ee3980fdb0f1a61d7c633c9611be7da12c9ad7bba9ba73210dcfaa6271d75a5,"Y-up metres; x=E-615000, y=Z-70, z=4827000-N",Mapped surface outlines from City 2024 linework and the registered 2023 Celebration Square plan. Vertical clearance is illustrative. Corrected tree JSONs preserve source locations and carry separate baseline/future crown-display adjustments; no actual tree removal is inferred. Coverage and scenario-specific exceptions are documented in the landscape manifest.,,City-mapped landscape outlines; simplified terrain display,Existing context display,"existing, construction, future",landscape-layer-manifest.json
Mapped landscape display,models/supplemental/revamp-landscape/citywide-mapped-surfaces.glb,6028336,6af413fe4a747e4664eddf244878e521af8615a552424c02220b6516fec3898b,"Y-up metres; x=E-615000, y=Z-70, z=4827000-N",Mapped surface outlines from City 2024 linework and the registered 2023 Celebration Square plan. Vertical clearance is illustrative. Corrected tree JSONs preserve source locations and carry separate baseline/future crown-display adjustments; no actual tree removal is inferred. Coverage and scenario-specific exceptions are documented in the landscape manifest.,,City-mapped landscape outlines; simplified terrain display,Existing context display,"existing, construction, future",landscape-layer-manifest.json
Mapped landscape display,models/supplemental/revamp-landscape/clarkson-mapped-surfaces.glb,286760,eda44713f6ee463e34b9582265add46a52a1e5e9ef52fcc52b55649154f4405c,"Y-up metres; x=E-615000, y=Z-70, z=4827000-N",Mapped surface outlines from City 2024 linework and the registered 2023 Celebration Square plan. Vertical clearance is illustrative. Corrected tree JSONs preserve source locations and carry separate baseline/future crown-display adjustments; no actual tree removal is inferred. Coverage and scenario-specific exceptions are documented in the landscape manifest.,,City-mapped landscape outlines; simplified terrain display,Existing context display,"existing, construction, future",landscape-layer-manifest.json
Mapped landscape display,models/supplemental/revamp-landscape/cooksville-mapped-surfaces.glb,323564,3d60e29e7b6cb1374d9afe0b78d4cb51de54d14dc8c8280187d7e25d08f20817,"Y-up metres; x=E-615000, y=Z-70, z=4827000-N",Mapped surface outlines from City 2024 linework and the registered 2023 Celebration Square plan. Vertical clearance is illustrative. Corrected tree JSONs preserve source locations and carry separate baseline/future crown-display adjustments; no actual tree removal is inferred. Coverage and scenario-specific exceptions are documented in the landscape manifest.,,City-mapped landscape outlines; simplified terrain display,Existing context display,"existing, construction, future",landscape-layer-manifest.json
Mapped landscape display,models/supplemental/revamp-landscape/dixie-applewood-mapped-surfaces.glb,531072,be576da4fa9d6606ffba7d6629549798ca516a9554a20aab7c841f70a6f3a175,"Y-up metres; x=E-615000, y=Z-70, z=4827000-N",Mapped surface outlines from City 2024 linework and the registered 2023 Celebration Square plan. Vertical clearance is illustrative. Corrected tree JSONs preserve source locations and carry separate baseline/future crown-display adjustments; no actual tree removal is inferred. Coverage and scenario-specific exceptions are documented in the landscape manifest.,,City-mapped landscape outlines; simplified terrain display,Existing context display,"existing, construction, future",landscape-layer-manifest.json
Mapped landscape display,models/supplemental/revamp-landscape/downtown-mapped-surfaces.glb,1478848,995129d965b3c57298513fd80589232b35e281347bc93b2d8857ad2b69d33bf6,"Y-up metres; x=E-615000, y=Z-70, z=4827000-N",Mapped surface outlines from City 2024 linework and the registered 2023 Celebration Square plan. Vertical clearance is illustrative. Corrected tree JSONs preserve source locations and carry separate baseline/future crown-display adjustments; no actual tree removal is inferred. Coverage and scenario-specific exceptions are documented in the landscape manifest.,,City-mapped landscape outlines; simplified terrain display,Existing context display,"existing, construction, future",landscape-layer-manifest.json
Mapped landscape display,models/supplemental/revamp-landscape/erin-mills-mapped-surfaces.glb,1116136,eafbfceec0d4931ad919348a7a6d39e45bca0b0baaff1fbb11f0a85117a14ef0,"Y-up metres; x=E-615000, y=Z-70, z=4827000-N",Mapped surface outlines from City 2024 linework and the registered 2023 Celebration Square plan. Vertical clearance is illustrative. Corrected tree JSONs preserve source locations and carry separate baseline/future crown-display adjustments; no actual tree removal is inferred. Coverage and scenario-specific exceptions are documented in the landscape manifest.,,City-mapped landscape outlines; simplified terrain display,Existing context display,"existing, construction, future",landscape-layer-manifest.json
Mapped landscape display,models/supplemental/revamp-landscape/erindale-mapped-surfaces.glb,391736,ccf4f24936ea280973c42dfb409bd78cb16c3ce85520fc75ec539a211bd5e6cb,"Y-up metres; x=E-615000, y=Z-70, z=4827000-N",Mapped surface outlines from City 2024 linework and the registered 2023 Celebration Square plan. Vertical clearance is illustrative. Corrected tree JSONs preserve source locations and carry separate baseline/future crown-display adjustments; no actual tree removal is inferred. Coverage and scenario-specific exceptions are documented in the landscape manifest.,,City-mapped landscape outlines; simplified terrain display,Existing context display,"existing, construction, future",landscape-layer-manifest.json
Mapped landscape display,models/supplemental/revamp-landscape/heartland-mapped-surfaces.glb,520376,598e9fd9f80ff2f41be59107329595ce7d9a22d9684f2f30832b8595ed86aab9,"Y-up metres; x=E-615000, y=Z-70, z=4827000-N",Mapped surface outlines from City 2024 linework and the registered 2023 Celebration Square plan. Vertical clearance is illustrative. Corrected tree JSONs preserve source locations and carry separate baseline/future crown-display adjustments; no actual tree removal is inferred. Coverage and scenario-specific exceptions are documented in the landscape manifest.,,City-mapped landscape outlines; simplified terrain display,Existing context display,"existing, construction, future",landscape-layer-manifest.json
Mapped landscape display,models/supplemental/revamp-landscape/lakeview-mapped-surfaces.glb,123168,3e92beb8f05d85c23eb4ff81988fd357281c26648d09b08563316d16f73218be,"Y-up metres; x=E-615000, y=Z-70, z=4827000-N",Mapped surface outlines from City 2024 linework and the registered 2023 Celebration Square plan. Vertical clearance is illustrative. Corrected tree JSONs preserve source locations and carry separate baseline/future crown-display adjustments; no actual tree removal is inferred. Coverage and scenario-specific exceptions are documented in the landscape manifest.,,City-mapped landscape outlines; simplified terrain display,Existing context display,"existing, construction, future",landscape-layer-manifest.json
Mapped landscape display,models/supplemental/revamp-landscape/malton-mapped-surfaces.glb,285560,ebd4a8de5d7e9b2c8b9fbabdd5aeda24be88cf9f70f94a5c13b197ba8b4b8d54,"Y-up metres; x=E-615000, y=Z-70, z=4827000-N",Mapped surface outlines from City 2024 linework and the registered 2023 Celebration Square plan. Vertical clearance is illustrative. Corrected tree JSONs preserve source locations and carry separate baseline/future crown-display adjustments; no actual tree removal is inferred. Coverage and scenario-specific exceptions are documented in the landscape manifest.,,City-mapped landscape outlines; simplified terrain display,Existing context display,"existing, construction, future",landscape-layer-manifest.json
Mapped landscape display,models/supplemental/revamp-landscape/meadowvale-mapped-surfaces.glb,723860,384fe89895e19d38e6b59c11f7c9ae9a63cad32a8fc1c9c311cf58d40f859bd9,"Y-up metres; x=E-615000, y=Z-70, z=4827000-N",Mapped surface outlines from City 2024 linework and the registered 2023 Celebration Square plan. Vertical clearance is illustrative. Corrected tree JSONs preserve source locations and carry separate baseline/future crown-display adjustments; no actual tree removal is inferred. Coverage and scenario-specific exceptions are documented in the landscape manifest.,,City-mapped landscape outlines; simplified terrain display,Existing context display,"existing, construction, future",landscape-layer-manifest.json
Mapped landscape display,models/supplemental/revamp-landscape/port-credit-mapped-surfaces.glb,36636,ab6e8bd466baf22a918b4bb65e877aa3e42d25bfe8a8efb728308923439e6be5,"Y-up metres; x=E-615000, y=Z-70, z=4827000-N",Mapped surface outlines from City 2024 linework and the registered 2023 Celebration Square plan. Vertical clearance is illustrative. Corrected tree JSONs preserve source locations and carry separate baseline/future crown-display adjustments; no actual tree removal is inferred. Coverage and scenario-specific exceptions are documented in the landscape manifest.,,City-mapped landscape outlines; simplified terrain display,Existing context display,"existing, construction, future",landscape-layer-manifest.json
Mapped landscape display,models/supplemental/revamp-landscape/streetsville-mapped-surfaces.glb,478288,7c5d9af87f92e80b443aa792cdaa77f615097bbeef0d5da590439050ff15dee8,"Y-up metres; x=E-615000, y=Z-70, z=4827000-N",Mapped surface outlines from City 2024 linework and the registered 2023 Celebration Square plan. Vertical clearance is illustrative. Corrected tree JSONs preserve source locations and carry separate baseline/future crown-display adjustments; no actual tree removal is inferred. Coverage and scenario-specific exceptions are documented in the landscape manifest.,,City-mapped landscape outlines; simplified terrain display,Existing context display,"existing, construction, future",landscape-layer-manifest.json
Mapped landscape display,models/supplemental/revamp-landscape/uptown-mapped-surfaces.glb,623632,d96f4072ab6acd094be965d6391d11ac2272a01849204e8416e8bc0535d7139f,"Y-up metres; x=E-615000, y=Z-70, z=4827000-N",Mapped surface outlines from City 2024 linework and the registered 2023 Celebration Square plan. Vertical clearance is illustrative. Corrected tree JSONs preserve source locations and carry separate baseline/future crown-display adjustments; no actual tree removal is inferred. Coverage and scenario-specific exceptions are documented in the landscape manifest.,,City-mapped landscape outlines; simplified terrain display,Existing context display,"existing, construction, future",landscape-layer-manifest.json
Rebuilt transit network,models/supplemental/transit-revamp/districts/airport-corporate/transitway.glb,271636,678f7e8e4209b00228d843366496f75c52771c1b372760d9f3b8240838d3ab23,"Y-up metres; x=E-615000, y=Z-70, z=4827000-N","HML counterpart segments are schematic where OSM only maps one track; wye second connector includes an inferred diamond crossing. Exact turnout and crossover engineering is not verified. New flyover deck display is 165 m CGVD2013, with smooth terrain approach transitions. This is an illustrative vertical profile; no survey-derived height is claimed. Port Credit below-grade track descent is schematic and intentionally obscured by the terrain surface; the route locator remains available. The unchanged physical representations use display slope caps to avoid bare-earth DTM bridge dips (GO 3.5%, HML 6%, bus 8%). These are schematic profile constraints, not surveyed or approved engineering grades. GTFS route shapes are service paths. GO individual rails use City 2024 photogrammetric Railway lines and do not assert which track every scheduled train uses. Transitway is existing. The Erin Mills–City Centre link includes highway and street running; no continuous dedicated busway is claimed. Station markers are geographic locators, not new station architectural models. City Centre and North Service locators are approximate and carry explicit coordinate tolerances. The displayed 403 guideway envelopes use mapped paired bridge track positions with 2 m outer margins from each track centre and 1 m structural depth. Deck width/depth are illustrative, and no unverified pier positions are added. Service markings now obey normal occlusion. Source-based underground and underpass paths remain continuous in data but are hidden by foreground structures in 3D. Small local clearance is visual, not engineering. This file covers airport-corporate; windows overlap and must not be added to estimate network length. Supported road-associated portions follow the Road Crossings deck profiles; dedicated busway portions are not snapped onto a parallel highway. Horizontal alignment, colours and normal scene depth are retained.",,Mapped and service-derived Transitway display network,Existing,"existing, construction, future",transit-layer-manifest.json
Rebuilt transit network,models/supplemental/transit-revamp/districts/citywide/go.glb,7900652,f1977862c94ba86be40782f3170821e016ee8d7315927e4700618598123d581b,"Y-up metres; x=E-615000, y=Z-70, z=4827000-N","HML counterpart segments are schematic where OSM only maps one track; wye second connector includes an inferred diamond crossing. Exact turnout and crossover engineering is not verified. New flyover deck display is 165 m CGVD2013, with smooth terrain approach transitions. This is an illustrative vertical profile; no survey-derived height is claimed. Port Credit below-grade track descent is schematic and intentionally obscured by the terrain surface; the route locator remains available. The unchanged physical representations use display slope caps to avoid bare-earth DTM bridge dips (GO 3.5%, HML 6%, bus 8%). These are schematic profile constraints, not surveyed or approved engineering grades. GTFS route shapes are service paths. GO individual rails use City 2024 photogrammetric Railway lines and do not assert which track every scheduled train uses. Transitway is existing. The Erin Mills–City Centre link includes highway and street running; no continuous dedicated busway is claimed. Station markers are geographic locators, not new station architectural models. City Centre and North Service locators are approximate and carry explicit coordinate tolerances. The displayed 403 guideway envelopes use mapped paired bridge track positions with 2 m outer margins from each track centre and 1 m structural depth. Deck width/depth are illustrative, and no unverified pier positions are added. Service markings now obey normal occlusion. Source-based underground and underpass paths remain continuous in data but are hidden by foreground structures in 3D. Small local clearance is visual, not engineering. This file covers citywide; windows overlap and must not be added to estimate network length.",,Mapped and service-derived GO display network,Existing,"existing, construction, future",transit-layer-manifest.json
Rebuilt transit network,models/supplemental/transit-revamp/districts/citywide/hml.glb,3665884,31c2c8774f74aaa815f5a52e2666f6db1e6ac8682dc014ad9c355bc502f0d674,"Y-up metres; x=E-615000, y=Z-70, z=4827000-N","HML counterpart segments are schematic where OSM only maps one track; wye second connector includes an inferred diamond crossing. Exact turnout and crossover engineering is not verified. New flyover deck display is 165 m CGVD2013, with smooth terrain approach transitions. This is an illustrative vertical profile; no survey-derived height is claimed. Port Credit below-grade track descent is schematic and intentionally obscured by the terrain surface; the route locator remains available. The unchanged physical representations use display slope caps to avoid bare-earth DTM bridge dips (GO 3.5%, HML 6%, bus 8%). These are schematic profile constraints, not surveyed or approved engineering grades. GTFS route shapes are service paths. GO individual rails use City 2024 photogrammetric Railway lines and do not assert which track every scheduled train uses. Transitway is existing. The Erin Mills–City Centre link includes highway and street running; no continuous dedicated busway is claimed. Station markers are geographic locators, not new station architectural models. City Centre and North Service locators are approximate and carry explicit coordinate tolerances. The displayed 403 guideway envelopes use mapped paired bridge track positions with 2 m outer margins from each track centre and 1 m structural depth. Deck width/depth are illustrative, and no unverified pier positions are added. Service markings now obey normal occlusion. Source-based underground and underpass paths remain continuous in data but are hidden by foreground structures in 3D. Small local clearance is visual, not engineering. This file covers citywide; windows overlap and must not be added to estimate network length.",,Mapped and service-derived HML display network,Under Construction,"construction, future",transit-layer-manifest.json
Rebuilt transit network,models/supplemental/transit-revamp/districts/citywide/transitway.glb,889648,c0c6e57adc7d1c0b069f4d5a93226c578f2cf53bb92d4b7230a01208c68f3e25,"Y-up metres; x=E-615000, y=Z-70, z=4827000-N","HML counterpart segments are schematic where OSM only maps one track; wye second connector includes an inferred diamond crossing. Exact turnout and crossover engineering is not verified. New flyover deck display is 165 m CGVD2013, with smooth terrain approach transitions. This is an illustrative vertical profile; no survey-derived height is claimed. Port Credit below-grade track descent is schematic and intentionally obscured by the terrain surface; the route locator remains available. The unchanged physical representations use display slope caps to avoid bare-earth DTM bridge dips (GO 3.5%, HML 6%, bus 8%). These are schematic profile constraints, not surveyed or approved engineering grades. GTFS route shapes are service paths. GO individual rails use City 2024 photogrammetric Railway lines and do not assert which track every scheduled train uses. Transitway is existing. The Erin Mills–City Centre link includes highway and street running; no continuous dedicated busway is claimed. Station markers are geographic locators, not new station architectural models. City Centre and North Service locators are approximate and carry explicit coordinate tolerances. The displayed 403 guideway envelopes use mapped paired bridge track positions with 2 m outer margins from each track centre and 1 m structural depth. Deck width/depth are illustrative, and no unverified pier positions are added. Service markings now obey normal occlusion. Source-based underground and underpass paths remain continuous in data but are hidden by foreground structures in 3D. Small local clearance is visual, not engineering. This file covers citywide; windows overlap and must not be added to estimate network length. Supported road-associated portions follow the Road Crossings deck profiles; dedicated busway portions are not snapped onto a parallel highway. Horizontal alignment, colours and normal scene depth are retained.",,Mapped and service-derived Transitway display network,Existing,"existing, construction, future",transit-layer-manifest.json
Rebuilt transit network,models/supplemental/transit-revamp/districts/clarkson/go.glb,1360144,057ed1dd8f8172a250c8026bc6f492d99d2d5484c65a6fab701beeae30bb8bf6,"Y-up metres; x=E-615000, y=Z-70, z=4827000-N","HML counterpart segments are schematic where OSM only maps one track; wye second connector includes an inferred diamond crossing. Exact turnout and crossover engineering is not verified. New flyover deck display is 165 m CGVD2013, with smooth terrain approach transitions. This is an illustrative vertical profile; no survey-derived height is claimed. Port Credit below-grade track descent is schematic and intentionally obscured by the terrain surface; the route locator remains available. The unchanged physical representations use display slope caps to avoid bare-earth DTM bridge dips (GO 3.5%, HML 6%, bus 8%). These are schematic profile constraints, not surveyed or approved engineering grades. GTFS route shapes are service paths. GO individual rails use City 2024 photogrammetric Railway lines and do not assert which track every scheduled train uses. Transitway is existing. The Erin Mills–City Centre link includes highway and street running; no continuous dedicated busway is claimed. Station markers are geographic locators, not new station architectural models. City Centre and North Service locators are approximate and carry explicit coordinate tolerances. The displayed 403 guideway envelopes use mapped paired bridge track positions with 2 m outer margins from each track centre and 1 m structural depth. Deck width/depth are illustrative, and no unverified pier positions are added. Service markings now obey normal occlusion. Source-based underground and underpass paths remain continuous in data but are hidden by foreground structures in 3D. Small local clearance is visual, not engineering. This file covers clarkson; windows overlap and must not be added to estimate network length.",,Mapped and service-derived GO display network,Existing,"existing, construction, future",transit-layer-manifest.json
Rebuilt transit network,models/supplemental/transit-revamp/districts/cooksville/go.glb,750940,c0751dc2175b0bda2401ee44089b76637f515e73e8ec7aebcebaecc06ee21ae0,"Y-up metres; x=E-615000, y=Z-70, z=4827000-N","HML counterpart segments are schematic where OSM only maps one track; wye second connector includes an inferred diamond crossing. Exact turnout and crossover engineering is not verified. New flyover deck display is 165 m CGVD2013, with smooth terrain approach transitions. This is an illustrative vertical profile; no survey-derived height is claimed. Port Credit below-grade track descent is schematic and intentionally obscured by the terrain surface; the route locator remains available. The unchanged physical representations use display slope caps to avoid bare-earth DTM bridge dips (GO 3.5%, HML 6%, bus 8%). These are schematic profile constraints, not surveyed or approved engineering grades. GTFS route shapes are service paths. GO individual rails use City 2024 photogrammetric Railway lines and do not assert which track every scheduled train uses. Transitway is existing. The Erin Mills–City Centre link includes highway and street running; no continuous dedicated busway is claimed. Station markers are geographic locators, not new station architectural models. City Centre and North Service locators are approximate and carry explicit coordinate tolerances. The displayed 403 guideway envelopes use mapped paired bridge track positions with 2 m outer margins from each track centre and 1 m structural depth. Deck width/depth are illustrative, and no unverified pier positions are added. Service markings now obey normal occlusion. Source-based underground and underpass paths remain continuous in data but are hidden by foreground structures in 3D. Small local clearance is visual, not engineering. This file covers cooksville; windows overlap and must not be added to estimate network length.",,Mapped and service-derived GO display network,Existing,"existing, construction, future",transit-layer-manifest.json
Rebuilt transit network,models/supplemental/transit-revamp/districts/cooksville/hml.glb,1114104,0a7921f4ed12b90fb097870c5ff0a352ced9d7c03128b0d5de1da4db7f1cf8ac,"Y-up metres; x=E-615000, y=Z-70, z=4827000-N","HML counterpart segments are schematic where OSM only maps one track; wye second connector includes an inferred diamond crossing. Exact turnout and crossover engineering is not verified. New flyover deck display is 165 m CGVD2013, with smooth terrain approach transitions. This is an illustrative vertical profile; no survey-derived height is claimed. Port Credit below-grade track descent is schematic and intentionally obscured by the terrain surface; the route locator remains available. The unchanged physical representations use display slope caps to avoid bare-earth DTM bridge dips (GO 3.5%, HML 6%, bus 8%). These are schematic profile constraints, not surveyed or approved engineering grades. GTFS route shapes are service paths. GO individual rails use City 2024 photogrammetric Railway lines and do not assert which track every scheduled train uses. Transitway is existing. The Erin Mills–City Centre link includes highway and street running; no continuous dedicated busway is claimed. Station markers are geographic locators, not new station architectural models. City Centre and North Service locators are approximate and carry explicit coordinate tolerances. The displayed 403 guideway envelopes use mapped paired bridge track positions with 2 m outer margins from each track centre and 1 m structural depth. Deck width/depth are illustrative, and no unverified pier positions are added. Service markings now obey normal occlusion. Source-based underground and underpass paths remain continuous in data but are hidden by foreground structures in 3D. Small local clearance is visual, not engineering. This file covers cooksville; windows overlap and must not be added to estimate network length.",,Mapped and service-derived HML display network,Under Construction,"construction, future",transit-layer-manifest.json
Rebuilt transit network,models/supplemental/transit-revamp/districts/dixie-applewood/go.glb,685256,445959d01094331b69a6dfb3b1c9e37e05936e54c4607a22bc7b53894332a268,"Y-up metres; x=E-615000, y=Z-70, z=4827000-N","HML counterpart segments are schematic where OSM only maps one track; wye second connector includes an inferred diamond crossing. Exact turnout and crossover engineering is not verified. New flyover deck display is 165 m CGVD2013, with smooth terrain approach transitions. This is an illustrative vertical profile; no survey-derived height is claimed. Port Credit below-grade track descent is schematic and intentionally obscured by the terrain surface; the route locator remains available. The unchanged physical representations use display slope caps to avoid bare-earth DTM bridge dips (GO 3.5%, HML 6%, bus 8%). These are schematic profile constraints, not surveyed or approved engineering grades. GTFS route shapes are service paths. GO individual rails use City 2024 photogrammetric Railway lines and do not assert which track every scheduled train uses. Transitway is existing. The Erin Mills–City Centre link includes highway and street running; no continuous dedicated busway is claimed. Station markers are geographic locators, not new station architectural models. City Centre and North Service locators are approximate and carry explicit coordinate tolerances. The displayed 403 guideway envelopes use mapped paired bridge track positions with 2 m outer margins from each track centre and 1 m structural depth. Deck width/depth are illustrative, and no unverified pier positions are added. Service markings now obey normal occlusion. Source-based underground and underpass paths remain continuous in data but are hidden by foreground structures in 3D. Small local clearance is visual, not engineering. This file covers dixie-applewood; windows overlap and must not be added to estimate network length.",,Mapped and service-derived GO display network,Existing,"existing, construction, future",transit-layer-manifest.json
Rebuilt transit network,models/supplemental/transit-revamp/districts/dixie-applewood/transitway.glb,145168,f67d25c952435a3dd90c9b6600087118f5fb54fd91f6e915611219cb7cfbae68,"Y-up metres; x=E-615000, y=Z-70, z=4827000-N","HML counterpart segments are schematic where OSM only maps one track; wye second connector includes an inferred diamond crossing. Exact turnout and crossover engineering is not verified. New flyover deck display is 165 m CGVD2013, with smooth terrain approach transitions. This is an illustrative vertical profile; no survey-derived height is claimed. Port Credit below-grade track descent is schematic and intentionally obscured by the terrain surface; the route locator remains available. The unchanged physical representations use display slope caps to avoid bare-earth DTM bridge dips (GO 3.5%, HML 6%, bus 8%). These are schematic profile constraints, not surveyed or approved engineering grades. GTFS route shapes are service paths. GO individual rails use City 2024 photogrammetric Railway lines and do not assert which track every scheduled train uses. Transitway is existing. The Erin Mills–City Centre link includes highway and street running; no continuous dedicated busway is claimed. Station markers are geographic locators, not new station architectural models. City Centre and North Service locators are approximate and carry explicit coordinate tolerances. The displayed 403 guideway envelopes use mapped paired bridge track positions with 2 m outer margins from each track centre and 1 m structural depth. Deck width/depth are illustrative, and no unverified pier positions are added. Service markings now obey normal occlusion. Source-based underground and underpass paths remain continuous in data but are hidden by foreground structures in 3D. Small local clearance is visual, not engineering. This file covers dixie-applewood; windows overlap and must not be added to estimate network length. Supported road-associated portions follow the Road Crossings deck profiles; dedicated busway portions are not snapped onto a parallel highway. Horizontal alignment, colours and normal scene depth are retained.",,Mapped and service-derived Transitway display network,Existing,"existing, construction, future",transit-layer-manifest.json
Rebuilt transit network,models/supplemental/transit-revamp/districts/downtown/go.glb,305416,aaa01d01dd127469b96da5a5f6ec8344771b6492c68084123945750fa8b9464b,"Y-up metres; x=E-615000, y=Z-70, z=4827000-N","HML counterpart segments are schematic where OSM only maps one track; wye second connector includes an inferred diamond crossing. Exact turnout and crossover engineering is not verified. New flyover deck display is 165 m CGVD2013, with smooth terrain approach transitions. This is an illustrative vertical profile; no survey-derived height is claimed. Port Credit below-grade track descent is schematic and intentionally obscured by the terrain surface; the route locator remains available. The unchanged physical representations use display slope caps to avoid bare-earth DTM bridge dips (GO 3.5%, HML 6%, bus 8%). These are schematic profile constraints, not surveyed or approved engineering grades. GTFS route shapes are service paths. GO individual rails use City 2024 photogrammetric Railway lines and do not assert which track every scheduled train uses. Transitway is existing. The Erin Mills–City Centre link includes highway and street running; no continuous dedicated busway is claimed. Station markers are geographic locators, not new station architectural models. City Centre and North Service locators are approximate and carry explicit coordinate tolerances. The displayed 403 guideway envelopes use mapped paired bridge track positions with 2 m outer margins from each track centre and 1 m structural depth. Deck width/depth are illustrative, and no unverified pier positions are added. Service markings now obey normal occlusion. Source-based underground and underpass paths remain continuous in data but are hidden by foreground structures in 3D. Small local clearance is visual, not engineering. This file covers downtown; windows overlap and must not be added to estimate network length.",,Mapped and service-derived GO display network,Existing,"existing, construction, future",transit-layer-manifest.json
Rebuilt transit network,models/supplemental/transit-revamp/districts/downtown/hml.glb,1018780,99ae86402c7162b3c7ee536555998d92ac5dec1f4bafcea928a1e91ecf70ba6d,"Y-up metres; x=E-615000, y=Z-70, z=4827000-N","HML counterpart segments are schematic where OSM only maps one track; wye second connector includes an inferred diamond crossing. Exact turnout and crossover engineering is not verified. New flyover deck display is 165 m CGVD2013, with smooth terrain approach transitions. This is an illustrative vertical profile; no survey-derived height is claimed. Port Credit below-grade track descent is schematic and intentionally obscured by the terrain surface; the route locator remains available. The unchanged physical representations use display slope caps to avoid bare-earth DTM bridge dips (GO 3.5%, HML 6%, bus 8%). These are schematic profile constraints, not surveyed or approved engineering grades. GTFS route shapes are service paths. GO individual rails use City 2024 photogrammetric Railway lines and do not assert which track every scheduled train uses. Transitway is existing. The Erin Mills–City Centre link includes highway and street running; no continuous dedicated busway is claimed. Station markers are geographic locators, not new station architectural models. City Centre and North Service locators are approximate and carry explicit coordinate tolerances. The displayed 403 guideway envelopes use mapped paired bridge track positions with 2 m outer margins from each track centre and 1 m structural depth. Deck width/depth are illustrative, and no unverified pier positions are added. Service markings now obey normal occlusion. Source-based underground and underpass paths remain continuous in data but are hidden by foreground structures in 3D. Small local clearance is visual, not engineering. This file covers downtown; windows overlap and must not be added to estimate network length.",,Mapped and service-derived HML display network,Under Construction,"construction, future",transit-layer-manifest.json
Rebuilt transit network,models/supplemental/transit-revamp/districts/downtown/transitway.glb,219988,7331cc437d9398743847e1c4ec22d5c20820c1694dece6be956c5b8b161b37ab,"Y-up metres; x=E-615000, y=Z-70, z=4827000-N","HML counterpart segments are schematic where OSM only maps one track; wye second connector includes an inferred diamond crossing. Exact turnout and crossover engineering is not verified. New flyover deck display is 165 m CGVD2013, with smooth terrain approach transitions. This is an illustrative vertical profile; no survey-derived height is claimed. Port Credit below-grade track descent is schematic and intentionally obscured by the terrain surface; the route locator remains available. The unchanged physical representations use display slope caps to avoid bare-earth DTM bridge dips (GO 3.5%, HML 6%, bus 8%). These are schematic profile constraints, not surveyed or approved engineering grades. GTFS route shapes are service paths. GO individual rails use City 2024 photogrammetric Railway lines and do not assert which track every scheduled train uses. Transitway is existing. The Erin Mills–City Centre link includes highway and street running; no continuous dedicated busway is claimed. Station markers are geographic locators, not new station architectural models. City Centre and North Service locators are approximate and carry explicit coordinate tolerances. The displayed 403 guideway envelopes use mapped paired bridge track positions with 2 m outer margins from each track centre and 1 m structural depth. Deck width/depth are illustrative, and no unverified pier positions are added. Service markings now obey normal occlusion. Source-based underground and underpass paths remain continuous in data but are hidden by foreground structures in 3D. Small local clearance is visual, not engineering. This file covers downtown; windows overlap and must not be added to estimate network length. Supported road-associated portions follow the Road Crossings deck profiles; dedicated busway portions are not snapped onto a parallel highway. Horizontal alignment, colours and normal scene depth are retained.",,Mapped and service-derived Transitway display network,Existing,"existing, construction, future",transit-layer-manifest.json
Rebuilt transit network,models/supplemental/transit-revamp/districts/erin-mills/go.glb,586248,8678b23cfd10e3ca2acf0dd88de6597c905f9ff4e18c4341e0a7706b96020196,"Y-up metres; x=E-615000, y=Z-70, z=4827000-N","HML counterpart segments are schematic where OSM only maps one track; wye second connector includes an inferred diamond crossing. Exact turnout and crossover engineering is not verified. New flyover deck display is 165 m CGVD2013, with smooth terrain approach transitions. This is an illustrative vertical profile; no survey-derived height is claimed. Port Credit below-grade track descent is schematic and intentionally obscured by the terrain surface; the route locator remains available. The unchanged physical representations use display slope caps to avoid bare-earth DTM bridge dips (GO 3.5%, HML 6%, bus 8%). These are schematic profile constraints, not surveyed or approved engineering grades. GTFS route shapes are service paths. GO individual rails use City 2024 photogrammetric Railway lines and do not assert which track every scheduled train uses. Transitway is existing. The Erin Mills–City Centre link includes highway and street running; no continuous dedicated busway is claimed. Station markers are geographic locators, not new station architectural models. City Centre and North Service locators are approximate and carry explicit coordinate tolerances. The displayed 403 guideway envelopes use mapped paired bridge track positions with 2 m outer margins from each track centre and 1 m structural depth. Deck width/depth are illustrative, and no unverified pier positions are added. Service markings now obey normal occlusion. Source-based underground and underpass paths remain continuous in data but are hidden by foreground structures in 3D. Small local clearance is visual, not engineering. This file covers erin-mills; windows overlap and must not be added to estimate network length.",,Mapped and service-derived GO display network,Existing,"existing, construction, future",transit-layer-manifest.json
Rebuilt transit network,models/supplemental/transit-revamp/districts/erin-mills/transitway.glb,236180,4dd37f9b3e793d78585998ac85761ce8ddd988e4701681ab0aa3b33c230445df,"Y-up metres; x=E-615000, y=Z-70, z=4827000-N","HML counterpart segments are schematic where OSM only maps one track; wye second connector includes an inferred diamond crossing. Exact turnout and crossover engineering is not verified. New flyover deck display is 165 m CGVD2013, with smooth terrain approach transitions. This is an illustrative vertical profile; no survey-derived height is claimed. Port Credit below-grade track descent is schematic and intentionally obscured by the terrain surface; the route locator remains available. The unchanged physical representations use display slope caps to avoid bare-earth DTM bridge dips (GO 3.5%, HML 6%, bus 8%). These are schematic profile constraints, not surveyed or approved engineering grades. GTFS route shapes are service paths. GO individual rails use City 2024 photogrammetric Railway lines and do not assert which track every scheduled train uses. Transitway is existing. The Erin Mills–City Centre link includes highway and street running; no continuous dedicated busway is claimed. Station markers are geographic locators, not new station architectural models. City Centre and North Service locators are approximate and carry explicit coordinate tolerances. The displayed 403 guideway envelopes use mapped paired bridge track positions with 2 m outer margins from each track centre and 1 m structural depth. Deck width/depth are illustrative, and no unverified pier positions are added. Service markings now obey normal occlusion. Source-based underground and underpass paths remain continuous in data but are hidden by foreground structures in 3D. Small local clearance is visual, not engineering. This file covers erin-mills; windows overlap and must not be added to estimate network length. Supported road-associated portions follow the Road Crossings deck profiles; dedicated busway portions are not snapped onto a parallel highway. Horizontal alignment, colours and normal scene depth are retained.",,Mapped and service-derived Transitway display network,Existing,"existing, construction, future",transit-layer-manifest.json
Rebuilt transit network,models/supplemental/transit-revamp/districts/erindale/go.glb,640300,195974f6a17c8d8c9eccfed5235786a35cf32d7bf110d7a057847af4018b590b,"Y-up metres; x=E-615000, y=Z-70, z=4827000-N","HML counterpart segments are schematic where OSM only maps one track; wye second connector includes an inferred diamond crossing. Exact turnout and crossover engineering is not verified. New flyover deck display is 165 m CGVD2013, with smooth terrain approach transitions. This is an illustrative vertical profile; no survey-derived height is claimed. Port Credit below-grade track descent is schematic and intentionally obscured by the terrain surface; the route locator remains available. The unchanged physical representations use display slope caps to avoid bare-earth DTM bridge dips (GO 3.5%, HML 6%, bus 8%). These are schematic profile constraints, not surveyed or approved engineering grades. GTFS route shapes are service paths. GO individual rails use City 2024 photogrammetric Railway lines and do not assert which track every scheduled train uses. Transitway is existing. The Erin Mills–City Centre link includes highway and street running; no continuous dedicated busway is claimed. Station markers are geographic locators, not new station architectural models. City Centre and North Service locators are approximate and carry explicit coordinate tolerances. The displayed 403 guideway envelopes use mapped paired bridge track positions with 2 m outer margins from each track centre and 1 m structural depth. Deck width/depth are illustrative, and no unverified pier positions are added. Service markings now obey normal occlusion. Source-based underground and underpass paths remain continuous in data but are hidden by foreground structures in 3D. Small local clearance is visual, not engineering. This file covers erindale; windows overlap and must not be added to estimate network length.",,Mapped and service-derived GO display network,Existing,"existing, construction, future",transit-layer-manifest.json
Rebuilt transit network,models/supplemental/transit-revamp/districts/erindale/transitway.glb,134684,bb17de36e28127b0f569b5b86a4a4cb2ce9f1dc7bb7fa7004319e52beaaa96a0,"Y-up metres; x=E-615000, y=Z-70, z=4827000-N","HML counterpart segments are schematic where OSM only maps one track; wye second connector includes an inferred diamond crossing. Exact turnout and crossover engineering is not verified. New flyover deck display is 165 m CGVD2013, with smooth terrain approach transitions. This is an illustrative vertical profile; no survey-derived height is claimed. Port Credit below-grade track descent is schematic and intentionally obscured by the terrain surface; the route locator remains available. The unchanged physical representations use display slope caps to avoid bare-earth DTM bridge dips (GO 3.5%, HML 6%, bus 8%). These are schematic profile constraints, not surveyed or approved engineering grades. GTFS route shapes are service paths. GO individual rails use City 2024 photogrammetric Railway lines and do not assert which track every scheduled train uses. Transitway is existing. The Erin Mills–City Centre link includes highway and street running; no continuous dedicated busway is claimed. Station markers are geographic locators, not new station architectural models. City Centre and North Service locators are approximate and carry explicit coordinate tolerances. The displayed 403 guideway envelopes use mapped paired bridge track positions with 2 m outer margins from each track centre and 1 m structural depth. Deck width/depth are illustrative, and no unverified pier positions are added. Service markings now obey normal occlusion. Source-based underground and underpass paths remain continuous in data but are hidden by foreground structures in 3D. Small local clearance is visual, not engineering. This file covers erindale; windows overlap and must not be added to estimate network length. Supported road-associated portions follow the Road Crossings deck profiles; dedicated busway portions are not snapped onto a parallel highway. Horizontal alignment, colours and normal scene depth are retained.",,Mapped and service-derived Transitway display network,Existing,"existing, construction, future",transit-layer-manifest.json
Rebuilt transit network,models/supplemental/transit-revamp/districts/heartland/hml.glb,1478760,9f7d184dd38dee9dbb29e3fdbdde774384f756f545e04c3b7073d0c7b361d7aa,"Y-up metres; x=E-615000, y=Z-70, z=4827000-N","HML counterpart segments are schematic where OSM only maps one track; wye second connector includes an inferred diamond crossing. Exact turnout and crossover engineering is not verified. New flyover deck display is 165 m CGVD2013, with smooth terrain approach transitions. This is an illustrative vertical profile; no survey-derived height is claimed. Port Credit below-grade track descent is schematic and intentionally obscured by the terrain surface; the route locator remains available. The unchanged physical representations use display slope caps to avoid bare-earth DTM bridge dips (GO 3.5%, HML 6%, bus 8%). These are schematic profile constraints, not surveyed or approved engineering grades. GTFS route shapes are service paths. GO individual rails use City 2024 photogrammetric Railway lines and do not assert which track every scheduled train uses. Transitway is existing. The Erin Mills–City Centre link includes highway and street running; no continuous dedicated busway is claimed. Station markers are geographic locators, not new station architectural models. City Centre and North Service locators are approximate and carry explicit coordinate tolerances. The displayed 403 guideway envelopes use mapped paired bridge track positions with 2 m outer margins from each track centre and 1 m structural depth. Deck width/depth are illustrative, and no unverified pier positions are added. Service markings now obey normal occlusion. Source-based underground and underpass paths remain continuous in data but are hidden by foreground structures in 3D. Small local clearance is visual, not engineering. This file covers heartland; windows overlap and must not be added to estimate network length.",,Mapped and service-derived HML display network,Under Construction,"construction, future",transit-layer-manifest.json
Rebuilt transit network,models/supplemental/transit-revamp/districts/lakeview/go.glb,889580,d485f8f6da87465582aa0b4264276662331457ce1d08a22ba896aae9243195c8,"Y-up metres; x=E-615000, y=Z-70, z=4827000-N","HML counterpart segments are schematic where OSM only maps one track; wye second connector includes an inferred diamond crossing. Exact turnout and crossover engineering is not verified. New flyover deck display is 165 m CGVD2013, with smooth terrain approach transitions. This is an illustrative vertical profile; no survey-derived height is claimed. Port Credit below-grade track descent is schematic and intentionally obscured by the terrain surface; the route locator remains available. The unchanged physical representations use display slope caps to avoid bare-earth DTM bridge dips (GO 3.5%, HML 6%, bus 8%). These are schematic profile constraints, not surveyed or approved engineering grades. GTFS route shapes are service paths. GO individual rails use City 2024 photogrammetric Railway lines and do not assert which track every scheduled train uses. Transitway is existing. The Erin Mills–City Centre link includes highway and street running; no continuous dedicated busway is claimed. Station markers are geographic locators, not new station architectural models. City Centre and North Service locators are approximate and carry explicit coordinate tolerances. The displayed 403 guideway envelopes use mapped paired bridge track positions with 2 m outer margins from each track centre and 1 m structural depth. Deck width/depth are illustrative, and no unverified pier positions are added. Service markings now obey normal occlusion. Source-based underground and underpass paths remain continuous in data but are hidden by foreground structures in 3D. Small local clearance is visual, not engineering. This file covers lakeview; windows overlap and must not be added to estimate network length.",,Mapped and service-derived GO display network,Existing,"existing, construction, future",transit-layer-manifest.json
Rebuilt transit network,models/supplemental/transit-revamp/districts/malton/go.glb,1092980,127854d1ccfb6072528914bf3cf78e3346e6d43e3d4fb9b0ad25d2512af70c28,"Y-up metres; x=E-615000, y=Z-70, z=4827000-N","HML counterpart segments are schematic where OSM only maps one track; wye second connector includes an inferred diamond crossing. Exact turnout and crossover engineering is not verified. New flyover deck display is 165 m CGVD2013, with smooth terrain approach transitions. This is an illustrative vertical profile; no survey-derived height is claimed. Port Credit below-grade track descent is schematic and intentionally obscured by the terrain surface; the route locator remains available. The unchanged physical representations use display slope caps to avoid bare-earth DTM bridge dips (GO 3.5%, HML 6%, bus 8%). These are schematic profile constraints, not surveyed or approved engineering grades. GTFS route shapes are service paths. GO individual rails use City 2024 photogrammetric Railway lines and do not assert which track every scheduled train uses. Transitway is existing. The Erin Mills–City Centre link includes highway and street running; no continuous dedicated busway is claimed. Station markers are geographic locators, not new station architectural models. City Centre and North Service locators are approximate and carry explicit coordinate tolerances. The displayed 403 guideway envelopes use mapped paired bridge track positions with 2 m outer margins from each track centre and 1 m structural depth. Deck width/depth are illustrative, and no unverified pier positions are added. Service markings now obey normal occlusion. Source-based underground and underpass paths remain continuous in data but are hidden by foreground structures in 3D. Small local clearance is visual, not engineering. This file covers malton; windows overlap and must not be added to estimate network length.",,Mapped and service-derived GO display network,Existing,"existing, construction, future",transit-layer-manifest.json
Rebuilt transit network,models/supplemental/transit-revamp/districts/meadowvale/go.glb,1355204,584b4db1c0ceca1749c6dba6a9fe4644f1d11ab08d267e1674ab5a083b39ecbf,"Y-up metres; x=E-615000, y=Z-70, z=4827000-N","HML counterpart segments are schematic where OSM only maps one track; wye second connector includes an inferred diamond crossing. Exact turnout and crossover engineering is not verified. New flyover deck display is 165 m CGVD2013, with smooth terrain approach transitions. This is an illustrative vertical profile; no survey-derived height is claimed. Port Credit below-grade track descent is schematic and intentionally obscured by the terrain surface; the route locator remains available. The unchanged physical representations use display slope caps to avoid bare-earth DTM bridge dips (GO 3.5%, HML 6%, bus 8%). These are schematic profile constraints, not surveyed or approved engineering grades. GTFS route shapes are service paths. GO individual rails use City 2024 photogrammetric Railway lines and do not assert which track every scheduled train uses. Transitway is existing. The Erin Mills–City Centre link includes highway and street running; no continuous dedicated busway is claimed. Station markers are geographic locators, not new station architectural models. City Centre and North Service locators are approximate and carry explicit coordinate tolerances. The displayed 403 guideway envelopes use mapped paired bridge track positions with 2 m outer margins from each track centre and 1 m structural depth. Deck width/depth are illustrative, and no unverified pier positions are added. Service markings now obey normal occlusion. Source-based underground and underpass paths remain continuous in data but are hidden by foreground structures in 3D. Small local clearance is visual, not engineering. This file covers meadowvale; windows overlap and must not be added to estimate network length.",,Mapped and service-derived GO display network,Existing,"existing, construction, future",transit-layer-manifest.json
Rebuilt transit network,models/supplemental/transit-revamp/districts/port-credit/go.glb,903844,62d48ac52a187622e65d493fdd7e660c184aca0ac8c50e1154070371de5cab53,"Y-up metres; x=E-615000, y=Z-70, z=4827000-N","HML counterpart segments are schematic where OSM only maps one track; wye second connector includes an inferred diamond crossing. Exact turnout and crossover engineering is not verified. New flyover deck display is 165 m CGVD2013, with smooth terrain approach transitions. This is an illustrative vertical profile; no survey-derived height is claimed. Port Credit below-grade track descent is schematic and intentionally obscured by the terrain surface; the route locator remains available. The unchanged physical representations use display slope caps to avoid bare-earth DTM bridge dips (GO 3.5%, HML 6%, bus 8%). These are schematic profile constraints, not surveyed or approved engineering grades. GTFS route shapes are service paths. GO individual rails use City 2024 photogrammetric Railway lines and do not assert which track every scheduled train uses. Transitway is existing. The Erin Mills–City Centre link includes highway and street running; no continuous dedicated busway is claimed. Station markers are geographic locators, not new station architectural models. City Centre and North Service locators are approximate and carry explicit coordinate tolerances. The displayed 403 guideway envelopes use mapped paired bridge track positions with 2 m outer margins from each track centre and 1 m structural depth. Deck width/depth are illustrative, and no unverified pier positions are added. Service markings now obey normal occlusion. Source-based underground and underpass paths remain continuous in data but are hidden by foreground structures in 3D. Small local clearance is visual, not engineering. This file covers port-credit; windows overlap and must not be added to estimate network length.",,Mapped and service-derived GO display network,Existing,"existing, construction, future",transit-layer-manifest.json
Rebuilt transit network,models/supplemental/transit-revamp/districts/port-credit/hml.glb,340100,929da09622dbb5ee7a391749857d567d45cc4310c502da00ec9eac918ddd53d2,"Y-up metres; x=E-615000, y=Z-70, z=4827000-N","HML counterpart segments are schematic where OSM only maps one track; wye second connector includes an inferred diamond crossing. Exact turnout and crossover engineering is not verified. New flyover deck display is 165 m CGVD2013, with smooth terrain approach transitions. This is an illustrative vertical profile; no survey-derived height is claimed. Port Credit below-grade track descent is schematic and intentionally obscured by the terrain surface; the route locator remains available. The unchanged physical representations use display slope caps to avoid bare-earth DTM bridge dips (GO 3.5%, HML 6%, bus 8%). These are schematic profile constraints, not surveyed or approved engineering grades. GTFS route shapes are service paths. GO individual rails use City 2024 photogrammetric Railway lines and do not assert which track every scheduled train uses. Transitway is existing. The Erin Mills–City Centre link includes highway and street running; no continuous dedicated busway is claimed. Station markers are geographic locators, not new station architectural models. City Centre and North Service locators are approximate and carry explicit coordinate tolerances. The displayed 403 guideway envelopes use mapped paired bridge track positions with 2 m outer margins from each track centre and 1 m structural depth. Deck width/depth are illustrative, and no unverified pier positions are added. Service markings now obey normal occlusion. Source-based underground and underpass paths remain continuous in data but are hidden by foreground structures in 3D. Small local clearance is visual, not engineering. This file covers port-credit; windows overlap and must not be added to estimate network length.",,Mapped and service-derived HML display network,Under Construction,"construction, future",transit-layer-manifest.json
Rebuilt transit network,models/supplemental/transit-revamp/districts/streetsville/go.glb,1056136,36451a79cde8973dfa131c1c8fb57d903a0234388240957964013576afddb0d3,"Y-up metres; x=E-615000, y=Z-70, z=4827000-N","HML counterpart segments are schematic where OSM only maps one track; wye second connector includes an inferred diamond crossing. Exact turnout and crossover engineering is not verified. New flyover deck display is 165 m CGVD2013, with smooth terrain approach transitions. This is an illustrative vertical profile; no survey-derived height is claimed. Port Credit below-grade track descent is schematic and intentionally obscured by the terrain surface; the route locator remains available. The unchanged physical representations use display slope caps to avoid bare-earth DTM bridge dips (GO 3.5%, HML 6%, bus 8%). These are schematic profile constraints, not surveyed or approved engineering grades. GTFS route shapes are service paths. GO individual rails use City 2024 photogrammetric Railway lines and do not assert which track every scheduled train uses. Transitway is existing. The Erin Mills–City Centre link includes highway and street running; no continuous dedicated busway is claimed. Station markers are geographic locators, not new station architectural models. City Centre and North Service locators are approximate and carry explicit coordinate tolerances. The displayed 403 guideway envelopes use mapped paired bridge track positions with 2 m outer margins from each track centre and 1 m structural depth. Deck width/depth are illustrative, and no unverified pier positions are added. Service markings now obey normal occlusion. Source-based underground and underpass paths remain continuous in data but are hidden by foreground structures in 3D. Small local clearance is visual, not engineering. This file covers streetsville; windows overlap and must not be added to estimate network length.",,Mapped and service-derived GO display network,Existing,"existing, construction, future",transit-layer-manifest.json
Rebuilt transit network,models/supplemental/transit-revamp/districts/uptown/hml.glb,1565256,3926df00c0e96d52b535a5109e7e0e3ba3e4491cfc336f3ad8d1fc25af6c0ce0,"Y-up metres; x=E-615000, y=Z-70, z=4827000-N","HML counterpart segments are schematic where OSM only maps one track; wye second connector includes an inferred diamond crossing. Exact turnout and crossover engineering is not verified. New flyover deck display is 165 m CGVD2013, with smooth terrain approach transitions. This is an illustrative vertical profile; no survey-derived height is claimed. Port Credit below-grade track descent is schematic and intentionally obscured by the terrain surface; the route locator remains available. The unchanged physical representations use display slope caps to avoid bare-earth DTM bridge dips (GO 3.5%, HML 6%, bus 8%). These are schematic profile constraints, not surveyed or approved engineering grades. GTFS route shapes are service paths. GO individual rails use City 2024 photogrammetric Railway lines and do not assert which track every scheduled train uses. Transitway is existing. The Erin Mills–City Centre link includes highway and street running; no continuous dedicated busway is claimed. Station markers are geographic locators, not new station architectural models. City Centre and North Service locators are approximate and carry explicit coordinate tolerances. The displayed 403 guideway envelopes use mapped paired bridge track positions with 2 m outer margins from each track centre and 1 m structural depth. Deck width/depth are illustrative, and no unverified pier positions are added. Service markings now obey normal occlusion. Source-based underground and underpass paths remain continuous in data but are hidden by foreground structures in 3D. Small local clearance is visual, not engineering. This file covers uptown; windows overlap and must not be added to estimate network length.",,Mapped and service-derived HML display network,Under Construction,"construction, future",transit-layer-manifest.json
Rebuilt transit network,models/supplemental/transit-revamp/districts/uptown/transitway.glb,156816,1ad3aca140b80e2c6170b65d712ae35644a7e9952d0398f763a486ef43aaeaee,"Y-up metres; x=E-615000, y=Z-70, z=4827000-N","HML counterpart segments are schematic where OSM only maps one track; wye second connector includes an inferred diamond crossing. Exact turnout and crossover engineering is not verified. New flyover deck display is 165 m CGVD2013, with smooth terrain approach transitions. This is an illustrative vertical profile; no survey-derived height is claimed. Port Credit below-grade track descent is schematic and intentionally obscured by the terrain surface; the route locator remains available. The unchanged physical representations use display slope caps to avoid bare-earth DTM bridge dips (GO 3.5%, HML 6%, bus 8%). These are schematic profile constraints, not surveyed or approved engineering grades. GTFS route shapes are service paths. GO individual rails use City 2024 photogrammetric Railway lines and do not assert which track every scheduled train uses. Transitway is existing. The Erin Mills–City Centre link includes highway and street running; no continuous dedicated busway is claimed. Station markers are geographic locators, not new station architectural models. City Centre and North Service locators are approximate and carry explicit coordinate tolerances. The displayed 403 guideway envelopes use mapped paired bridge track positions with 2 m outer margins from each track centre and 1 m structural depth. Deck width/depth are illustrative, and no unverified pier positions are added. Service markings now obey normal occlusion. Source-based underground and underpass paths remain continuous in data but are hidden by foreground structures in 3D. Small local clearance is visual, not engineering. This file covers uptown; windows overlap and must not be added to estimate network length. Supported road-associated portions follow the Road Crossings deck profiles; dedicated busway portions are not snapped onto a parallel highway. Horizontal alignment, colours and normal scene depth are retained.",,Mapped and service-derived Transitway display network,Existing,"existing, construction, future",transit-layer-manifest.json
Rebuilt transit network,models/supplemental/transit-revamp/go-citywide.glb,7900652,f1977862c94ba86be40782f3170821e016ee8d7315927e4700618598123d581b,"Y-up metres; x=E-615000, y=Z-70, z=4827000-N","HML counterpart segments are schematic where OSM only maps one track; wye second connector includes an inferred diamond crossing. Exact turnout and crossover engineering is not verified. New flyover deck display is 165 m CGVD2013, with smooth terrain approach transitions. This is an illustrative vertical profile; no survey-derived height is claimed. Port Credit below-grade track descent is schematic and intentionally obscured by the terrain surface; the route locator remains available. The unchanged physical representations use display slope caps to avoid bare-earth DTM bridge dips (GO 3.5%, HML 6%, bus 8%). These are schematic profile constraints, not surveyed or approved engineering grades. GTFS route shapes are service paths. GO individual rails use City 2024 photogrammetric Railway lines and do not assert which track every scheduled train uses. Transitway is existing. The Erin Mills–City Centre link includes highway and street running; no continuous dedicated busway is claimed. Station markers are geographic locators, not new station architectural models. City Centre and North Service locators are approximate and carry explicit coordinate tolerances. The displayed 403 guideway envelopes use mapped paired bridge track positions with 2 m outer margins from each track centre and 1 m structural depth. Deck width/depth are illustrative, and no unverified pier positions are added. Service markings now obey normal occlusion. Source-based underground and underpass paths remain continuous in data but are hidden by foreground structures in 3D. Small local clearance is visual, not engineering. This file covers citywide-full; windows overlap and must not be added to estimate network length.",,Mapped and service-derived GO display network,Existing,"existing, construction, future",transit-layer-manifest.json
Rebuilt transit network,models/supplemental/transit-revamp/hml-citywide.glb,3665884,31c2c8774f74aaa815f5a52e2666f6db1e6ac8682dc014ad9c355bc502f0d674,"Y-up metres; x=E-615000, y=Z-70, z=4827000-N","HML counterpart segments are schematic where OSM only maps one track; wye second connector includes an inferred diamond crossing. Exact turnout and crossover engineering is not verified. New flyover deck display is 165 m CGVD2013, with smooth terrain approach transitions. This is an illustrative vertical profile; no survey-derived height is claimed. Port Credit below-grade track descent is schematic and intentionally obscured by the terrain surface; the route locator remains available. The unchanged physical representations use display slope caps to avoid bare-earth DTM bridge dips (GO 3.5%, HML 6%, bus 8%). These are schematic profile constraints, not surveyed or approved engineering grades. GTFS route shapes are service paths. GO individual rails use City 2024 photogrammetric Railway lines and do not assert which track every scheduled train uses. Transitway is existing. The Erin Mills–City Centre link includes highway and street running; no continuous dedicated busway is claimed. Station markers are geographic locators, not new station architectural models. City Centre and North Service locators are approximate and carry explicit coordinate tolerances. The displayed 403 guideway envelopes use mapped paired bridge track positions with 2 m outer margins from each track centre and 1 m structural depth. Deck width/depth are illustrative, and no unverified pier positions are added. Service markings now obey normal occlusion. Source-based underground and underpass paths remain continuous in data but are hidden by foreground structures in 3D. Small local clearance is visual, not engineering. This file covers citywide-full; windows overlap and must not be added to estimate network length.",,Mapped and service-derived HML display network,Under Construction,"construction, future",transit-layer-manifest.json
Rebuilt transit network,models/supplemental/transit-revamp/transitway-citywide.glb,889648,c0c6e57adc7d1c0b069f4d5a93226c578f2cf53bb92d4b7230a01208c68f3e25,"Y-up metres; x=E-615000, y=Z-70, z=4827000-N","HML counterpart segments are schematic where OSM only maps one track; wye second connector includes an inferred diamond crossing. Exact turnout and crossover engineering is not verified. New flyover deck display is 165 m CGVD2013, with smooth terrain approach transitions. This is an illustrative vertical profile; no survey-derived height is claimed. Port Credit below-grade track descent is schematic and intentionally obscured by the terrain surface; the route locator remains available. The unchanged physical representations use display slope caps to avoid bare-earth DTM bridge dips (GO 3.5%, HML 6%, bus 8%). These are schematic profile constraints, not surveyed or approved engineering grades. GTFS route shapes are service paths. GO individual rails use City 2024 photogrammetric Railway lines and do not assert which track every scheduled train uses. Transitway is existing. The Erin Mills–City Centre link includes highway and street running; no continuous dedicated busway is claimed. Station markers are geographic locators, not new station architectural models. City Centre and North Service locators are approximate and carry explicit coordinate tolerances. The displayed 403 guideway envelopes use mapped paired bridge track positions with 2 m outer margins from each track centre and 1 m structural depth. Deck width/depth are illustrative, and no unverified pier positions are added. Service markings now obey normal occlusion. Source-based underground and underpass paths remain continuous in data but are hidden by foreground structures in 3D. Small local clearance is visual, not engineering. This file covers citywide-full; windows overlap and must not be added to estimate network length. Supported road-associated portions follow the Road Crossings deck profiles; dedicated busway portions are not snapped onto a parallel highway. Horizontal alignment, colours and normal scene depth are retained.",,Mapped and service-derived Transitway display network,Existing,"existing, construction, future",transit-layer-manifest.json
Original City conversion,models/tile-101.glb,16052516,8ce204a473dd83039a1c1527bf5eb98a84bd452b191fb5c4331d91ecfc1fc846,"Y-up metres; x=E-615000, y=Z-70, z=4827000-N",Provenance-only municipal source snapshot; not the current recommended or repaired model. Use reviewed/reconciled exports and their current replacement metadata. EPSG:26917 horizontal; consult metadata for elevation datum and approximation. Preserved original municipal conversion; source status attributes and duplicate/superseded designs may be stale. Use the reviewed package and public overrides for the researched scenario.,,,,,
Original City conversion,models/tile-102.glb,21927900,0ffd1f6fb54aad77b56790bdb12b98d330105c6993dd093af042b54ddb6752fe,"Y-up metres; x=E-615000, y=Z-70, z=4827000-N",Provenance-only municipal source snapshot; not the current recommended or repaired model. Use reviewed/reconciled exports and their current replacement metadata. EPSG:26917 horizontal; consult metadata for elevation datum and approximation. Preserved original municipal conversion; source status attributes and duplicate/superseded designs may be stale. Use the reviewed package and public overrides for the researched scenario.,,,,,
Original City conversion,models/tile-103.glb,3828188,94b092660951e23c135b488cfe193ecd3eaafd453761d21898e03cff601b72cb,"Y-up metres; x=E-615000, y=Z-70, z=4827000-N",Provenance-only municipal source snapshot; not the current recommended or repaired model. Use reviewed/reconciled exports and their current replacement metadata. EPSG:26917 horizontal; consult metadata for elevation datum and approximation. Preserved original municipal conversion; source status attributes and duplicate/superseded designs may be stale. Use the reviewed package and public overrides for the researched scenario.,,,,,
Original City conversion,models/tile-11.glb,21213668,6ba4bc49053f834703f24fe57460503a83eda283cc13fe8c0a897e5e87cc7589,"Y-up metres; x=E-615000, y=Z-70, z=4827000-N",Provenance-only municipal source snapshot; not the current recommended or repaired model. Use reviewed/reconciled exports and their current replacement metadata. EPSG:26917 horizontal; consult metadata for elevation datum and approximation. Preserved original municipal conversion; source status attributes and duplicate/superseded designs may be stale. Use the reviewed package and public overrides for the researched scenario.,,,,,
Original City conversion,models/tile-12.glb,63891136,1e5b7122adca917df5c6637d47b439381a1b22b22f862f616878159bdf1e81b6,"Y-up metres; x=E-615000, y=Z-70, z=4827000-N",Provenance-only municipal source snapshot; not the current recommended or repaired model. Use reviewed/reconciled exports and their current replacement metadata. EPSG:26917 horizontal; consult metadata for elevation datum and approximation. Preserved original municipal conversion; source status attributes and duplicate/superseded designs may be stale. Use the reviewed package and public overrides for the researched scenario.,,,,,
Original City conversion,models/tile-13.glb,44261104,d07bd1aea03ac9b7d57f2b00303979feacd6e5b8940330fe6bb013415673a51d,"Y-up metres; x=E-615000, y=Z-70, z=4827000-N",Provenance-only municipal source snapshot; not the current recommended or repaired model. Use reviewed/reconciled exports and their current replacement metadata. EPSG:26917 horizontal; consult metadata for elevation datum and approximation. Preserved original municipal conversion; source status attributes and duplicate/superseded designs may be stale. Use the reviewed package and public overrides for the researched scenario.,,,,,
Original City conversion,models/tile-21.glb,16124812,2436006d418f8cea1570e1dc2f1066d14c8e6ee66dda28cdc14d348b602e09d6,"Y-up metres; x=E-615000, y=Z-70, z=4827000-N",Provenance-only municipal source snapshot; not the current recommended or repaired model. Use reviewed/reconciled exports and their current replacement metadata. EPSG:26917 horizontal; consult metadata for elevation datum and approximation. Preserved original municipal conversion; source status attributes and duplicate/superseded designs may be stale. Use the reviewed package and public overrides for the researched scenario.,,,,,
Original City conversion,models/tile-22.glb,54235368,bee514198bd09555e6b901bb73210da3c75c11514bcb2075ddfffa770de89e29,"Y-up metres; x=E-615000, y=Z-70, z=4827000-N",Provenance-only municipal source snapshot; not the current recommended or repaired model. Use reviewed/reconciled exports and their current replacement metadata. EPSG:26917 horizontal; consult metadata for elevation datum and approximation. Preserved original municipal conversion; source status attributes and duplicate/superseded designs may be stale. Use the reviewed package and public overrides for the researched scenario.,,,,,
Original City conversion,models/tile-23.glb,28476228,9775b24020198db9a2cbcb935205535c0d19f6e99f7bf75c8f58dc7a5532323d,"Y-up metres; x=E-615000, y=Z-70, z=4827000-N",Provenance-only municipal source snapshot; not the current recommended or repaired model. Use reviewed/reconciled exports and their current replacement metadata. EPSG:26917 horizontal; consult metadata for elevation datum and approximation. Preserved original municipal conversion; source status attributes and duplicate/superseded designs may be stale. Use the reviewed package and public overrides for the researched scenario.,,,,,
Original City conversion,models/tile-31.glb,2533120,b79faf960d4141f335d98387ea22226b7c09f30de0c6897374e89a13feaf3e70,"Y-up metres; x=E-615000, y=Z-70, z=4827000-N",Provenance-only municipal source snapshot; not the current recommended or repaired model. Use reviewed/reconciled exports and their current replacement metadata. EPSG:26917 horizontal; consult metadata for elevation datum and approximation. Preserved original municipal conversion; source status attributes and duplicate/superseded designs may be stale. Use the reviewed package and public overrides for the researched scenario.,,,,,
Original City conversion,models/tile-32.glb,12254096,2a109b3f5c4827b6b2b9a599c5ad2d2d7573b3bbd951fc35b0c7239f7bee30d8,"Y-up metres; x=E-615000, y=Z-70, z=4827000-N",Provenance-only municipal source snapshot; not the current recommended or repaired model. Use reviewed/reconciled exports and their current replacement metadata. EPSG:26917 horizontal; consult metadata for elevation datum and approximation. Preserved original municipal conversion; source status attributes and duplicate/superseded designs may be stale. Use the reviewed package and public overrides for the researched scenario.,,,,,
Original City conversion,models/tile-33.glb,21882644,59cb7546012c34171b7eccb5df482e97e8ad6a87d784604ed00579fa3b12aef3,"Y-up metres; x=E-615000, y=Z-70, z=4827000-N",Provenance-only municipal source snapshot; not the current recommended or repaired model. Use reviewed/reconciled exports and their current replacement metadata. EPSG:26917 horizontal; consult metadata for elevation datum and approximation. Preserved original municipal conversion; source status attributes and duplicate/superseded designs may be stale. Use the reviewed package and public overrides for the researched scenario.,,,,,
Original City conversion,models/tile-41.glb,23125240,b5858a26b453ba2e95ba37e63682e83c2525cfdd71c2be9288668bbc763b8964,"Y-up metres; x=E-615000, y=Z-70, z=4827000-N",Provenance-only municipal source snapshot; not the current recommended or repaired model. Use reviewed/reconciled exports and their current replacement metadata. EPSG:26917 horizontal; consult metadata for elevation datum and approximation. Preserved original municipal conversion; source status attributes and duplicate/superseded designs may be stale. Use the reviewed package and public overrides for the researched scenario.,,,,,
Original City conversion,models/tile-42.glb,10175732,4366fc01ef6bdf167069cd0e6000a0918d4d29720f8e397a11564f07450818fb,"Y-up metres; x=E-615000, y=Z-70, z=4827000-N",Provenance-only municipal source snapshot; not the current recommended or repaired model. Use reviewed/reconciled exports and their current replacement metadata. EPSG:26917 horizontal; consult metadata for elevation datum and approximation. Preserved original municipal conversion; source status attributes and duplicate/superseded designs may be stale. Use the reviewed package and public overrides for the researched scenario.,,,,,
Original City conversion,models/tile-43.glb,5327516,e5a7fd18f19fb3f87c808065c84611013d67096172a4b79cbaff2f2ea0e2336e,"Y-up metres; x=E-615000, y=Z-70, z=4827000-N",Provenance-only municipal source snapshot; not the current recommended or repaired model. Use reviewed/reconciled exports and their current replacement metadata. EPSG:26917 horizontal; consult metadata for elevation datum and approximation. Preserved original municipal conversion; source status attributes and duplicate/superseded designs may be stale. Use the reviewed package and public overrides for the researched scenario.,,,,,
Original City conversion,models/tile-51.glb,24375352,5a25bff5ee8828ff377016a90525804302682de4e70366b44378592c7b3a1d9e,"Y-up metres; x=E-615000, y=Z-70, z=4827000-N",Provenance-only municipal source snapshot; not the current recommended or repaired model. Use reviewed/reconciled exports and their current replacement metadata. EPSG:26917 horizontal; consult metadata for elevation datum and approximation. Preserved original municipal conversion; source status attributes and duplicate/superseded designs may be stale. Use the reviewed package and public overrides for the researched scenario.,,,,,
Original City conversion,models/tile-52.glb,21565752,c9ffbb0de4db23b392d1a91d9cb0159e417af1a97503161d7bfa87349c815cec,"Y-up metres; x=E-615000, y=Z-70, z=4827000-N",Provenance-only municipal source snapshot; not the current recommended or repaired model. Use reviewed/reconciled exports and their current replacement metadata. EPSG:26917 horizontal; consult metadata for elevation datum and approximation. Preserved original municipal conversion; source status attributes and duplicate/superseded designs may be stale. Use the reviewed package and public overrides for the researched scenario.,,,,,
Original City conversion,models/tile-53.glb,11536668,b1b49cb6e1fd1ded06c0fff5215a1354dcb9c75571fddc64058102d142df81a9,"Y-up metres; x=E-615000, y=Z-70, z=4827000-N",Provenance-only municipal source snapshot; not the current recommended or repaired model. Use reviewed/reconciled exports and their current replacement metadata. EPSG:26917 horizontal; consult metadata for elevation datum and approximation. Preserved original municipal conversion; source status attributes and duplicate/superseded designs may be stale. Use the reviewed package and public overrides for the researched scenario.,,,,,
Original City conversion,models/tile-61.glb,11701968,396d5c6f9a72ca78b3df8a4fc1e463e7bde97e427184269242140ba7083885a8,"Y-up metres; x=E-615000, y=Z-70, z=4827000-N",Provenance-only municipal source snapshot; not the current recommended or repaired model. Use reviewed/reconciled exports and their current replacement metadata. EPSG:26917 horizontal; consult metadata for elevation datum and approximation. Preserved original municipal conversion; source status attributes and duplicate/superseded designs may be stale. Use the reviewed package and public overrides for the researched scenario.,,,,,
Original City conversion,models/tile-62.glb,21996308,88c14aa5c31082b0ac603224b976883b4e617474dc3403b10c53e635100af4c1,"Y-up metres; x=E-615000, y=Z-70, z=4827000-N",Provenance-only municipal source snapshot; not the current recommended or repaired model. Use reviewed/reconciled exports and their current replacement metadata. EPSG:26917 horizontal; consult metadata for elevation datum and approximation. Preserved original municipal conversion; source status attributes and duplicate/superseded designs may be stale. Use the reviewed package and public overrides for the researched scenario.,,,,,
Original City conversion,models/tile-63.glb,62060108,dd1f50e1bd5acc2f484e36a083d0f96debab4363d0bccdd9d1b3b38bf3501b69,"Y-up metres; x=E-615000, y=Z-70, z=4827000-N",Provenance-only municipal source snapshot; not the current recommended or repaired model. Use reviewed/reconciled exports and their current replacement metadata. EPSG:26917 horizontal; consult metadata for elevation datum and approximation. Preserved original municipal conversion; source status attributes and duplicate/superseded designs may be stale. Use the reviewed package and public overrides for the researched scenario.,,,,,
Original City conversion,models/tile-71.glb,20758620,547ceb3768c6ef8e531be60407e8c4cce9fac076832ecddf7a0721feb8f7e81e,"Y-up metres; x=E-615000, y=Z-70, z=4827000-N",Provenance-only municipal source snapshot; not the current recommended or repaired model. Use reviewed/reconciled exports and their current replacement metadata. EPSG:26917 horizontal; consult metadata for elevation datum and approximation. Preserved original municipal conversion; source status attributes and duplicate/superseded designs may be stale. Use the reviewed package and public overrides for the researched scenario.,,,,,
Original City conversion,models/tile-72.glb,23827352,0e586dc0243f37e922a5c375b18b7753c75ff0b1adf44aa485ed1ae07e4c1a71,"Y-up metres; x=E-615000, y=Z-70, z=4827000-N",Provenance-only municipal source snapshot; not the current recommended or repaired model. Use reviewed/reconciled exports and their current replacement metadata. EPSG:26917 horizontal; consult metadata for elevation datum and approximation. Preserved original municipal conversion; source status attributes and duplicate/superseded designs may be stale. Use the reviewed package and public overrides for the researched scenario.,,,,,
Original City conversion,models/tile-73.glb,17299468,800ef2d30d88443c5b177cdb21d344da4283ee815a3165738079efbbedb4e756,"Y-up metres; x=E-615000, y=Z-70, z=4827000-N",Provenance-only municipal source snapshot; not the current recommended or repaired model. Use reviewed/reconciled exports and their current replacement metadata. EPSG:26917 horizontal; consult metadata for elevation datum and approximation. Preserved original municipal conversion; source status attributes and duplicate/superseded designs may be stale. Use the reviewed package and public overrides for the researched scenario.,,,,,
Original City conversion,models/tile-81.glb,11829532,0ec84cdcd36e53792cd9cf7a36bd76ae51887698c5d09efb1da5b105b3bffae1,"Y-up metres; x=E-615000, y=Z-70, z=4827000-N",Provenance-only municipal source snapshot; not the current recommended or repaired model. Use reviewed/reconciled exports and their current replacement metadata. EPSG:26917 horizontal; consult metadata for elevation datum and approximation. Preserved original municipal conversion; source status attributes and duplicate/superseded designs may be stale. Use the reviewed package and public overrides for the researched scenario.,,,,,
Original City conversion,models/tile-82.glb,18772756,24127ccbb0bc94bd238b8e9e948d6bbd2bbdbbadeb908a2f4a63b83fe608c146,"Y-up metres; x=E-615000, y=Z-70, z=4827000-N",Provenance-only municipal source snapshot; not the current recommended or repaired model. Use reviewed/reconciled exports and their current replacement metadata. EPSG:26917 horizontal; consult metadata for elevation datum and approximation. Preserved original municipal conversion; source status attributes and duplicate/superseded designs may be stale. Use the reviewed package and public overrides for the researched scenario.,,,,,
Original City conversion,models/tile-83.glb,8375860,0430fde86f9806bccf6062b3fe732af00ddda50d79931facbff04db78d3c6415,"Y-up metres; x=E-615000, y=Z-70, z=4827000-N",Provenance-only municipal source snapshot; not the current recommended or repaired model. Use reviewed/reconciled exports and their current replacement metadata. EPSG:26917 horizontal; consult metadata for elevation datum and approximation. Preserved original municipal conversion; source status attributes and duplicate/superseded designs may be stale. Use the reviewed package and public overrides for the researched scenario.,,,,,
Original City conversion,models/tile-91.glb,19655204,55c3e161bfc3628a7e75df7b7a62ebd929c10c342985ea013a607774ccc51148,"Y-up metres; x=E-615000, y=Z-70, z=4827000-N",Provenance-only municipal source snapshot; not the current recommended or repaired model. Use reviewed/reconciled exports and their current replacement metadata. EPSG:26917 horizontal; consult metadata for elevation datum and approximation. Preserved original municipal conversion; source status attributes and duplicate/superseded designs may be stale. Use the reviewed package and public overrides for the researched scenario.,,,,,
Original City conversion,models/tile-92.glb,21347604,176a4377b0ffbc333cd7cd9aaa01d43766c6dec11012a5ca52fb8da8fc082b04,"Y-up metres; x=E-615000, y=Z-70, z=4827000-N",Provenance-only municipal source snapshot; not the current recommended or repaired model. Use reviewed/reconciled exports and their current replacement metadata. EPSG:26917 horizontal; consult metadata for elevation datum and approximation. Preserved original municipal conversion; source status attributes and duplicate/superseded designs may be stale. Use the reviewed package and public overrides for the researched scenario.,,,,,
Original City conversion,models/tile-93.glb,3012992,75df776211d67bf2d19f6f006c201b9b6a6909f1320bf0b495e70f6524b0a0a6,"Y-up metres; x=E-615000, y=Z-70, z=4827000-N",Provenance-only municipal source snapshot; not the current recommended or repaired model. Use reviewed/reconciled exports and their current replacement metadata. EPSG:26917 horizontal; consult metadata for elevation datum and approximation. Preserved original municipal conversion; source status attributes and duplicate/superseded designs may be stale. Use the reviewed package and public overrides for the researched scenario.,,,,,
