id,name,address,status,statusDate,storeys,heightM,actualCompletionDate,completionYear,targetCompletionDate,geometryCoverage,modelCaveat,sources
mcity-1-2,M City M1 and M2,Confederation Parkway and Burnhamthorpe Road West,completed,2024,61 | 61,199.2 | 200,2023–2024,,,Source geometry available; current detail may differ,CTBUH architectural heights differ from UrbanToronto's 197.81 m and 60 storeys. The City's 61-storey figure is a marketing count. Preserve the distinction.,https://www.mississauga.ca/projects-and-strategies/city-projects/m-city/ | https://www.mcitycondos.com/construction.php | https://www.skyscrapercenter.com/complex/2859 | https://urbantoronto.ca/database/projects/m-city
mcity-3,M City M3,448 Burnhamthorpe Road West,Under construction; structure topped,2026-07-15,77,260.29,,,2026-Q4,photo-and-plan-derived approximate crown shell,Municipal lower capture remains unchanged. Upper contour interpolated from published plans; crown now represented by a photo-derived stepped silhouette anchored to 260.29 m. Intermediate crown dimensions approximate and mechanical cavities omitted.,https://www.mississauga.ca/projects-and-strategies/city-projects/m-city/ | https://www.mcitycondos.com/construction.php | https://www.skyscrapercenter.com/complex/2859 | https://verticalurbanism.org/news-article/in-mississaugas-m-city-the-next-building-tops-out-at-260-meters/ | https://andrewfisher.ca/portfolio/m3-at-mcity/ | https://mcitycondos.com/assets/img/condominiums/m3/floorplans/M3_2.pdf | https://urbantoronto.ca/news/2026/07/crown-materializing-crane-dematerialzing-m3-canadas-tallest-building-outside-toronto.61378 | https://cdn.skyrisecities.com/sites/default/files/images/articles/2026/07/61378/61378-200210.jpeg | https://cdn.skyrisecities.com/sites/default/files/images/articles/2026/07/61378/61378-200211.jpeg | https://www.waltersgroupinc.com/project/m-city/
mcity-4,M City M4,3981 Redmond Road,under-construction,2026-spring,67,215.6,,,2028-Q4,Published-plan envelope added; approximate placement and maximum roof profile,"The recorded-construction asset uses the sourced level-41 elevation, with an approximate vertical cut and explicit date. Completion is a forecast, distinct from phased occupancy.",https://www.mississauga.ca/projects-and-strategies/city-projects/m-city/ | https://www.mcitycondos.com/construction.php | https://urbantoronto.ca/news/2020/05/fourth-tower-proposed-m-city-community-mississauga.42335 | https://services6.arcgis.com/hM5ymMLbxIyWTjn2/arcgis/rest/services/Growth_Management_%E2%80%93_Issued_Building_Permits/FeatureServer/0 | https://urbantoronto.ca/forum/attachments/1590440424001-png.247625/ | https://urbantoronto.ca/forum/attachments/1590440570442-png.247627/
mcity-5,M City M5,"M City, Mississauga",under-construction,2026-spring,36,,,,2027-Q4,native developer interaction proxy; unverified architectural envelope,Native developer interaction proxy georegistered to community diagram; exact architectural height unknown. Native 117.87-unit extent is not a verified building height. Future-only; actual floor 27 progress not inferred from this envelope.,https://www.mississauga.ca/projects-and-strategies/city-projects/m-city/ | https://www.mcitycondos.com/construction.php | https://www.skyscrapercenter.com/complex/2859 | https://mcitycondos.com/assets/m5-3d-amenities/ | https://mcitycondos.com/assets/m5-3d-amenities/assets/building/all.gltf | https://mcitycondos.com/assets/m5-3d-amenities/assets/building/all.bin | https://www.mcitycondos.com/assets/img/community/m6-community-map.jpg
mcity-6,M City M6,3990 Redmond Road,proposed-preconstruction,2026-10-06,58,,,,,Source geometry available; current detail may differ,The June 2026 City register describes 58 storeys. The architect page describes an earlier 55-storey version. Municipal SP 22-145 geometry has a 186.85 m tower height attribute; retain its exact surfaces. CTBUH explicitly estimates 194 m and that estimate is not a replacement height.,https://www.hariripontarini.com/projects/m-city-block-2-3 | https://www.mississauga.ca/projects-and-strategies/city-projects/m-city/ | https://www.skyscrapercenter.com/complex/2859 | https://services6.arcgis.com/hM5ymMLbxIyWTjn2/arcgis/rest/services/Growth_Management_%E2%80%93_Active_Development_Applications/FeatureServer/0
mcity-7-8,M City M7 and M8,3970 Redmond Road and 535 Webb Drive,proposed-preconstruction,2026-10-06,50 | 45,,,,,Source geometry available; current detail may differ,Municipal SP 24-30 geometry attributes are 163.16 and 146.91 m. CTBUH's 175 and 159 m were not accepted as verified measurements. Assign individual tower names only after checking their positions against a site plan.,https://www.hariripontarini.com/projects/m-city-block-2-3 | https://www.mississauga.ca/projects-and-strategies/city-projects/m-city/ | https://www.skyscrapercenter.com/complex/2859 | https://services6.arcgis.com/hM5ymMLbxIyWTjn2/arcgis/rest/services/Growth_Management_%E2%80%93_Active_Development_Applications/FeatureServer/0
square-one-masterplan,Square One District master plan,Square One Shopping Centre and surrounding lands,long-term-masterplan,2025-11-12,,,,,,Latest geometry unavailable in source model,"Oxford's 2025 account gives 48 buildings, including 41 residential buildings; the original architect's plan has 37 towers. These are different program definitions or versions. Do not invent towers from these totals or duplicate the separately listed phases.",https://www.oxfordproperties.com/news/square-one-district-rich-living-with-a-european-touch | https://www.hariripontarini.com/projects/square-one-district | https://www.mississauga.ca/wp-content/uploads/2025/01/15082458/MOPA177-jan-2025.pdf
square-one-phase1,Square One District Phase 1: STAK 36 and Dialogue,Square One Drive and Confederation Parkway,completed-operating,2026-09-20,48 | 37,,Completed / operating by April 2026,,,Source geometry available; current detail may differ,"The current Daniels fact sheet lists STAK 36 at 48 storeys; older Oxford retail material says 44. Dialogue is marketed at 37, while some architectural records count 36. Municipal mesh 63-6238 is the dated 2024 capture of both towers. Remove overlapping proposal components 63-6225, 63-6226 and 63-6227 from the reviewed future. Final roof geometry remains unverified.",https://publications.oxfordproperties.com/sq1-district-retail/about-sq1-district-retail | https://www.rentdialogue.com/suites | https://www.oxfordproperties.com/news/square-one-district-rich-living-with-a-european-touch | https://danielsaccess.com/wp-content/uploads/2024/08/240446_T8175_Stak36_Fast-Fact-Sheet_8.5x11_FA1.pdf | https://danielsaccess.com/wp-content/uploads/2024/08/Stak36_Siteplan_v2.pdf
square-one-phase2,Square One District: 4250 Living Arts Drive and 320 Rathburn Road West,4250 Living Arts Drive and 320 Rathburn Road West (formerly 4220 Living Arts Drive),proposed,2026-09-20,41 | 31,,,,,Source geometry available; current detail may differ,"SP 19-144 is described as two towers of 41 and 31 storeys in the June 2026 City register. Earlier marketing and UrbanToronto describe other versions. Four retained municipal components form two remaining tower and podium pairs. Components 63-6225, 63-6226 and 63-6227 actually overlap the completed first-phase towers and are excluded as duplicates. Current storeys do not establish precise architectural heights.",https://urbantoronto.ca/database/projects/4220-living-arts-drive-phase-2.56772 | https://www.mississauga.ca/wp-content/uploads/2025/01/15082458/MOPA177-jan-2025.pdf | https://publications.oxfordproperties.com/sq1-district-retail/about-sq1-district-retail | https://services6.arcgis.com/hM5ymMLbxIyWTjn2/arcgis/rest/services/Growth_Management_%E2%80%93_Active_Development_Applications/FeatureServer/0
square-one-block5-t1,Square One District Block 5 Tower 1,SE corner Rathburn Road West and Duke of York Boulevard; application 100 City Centre Drive,site-plan-proposed,2026-04,47,169.75,,,,New public-plan-derived schematic now available,Schematic reconstruction of the submitted T 1 building from a published architects–Alliance roof/site plan. Adjacent Block 5 towers are conceptual and are not included. Roof-zone heights follow printed labels; horizontal outlines are digitised from a raster. Three public intersection controls establish location; estimated ±5 m placement and ±1 m plan-contour uncertainty. Facades and entrances are not reconstructed.,https://urbantoronto.ca/news/2026/04/47-storeys-proposed-next-square-one-district-transformation.60745 | https://urbantoronto.ca/forum/threads/toronto-square-one-block-5-tower-1-169-75m-47s-oxford-properties-a%E2%80%94a.43139/ | https://www.mississauga.ca/wp-content/uploads/2025/01/15082458/MOPA177-jan-2025.pdf | https://services6.arcgis.com/hM5ymMLbxIyWTjn2/arcgis/rest/services/Growth_Management_%E2%80%93_Active_Development_Applications/FeatureServer/0 | https://cdn.skyrisecities.com/sites/default/files/images/articles/2026/04/60745/60745-196039.jpg | https://cdn.skyrisecities.com/sites/default/files/images/articles/2026/04/60745/60745-196038.jpg
square-one-block22,Square One District Block 22 /97–101 City Centre,97–101 City Centre Drive,On hold · optional dated 2021 roof/podium reference,2026-10-08,65 | 55,205.25 | 175.25,,,,Optional dated 2021 reference; current exact geometry and roof-height relationship unverified,"approximation of HPA A 100/A 003 revision 3, April 23 2021, not a current approved or as-built design. A 100 shows stepped podium roofs and tower terraces that the retained flat municipal proxies omit. The actual north roof contours are extracted from drawing vectors. Intermediate tower outlines are inferred by fitting the A 003 plate-area programme and A 100 setback directions; the southern intermediate profiles reuse the shared typology as a mirrored inference. Both green roof surfaces are actually source-vector-traced; the southern rooftop envelope is adjusted to contain its supplied roof outline. Ground podium coverage and enclosed volume below each roof remain approximate without floor plans. Window spacing/frames and finishes are reference approximations; no current facade schedule was supplied. Printed roof EL 335.55/365.55 and roof/height comparisons suggest an additional 7.5 m roof enclosure above the quoted 175.25/205.25 m heights, but elevations/sections and Burnside C 200 revision 5 are needed to confirm the grade, height definition and ASL interpretation. The source-based study uses those printed roof levels and an inferred EL 152.80 grade; it does not silently change the project catalogue heights. Mechanical/mezzanine and typical-floor elevations are inferred to fit the total, not measured levels. Open roof zones are retained and no exposed basements are exported. Roads are untouched. The applications remain open and applicant-paused, not officially cancelled; no start or completion timeline is confirmed.","A100 SITE PLAN (ROOF).pdf | A003 STATISTICS.pdf | https://fliphtml5.com/dbzgn/hsze/HPA-_Selected_Residential_Mixed-Use_Portfolio_2025_Q2/ | https://urbantoronto.ca/forum/threads/toronto-97-101-city-centre-drive-m-65s-oxford-properties-hariri-pontarini.30788/ | Hariri Pontarini Architects, project 1807, A100 SITE PLAN (ROOF) and A003 STATISTICS, revision 3, 23 April 2021; City of Mississauga planning references."
square-one-office,Offices at Square One District /Block 14,Square One District,proposed,2026-09-20,19,,,,,Source geometry available; current detail may differ,"Square One Block 14, SP 20-99, may correspond to this project. Its 73.1 m mesh requires a spatial and drawing match. Current web sources did not establish the final architectural height.",https://livesquareonedistrict.com/the-offices/ | https://www.investmississauga.ca/downtown/commercial-opportunities/offices-sq1-district/
exchange-district,"Exchange District: EX1, EX2, EX3 and EXS",151 City Centre Drive precinct,under-construction-partly-completed,2026-09-20,60 | 42 | 66 | 30,201 | 136 | None | 96,,,Phased; see individual towers,Source geometry available; current detail may differ,"The four towers have different completion states. CVU/CTBUH calls the tallest tower EX 4 and the shortest EX 3; current marketing uses EX 3 and EXS. These are aliases, not extra towers. Source full geometry is a supplied design and is not as-built proof. Native material nodes cross phases; EXS requires triangle-level spatial classification. EX 3 now follows the architect’s 66-storey description. The former 72-storey/232 m form is historical; current metre height is unverified. Its future blue crown is a retained design interpretation, not proof of completion.",https://urbantoronto.ca/news/2024/12/mississaugas-high-point-passes-exchange-district-condos.57488 | https://urbantoronto.ca/database/projects/exchange-district-condos.42230 | https://www.arcadis.com/en-us/projects/north-america/canada/exchange-district | https://www.skyscrapercenter.com/complex/4765 | https://urbantoronto.ca/news/2025/05/colour-coming-mississauga-skyline-exchange-district-crowns.58641 | https://rentexs.com/ | https://www.skyscrapercenter.com/building/exchange-district-condos-ex1/40025 | https://www.skyscrapercenter.com/building/exchange-district-condos-ex2/40026 | https://www.skyscrapercenter.com/building/exchange-district-condos-ex4/40024 | https://www.maedcollective.com/projects/exchange-district-ex3 | https://urbantoronto.ca/news/2026/02/ex3-climbs-higher-exchange-district-mississauga-city-centre.60405 | https://www.arcadis.com/en/projects/north-america/canada/exchange-district | https://urbantoronto.ca/forum/threads/toronto-exchange-district-condos-232m-72s-camrost-felcorp-arcadis.29739/page-77 | https://urbantoronto.ca/forum/attachments/20260905_155540-copy-jpg.762969/
exchange-south,Exchange District South /The Southlands,3672 Kariya Drive; 152 Burnhamthorpe Road W/135 Webb Drive W in 2026 rental report,proposed-active,2026-03,72 | 60 | 60 | 40,,,,,Source geometry available; current detail may differ,"Municipal SP 22-60 meshes carry 232, 185.05, 185.05 and 125.45 m and appear to reflect the earlier 70-storey tallest tower. The newer 72-storey variant lacks a verified updated height here. March 2026 permit and construction dates are projections, not proof of groundbreaking.",https://urbantoronto.ca/database/projects/southlands.48305 | https://www.mississauga.ca/wp-content/uploads/2025/01/15082458/MOPA177-jan-2025.pdf | https://pub-mississauga.escribemeetings.com/filestream.ashx?DocumentId=83367
180-burnhamthorpe,180 Burnhamthorpe Road West,180 Burnhamthorpe Road West,proposed-version-conflict,2026-09-20,60 | 40,,,,May 2030,Geometry conflict or version uncertainty; inspect evidence,"The City active-application register as of June 30, 2026 describes two towers of 40 and 60 storeys with an eight-storey podium. A published 2023 revision gives 71 and 46 storeys, with heights of 230.15 m and 155.40 m. Municipal mesh attributes of 135.995 m and 195.595 m do not match that revision. The current register may retain older wording; no dated approved elevation resolves the conflict. Retain the source meshes with a version warning and remove the preliminary definitive supersession claim.",https://urbantoronto.ca/forum/threads/toronto-180-burnhamthorpe-road-west-230-15m-71s-emblem-developments-arcadis.32151/page-4 | https://www.skyscrapercenter.com/building/180-burnhamthorpe-road-west-tower-a/46733 | https://pub-mississauga.escribemeetings.com/filestream.ashx?DocumentId=83367 | https://www.mississauga.ca/wp-content/uploads/2025/01/15082458/MOPA177-jan-2025.pdf | https://services6.arcgis.com/hM5ymMLbxIyWTjn2/arcgis/rest/services/Growth_Management_%E2%80%93_Active_Development_Applications/FeatureServer/0
4310-sherwoodtowne,4310 Sherwoodtowne Boulevard,4310 Sherwoodtowne Boulevard,proposed,2026-09-20,70 | 60,226.1,,,,Geometry conflict or version uncertainty; inspect evidence,The published 70- and 60-storey scheme has a tallest tower of 226.1 m. Municipal SP 24-41 meshes instead carry 165.25 and 141.35 m. This major discrepancy is unresolved and could represent a newer design or model error. Do not assert that either version is definitive.,https://urbantoronto.ca/forum/threads/toronto-4310-sherwoodtowne-boulevard-226-1m-70s-bdp-quadrangle.35512/ | https://www.mississauga.ca/wp-content/uploads/2025/01/15082458/MOPA177-jan-2025.pdf | https://services6.arcgis.com/hM5ymMLbxIyWTjn2/arcgis/rest/services/Growth_Management_%E2%80%93_Active_Development_Applications/FeatureServer/0
avia,Parkside Village Avia 1 and 2,430 Square One Drive and 4130 Parkside Village Drive,completed,2025-08-07,50 | 38,,"Completed by August 7, 2025",,,Source geometry available; current detail may differ,"Native City source geometry retained. Current developer community pages confirm completion. The July 2025 developer article says 48/38 storeys, while Amacon’s portfolio, its November update and the architect’s completion announcement use 50/38; the existing 50/38 record is retained with that discrepancy disclosed. CVU’s 171 m and 130 m heights are estimates, not measured architectural dimensions. Exact completion and occupancy days are unverified.",https://www.lifeatparkside.com/post/voya-takes-shape-as-construction-reaches-new-heights | https://urbantoronto.ca/database/projects/parkside-village-avia-1-2.43527 | https://www.lifeatparkside.com/post/celebrating-avia-the-ongoing-evolution-of-parkside-village | https://www.lifeatparkside.com/communities | https://amacon.com/portfolio/
voya,Voya at Parkside Village,4116 Parkside Village Drive,Under construction; structurally topped; upper roof finishing continues,2026-08-09,44 | 38,142.25 | None,,,Fall 2026 (developer target),Connected curved podium and distinct source-traced balcony profiles for both towers,"Approximate reconstruction from published plans and photographs, not surveyed or as-built geometry. The connected podium, tower orientation and separate park-facing balcony outlines are source-referenced. Only explicitly labelled lower transition-floor variations are reconstructed; no repeating wave is invented. Existing tower centres and heights are retained; exact shorter-tower height and occupancy remain unverified. Voya is adjacent to Zonta Meadows, but the unnamed commenter’s intended building is not confirmed.","https://www.lifeatparkside.com/post/introducing-voya-at-parkside-village | https://www.lifeatparkside.com/post/voya-takes-shape-as-construction-reaches-new-heights | https://www.mississauga.ca/wp-content/uploads/2025/01/15082458/MOPA177-jan-2025.pdf | https://drive.google.com/file/d/115Ov9j6l_W9jU44khuYdgLmyBYevCrkq/view | https://drive.google.com/file/d/1gp8KweoV7p11d59d8FJswPzO-7LBousF/view | https://www.mississauga.ca/apps/#/property-preview/compliance-report-coa-text/66203/329571 | https://os-prod-api.mississauga.ca/api/v1/plan-build/compliance/report/coa-prop?coaId=66203&realPropId=329571 | https://urbantoronto.ca/forum/threads/toronto-voya-142-25m-44s-amacon-turner-fleischer.32225/page-10 | https://urbantoronto.ca/forum/attachments/1785965443342-jpeg.755864/ | https://api.openstreetmap.org/api/0.6/map?bbox=-79.654,43.585,-79.645,43.59 | https://api.openstreetmap.org/api/0.6/changeset/181696491 | https://www.lifeatparkside.com/communities | https://www.lifeatparkside.com/voya | https://www.lifeatparkside.com/_files/ugd/fc95b3_94cf7a7c8b4940f795c0925758a098f2.pdf | https://drive.google.com/file/d/1pfkjmAscByYQIsNJNI0pTIQH45OyE-x5/view | https://drive.google.com/file/d/1JCBCyTtws8cyU2IbI28OzBQWHhz7h8dJ/view | https://services6.arcgis.com/hM5ymMLbxIyWTjn2/arcgis/rest/services/Parcel/FeatureServer/0"
parkside-block11,Parkside Village Block 11 future phase,Parkside Village Block 11,approved-old-current-status-unconfirmed,2020,55 | 40 | 12,,,,,Latest geometry unavailable in source model,Retain the older approval as uncertain rather than cancelled. Confirm the precise block and any subsequent name or design change before placing geometry.,https://pub-mississauga.escribemeetings.com/filestream.ashx?DocumentId=34 | https://urbantoronto.ca/forum/threads/parkside-village-block-11-mcc-amacon-development-s-12s-40s-56s-richmond-architects.30841/
edge-oro,Edge Towers and Oro,Elm Drive West at Hurontario Street; Oro 16 Elm in municipal record,mixed-completed-and-under-construction,2026-09-20,35 | 40 | 50,,,,,Source geometry available; current detail may differ,"The developer's construction confirmation supersedes the municipal Proposed label for 16 Elm, SP 20-103. Counts of 35 and 40 storeys are secondary crosschecks; 50 is primary. CTBUH's approximate 170 m was not used as a verified architectural height.",https://www.solmar.ca/oro-at-edge-towers/ | https://www.solmar.ca/news | https://urbantoronto.ca/forum/threads/oro-edge-towers-m-50s-solmar-rosario-varacalli.19140/page-44
artform,Artform,86 Dundas Street East,completed,2024,17,,2024,,,Latest geometry unavailable in source model,Place in the Cooksville section of the atlas. No exact architectural height was verified.,https://www.emblemdevcorp.com/projects/artform | https://urbantoronto.ca/news/2024/12/urbantoronto-year-end-poll-vote-best-buildings-2024-presented-sapphire-balconies.57307
keystone,Keystone by Kaneff,202 / 208 Burnhamthorpe Road East,Existing,2024,23 | 20,,2024,,,Municipal source geometry identified and retained,"Retain unchanged completed municipal mesh 72-6175; assign to Keystone dossier. No duplicate supplemental tower mesh needed. 81.42 m and 71.90 m are derived from captured vertices above the shared lowest source vertex, not verified architectural height dimensions. Do not replace separate dossier architectural height unknown values with these.",https://keystonecondos.ca/ | https://www.newswire.ca/news-releases/kaneff-group-of-companies-breaks-ground-on-keystone-condos-an-architectural-masterpiece-in-the-heart-of-city-centre-mississauga-offering-buyers-an-unparalleled-investment-opportunity-812164919.html | https://urbantoronto.ca/news/2024/12/urbantoronto-year-end-poll-vote-best-buildings-2024-presented-sapphire-balconies.57307 | https://keystonecondos.ca/towers/ | https://keystonecondos.ca/wp-content/uploads/SitePlan-large.jpg
living-arts-precinct,Living Arts Centre precinct vision,Living Arts Centre and Community Common precinct,council-endorsed-vision-feasibility,2026-06-24,20 | 9,,,,,Latest geometry unavailable in source model,This is not construction approval or final geometry. Show only in an optional vision layer. The illustrated 20-storey rental and 9-storey office buildings are not binding approvals.,https://www.mississauga.ca/city-of-mississauga-news/news/mississauga-unveils-once-in-a-generation-vision-to-transform-the-downtown-core/ | https://www.mississauga.ca/city-of-mississauga-news/news/council-recap-june-24-2026/ | https://urbantoronto.ca/news/2026/03/mississauga-offers-vision-living-arts-centre-precinct-redevelopment.60529
325-burnhamthorpe,325 Burnhamthorpe Road West /YMCA lands,335 and 355 Burnhamthorpe Road West (formerly 325 Burnhamthorpe Road West),proposed,2026-09-20,65 | 62 | 59 | 57 | 52,,,,,Source geometry available; current detail may differ,"The 2021 letter has 4,277 units, while later records have 3,523. Tower names and heights vary by version. Municipal SP 22-139 geometry attributes are 200.15, 182.45, 176.25, 191 and 161.2 m; these are not independently confirmed architectural heights. No official cancellation was found.",https://www.mississauga.ca/publication/opa-21-21-w4-325-burnhamthorpe-road-west/ | https://www.mississauga.ca/wp-content/uploads/2022/03/07173622/W4_325_Planning_Opinion_Letter_Feb2022.pdf | https://www.skyscrapercenter.com/complex/5850 | https://urbantoronto.ca/news/2026/03/mississauga-offers-vision-living-arts-centre-precinct-redevelopment.60529 | https://services6.arcgis.com/hM5ymMLbxIyWTjn2/arcgis/rest/services/Growth_Management_%E2%80%93_Active_Development_Applications/FeatureServer/0
3600-hurontario,3600 Hurontario Street /Enfield Place II,3600 Hurontario Street at Matthews Gate,proposed,2026-09-20,51,,,,,Source geometry available; current detail may differ,"Municipal data has both 3600 Hurontario, SP 25-3, and Enfield Place II, SP 25-21, on adjacent portions of the site. They may be phases or versions; do not infer two confirmed towers until their plans are reconciled. The 2024 City record references the older SP 09-27.",https://urbantoronto.ca/database/projects/3600-hurontario-street.49725 | https://pub-mississauga.escribemeetings.com/filestream.ashx?DocumentId=54200
3680-hurontario-concept,3680 Hurontario Street concept,3680 Hurontario Street,sale-feasibility-concept,2021,71,,,,,Latest geometry unavailable in source model,No formal application was verified. Site clearance alone does not establish tower construction. Keep it off the default model and label any optional display as a concept.,https://urbantoronto.ca/database/projects/3680-hurontario-street.53184 | https://urbantoronto.ca/forum/threads/toronto-3680-hurontario-street-m-71s.35956/ | https://listingsprod.blob.core.windows.net/ourlistings-can/ac3f6f95-f9bf-44b1-b448-0ef7f23482b8/a1b2b9b0-741d-4d9c-a8c4-15814b7a6b5f
brightwater-master,Brightwater / Port Credit West Village,70 Mississauga Road South and 181 Lakeshore Road West,Partially built; future blocks approved,2026-01-14,35,,,,2029–2034 (future blocks forecast),Dated plan-derived concept; storey-based vertical estimate,"Only the adopted CURRENT right-hand plan was traced; superseded P/Q/U layouts on the comparison left are excluded. Concept-visible podium wings, open courtyards, curved O 2 outline and Campus terraces are simplified. Windows, balconies, doors, roof equipment, cladding, landscaping and parcel grading are not invented. Terrace bands are reduced to the labelled principal podium steps because the source raster cannot support precise intermediate contours. The concept was adopted in 2024. November 2025 committee approval supports implementing those permissions; detailed 2025/2026 zoning PDFs returned access errors, so their precise plan contours were not independently compared.",https://experiencebrightwater.ca/ | https://www.mississauga.ca/wp-content/uploads/2026/01/22112618/OZ-25-17-W1-Notice-of-Passing-public-notice.pdf | https://pub-mississauga.escribemeetings.com/Meeting.aspx?Agenda=Merged&Id=3a029998-7e38-412d-ae02-2a20023eeedf&lang=English | https://urbantoronto.ca/forum/threads/brightwater-35s-kilmer-dream-fram-slokker-peel-housing-corp-gpa-tf.19328/ | https://newsfile.futunn.com/public/NN-PersistNoticeAttachment/7781/20260218/SEDAR_PLUS/CSA_SEDAR_PLUS_NOTICE_RECORD_ID_2321819.pdf | https://www.streetinsider.com/Business%2BWire/Dream%2BImpact%2BTrust%2BReports%2BSecond%2BQuarter%2B2026%2BResults/26867648.html | https://www.streetinsider.com/Business%2BWire/Dream%2BImpact%2BTrust%2BReports%2BThird%2BQuarter%2B2025%2BResults/25546512.html | https://www.mississauga.ca/wp-content/uploads/2024/11/07091151/OPA-24-4-W1-OPA-181-Notice-of-Passing-Public-Notice.pdf | https://www.urbanstrategies.com/project/portcredit_brightwater/ | https://data.mississauga.ca/pages/mississauga-3d | https://ws.geoservices.lrc.gov.on.ca/arcgis5/rest/services/Elevation/Ontario_DTM_LidarDerived/ImageServer
brightwater-one-two,Brightwater I & II,Lakeshore Road West at Missinnihe Way,Completed baseline,2024,5 | 14,,2024,,,Municipal source geometry identified and retained,Municipal award report identifies Brightwater I at 215 Lakeshore West. Source footprints align with C 1 and H 1 on the current adopted masterplan.,https://experiencebrightwater.ca/ | https://urbantoronto.ca/news/2024/12/urbantoronto-year-end-poll-vote-best-buildings-2024-presented-sapphire-balconies.57307 | https://dream.ca/wp-content/uploads/2024/05/Dream-Impact-Trust_Q1-2024_combined-For-filing.pdf | https://newsfile.futunn.com/public/NN-PersistNoticeAttachment/7781/20260218/SEDAR_PLUS/CSA_SEDAR_PLUS_NOTICE_RECORD_ID_2321819.pdf
brightwater-mason,The Mason at Brightwater,"251 Masonry Way, Brightwater",Completed and occupied baseline,2025,9,,2025,,,Municipal source geometry identified and retained,"Source footprint matches G 1. Nine-storey-scale body is already represented: captured ground 81.82, main roof 115.12 and upper roof 120.62 m ASL. Retain this geometry without stretching.",https://experiencebrightwater.ca/ | https://renx.ca/index.php/brightwater-community-is-progressing-in-all-facets | https://investors.dream.ca/wp-content/uploads/2025/05/Dream-Unlimited-Q1-2025_FINAL.pdf | https://newsfile.futunn.com/public/NN-PersistNoticeAttachment/7781/20260218/SEDAR_PLUS/CSA_SEDAR_PLUS_NOTICE_RECORD_ID_2321819.pdf
brightwater-bridge-house,Bridge House at Brightwater,"70 Mississauga Road South, Brightwater",Planning; construction start not verified,2025-12-31,6 | 15 | 19,,,,2030,Geometry conflict or version uncertainty; inspect evidence,Construction commencement was not confirmed. No official cancellation was found. Latest explicit reviewed forecast is 2030 occupancy in the year-end 2025 planning table. Source geometry remains a phase-matching issue; a financial unit count is not an exact footprint or facade source.,https://renx.ca/index.php/brightwater-community-is-progressing-in-all-facets | https://urbantoronto.ca/forum/threads/toronto-bridge-house-m-19s-pcwvp-a%E2%80%94a.34762/ | https://experiencebrightwater.ca/ | https://newsfile.futunn.com/public/NN-PersistNoticeAttachment/7781/20260218/SEDAR_PLUS/CSA_SEDAR_PLUS_NOTICE_RECORD_ID_2321819.pdf | https://experiencebrightwater.ca/bridge-house/
lakeview-master,Lakeview Village,"Former generating station lands, south of Lakeshore Road East and east of Lakefront Promenade",Infrastructure and first residential phase under construction,2026-09-20,,,,,,Geometry conflict or version uncertainty; inspect evidence,"The current City overview projects 12,000 homes, developer marketing advertises up to 11,000, and the provincial ceiling remains 16,000. These are different quantities, not a resolved final build-out. The 2019 concept is not used to invent buildings on unverified parcels. Twenty-six retained City components are now cross-referenced to Block 1/Branthaven, Block 2, Greenpark SP 24/015 and Block 15. Current additions cover Harbourwalk, Pier House/Block 4, South Banks and Aura reference envelopes. Greenpark’s fourth tall-body discrepancy, Innovation District parcel architecture, remaining village blocks and final public-space details remain unresolved. These additions do not mean the complete village is modelled.",https://www.mississauga.ca/projects-and-strategies/city-projects/lakeview-waterfront-area-redevelopment/lakeview-village/ | https://www.sasaki.com/projects/lakeview-village-master-plan/ | https://www.mississauga.ca/wp-content/uploads/2018/10/03165546/inspiration-lakeview-masterplan-compressed-2.pdf | https://thepointer.com/article/2026-09-04/mississauga-residents-skeptical-after-lakeview-village-proposal-drops-by-4k-units-to-accommodate-more-townhomes | https://www.mississauga.ca/wp-content/uploads/2024/04/01115530/lakeview-village-environmental-noise-feasibility-report.pdf | https://cdn.aglty.io/tgbxpvs6/pillars/planning/LakeviewVillage_DMP4.0.pdf | https://mylakeviewvillage.com/project | https://www.tridel.com/condos/lakeviewvillagecondos/1678227525/ | https://www.mississauga.ca/projects-and-strategies/city-projects/lakeview-waterfront-area-redevelopment/lakeview-village/ | https://services6.arcgis.com/hM5ymMLbxIyWTjn2/ArcGIS/rest/services/Site_Plan_Applications/FeatureServer/0
lakeview-harbourwalk,Harbourwalk,910 Aerodrome Avenue and 700 Leading Sea Avenue,Under construction,2026-08,19,,,,Fall 2028,Modelled reference reconstruction: parcel-registered stepped wings and open courtyard; dimensions approximate,"Approximate independent reconstruction from Tridel site-plan/terrace artwork, registered to City SP 21/168 parcel. Two 19-storey wings and courtyard are source-supported. 61.7 m display maximum (60.8 m roof plus 0.9 m parapet) is an estimate, not a published height; height tolerance ±6 m, placement ±5 m and outline ±3 m are interpretive bounds. 5 m entrance level, 3.10 m upper floor spacing, balcony/slab/parapet thicknesses, terrace taper spacing and exterior detailing are inferred. This shows the planned finished form of a project under construction, not a measured current construction stage.",https://www.tridel.com/lakeviewvillagecondos/news/ | https://urbantoronto.ca/database/projects/harbourwalk-lakeview-village.48912 | https://urbantoronto.ca/news/2025/03/cranes-mississaugas-lakeview-village-first-phases-advance.58211 | https://www.mississauga.ca/projects-and-strategies/city-projects/lakeview-waterfront-area-redevelopment/lakeview-village/ | https://services6.arcgis.com/hM5ymMLbxIyWTjn2/ArcGIS/rest/services/Site_Plan_Applications/FeatureServer/0 | https://pub-mississauga.escribemeetings.com/filestream.ashx?DocumentId=74360 | https://www.tridel.com/lakeviewvillagecondos/ | https://www.landpower.ca/static/media/Harbourwalk-Brochure.pdf | https://www.tridel.com/condos/lakeviewvillagecondos/1678227525/ | https://www.tridel.com/condos/lakeviewvillagecondos/1716401810/
lakeview-aquanova,Aquanova,950 Aerodrome Avenue,Marketed/preconstruction,2026-09-20,43,,,,,Retained City tower identified by current parcel and address; current detailed architecture unverified,"Existing City component 103-1083 is the Greenpark tower at 950 Aerodrome Avenue: its footprint contains the official City address point and lies wholly within SP 24/015. It is retained unchanged, not added again. The City application lists a 43-storey tower; Greenpark markets 42 floors of suites, so the overall/suite counts refer to different conventions. Source 143.81 m Bldg_Hght is not independently verified final height. Other Greenpark components stay in the Lakeview parent: the source has three tall bodies, while the current application describes four towers; the fourth-body discrepancy is unresolved.",https://greenparkgroup.ca/new-homes/mississauga/aquanova/ | https://greenparkgroup.ca/blog/live-easy-is-back/ | https://urbantoronto.ca/forum/threads/toronto-aquanova-condos-at-lakeview-village-m-43s-greenpark-graziani-corazza.32662/ | https://aquanovacondos.com/ | https://services6.arcgis.com/hM5ymMLbxIyWTjn2/ArcGIS/rest/services/Address/FeatureServer/0 | https://services6.arcgis.com/hM5ymMLbxIyWTjn2/ArcGIS/rest/services/Site_Plan_Applications/FeatureServer/0
lakeview-birch,Birch Condos & Towns,"Lakeview Village, northwest of Harbourwalk",Planned; construction not verified,2025-03,14 | 3 | 3 | 3 | 3 | 3 | 3,,,,,"Retained City Block 1/Branthaven massing, current architecture version unverified","Eight existing City components are wholly contained within current SP 22/056 Block 1, explicitly described as Branthaven in the City layer. This identifies the retained Birch-era condo and six townhome rows without constructing duplicates. Current detailed architecture and completion remain unverified; the application remains active. Pier House is separately registered at Block 4 and is not a reason to remove this older geometry without cancellation evidence.",https://staging.branthaven.com/stg/pier-house/ | https://urbantoronto.ca/news/2025/03/cranes-mississaugas-lakeview-village-first-phases-advance.58211 | https://www.branthaven.com/communities/pier-house/ | https://services6.arcgis.com/hM5ymMLbxIyWTjn2/ArcGIS/rest/services/Site_Plan_Applications/FeatureServer/0
lakeview-innovation,Lakeview Innovation District,Eastern employment lands within Lakeview Village,Planned employment district,2026-09-20,,,,,,Latest geometry unavailable in source model,The district can be represented as a planning area. Specific office building geometry has not been verified.,https://www.ideamississauga.ca/discover/lakeview-innovation-district/ | https://www.mississauga.ca/projects-and-strategies/city-projects/lakeview-waterfront-area-redevelopment/lakeview-village/ | https://mylakeviewvillage.com/
rangeview,Rangeview Estates,850–1083 Rangeview Road and 830–1076 Lakeshore Road East,Master plan endorsed; Official Plan Amendment 204,2026-02,25,,,,,Latest geometry unavailable in source model,"25 storeys is a maximum, not a complete tower schedule. Use MOPA 204 and the latest plan rather than the earlier 3,700-home assumption. Master plan endorsement does not establish that every building is approved for construction.",https://www.mississauga.ca/services-and-programs/planning-and-development/development-applications/active-development-applications/rangeview-estates-opa-24-11-w1/ | https://www.mississauga.ca/wp-content/uploads/2026/02/13121528/MOPA204.pdf | https://www.mississauga.ca/wp-content/uploads/2024/12/09150635/master-plan-opa-24-11-w1.pdf | https://urbantoronto.ca/database/projects/rangeview.54077 | https://bousfields.ca/project/rangeview-development-master-plan/
clarkson-toc,Clarkson GO Transit-Oriented Community,Clarkson GO station lands north of the railway at Southdown Road,Provincial proposal,2026-01-22,25 | 30 | 40 | 45 | 35 | 40 | 45,,,,,Architect-supplied schematic massing; georegistration and base grades remain approximate.,"A 100 and native geometry use 82.75 m for A 1, while A 200 labels 87.75 m. Native geometry is retained. No detailed facade or construction approval is implied.",https://www.infrastructureontario.ca/clarkson-toc | https://www.infrastructureontario.ca/48f69a/contentassets/a57a6b1574004fcfb9937d296d7a81b5/260116_clarkson-toc_virtualopenhouse-1-deck_aoda.pdf | https://www.mississauga.ca/services-and-programs/planning-and-development/guide-to-city-planning-and-development/guiding-city-growth/transit-oriented-communities/ | https://www.infrastructureontario.ca/4ae7bc/contentassets/a57a6b1574004fcfb9937d296d7a81b5/clarkson-planning-justification-report.pdf | https://www.infrastructureontario.ca/en/what-we-do/projectssearch/clarkson-go-transit-oriented-community/ | https://data.mississauga.ca/pages/mississauga-3d | https://ws.geoservices.lrc.gov.on.ca/arcgis5/rest/services/Elevation/Ontario_DTM_LidarDerived/ImageServer | https://www.infrastructureontario.ca/en/what-we-do/projectssearch/clarkson-go-transit-oriented-community/ | https://www.infrastructureontario.ca/en/what-we-do/projectssearch/clarkson-go-transit-oriented-community/
clarkson-royal-windsor,2077–2105 Royal Windsor Drive,"2077, 2087, 2097 and 2105 Royal Windsor Drive",Under review; October 2024 revised design,2024-10,35 | 31 | 35 | 25,111.73 | 99.73 | 111.8 | 81.8,,,,Source geometry available; current detail may differ,"The stated metric heights are the architectural building-height dimensions, excluding additional mechanical penthouse height. The City overview still describes the older 29/27/25/23-storey proposal.",https://www.mississauga.ca/services-and-programs/planning-and-development/development-applications/active-development-applications/2077-to-2105-royal-windsor-drive-oz-opa-22-31-w2/ | https://www.mississauga.ca/wp-content/uploads/2024/11/14160222/context-plan-and-site-plan-october-2024-oz-opa-22-31-w2.pdf | https://urbantoronto.ca/news/2024/12/four-tower-resubmission-adds-height-public-park-near-mississaugas-clarkson-go-station.57647
port-credit-88-park,88 Park / Port Credit mobility hub,"88 Park Street East, former GO parking lot",Tribunal settlement; preconstruction,2025-03,36 | 29,131.5 | 104.7,,,,Geometry conflict or version uncertainty; inspect evidence,The earlier 42/40-storey design is superseded. The City report gives 131.5 m and 104.7 m. The downloaded City mesh tops out below those dimensions and needs replacement or clarification before claiming current geometry.,https://pub-mississauga.escribemeetings.com/filestream.ashx?DocumentId=78584 | https://www.mississauga.ca/wp-content/uploads/2025/06/18125538/Planning-Rationale-OZ-OPA-25-10-W1-June-2025.pdf | https://urbantoronto.ca/forum/threads/toronto-88-park-131-5m-36s-edenshaw-core-architects.21550/page-5 | https://edenshaw.com/communities/
port-credit-42-46-park,42–46 Park / Park and Elizabeth,42–46 Park Street East and 23 Elizabeth Street North,Council approved; preconstruction,2025-12-10,30,95,,,,Geometry conflict or version uncertainty; inspect evidence,The main building height is 95 m; the 101 m secondary-source figure includes a six-metre mechanical penthouse. Do not add 30 and 31 as separate towers. The City mesh marked 113.35 m is inconsistent with the adopted design.,https://www.mississauga.ca/wp-content/uploads/2025/12/18093753/OZ-OPA-25-10-W1-Notice-of-Passing-public-notice.pdf | https://www.mississauga.ca/wp-content/uploads/2026/01/23103916/MOPA205-Jan-2026.pdf | https://www.mississauga.ca/wp-content/uploads/2025/06/18125538/Planning-Rationale-OZ-OPA-25-10-W1-June-2025.pdf | https://urbantoronto.ca/database/projects/42-46-park-street-east.48077 | https://edenshaw.com/communities/
port-credit-70-park,70 Park infill,"70 Park Street East, 23–31 Helene Street North and 53 Queen Street East",Tribunal settlement approved; no verified construction start,2025-07-10,33,105.7,,,,Source-registered settlement zoning-envelope schematic,"This is the maximum permitted settlement zoning envelope, not an architectural design or a verified finished facade. Contours follow the actual settlement diagram rather than stretching a superseded City model. The height-zone surfaces are independently extruded; coincident hidden surfaces remain. Cladding, railings, detailed balconies, structural openings and landscaping are not inferred. Building base is the median sampled Ontario DTM grade, not a legally calculated or approved established grade. Relative maximum heights are taken verbatim from the governing diagram. The July 10, 2025 order labels the 33-storey height 105.7 m; a later City surrounding-development report lists 107.7 m. This model uses the governing order and preserves that discrepancy explicitly. The order permits rooftop appurtenances up to 7.5 m above the height limit, but no footprint is delineated, so they are omitted. A maximum projection permission does not establish a constructed rooftop form. The existing 28-storey apartment 92-2023 is retained. The settlement replaces the obsolete 38-storey source geometry. The podium courtyard curve is sampled from the zoning diagram; it is a simplified maximum buildable perimeter.",https://pub-mississauga.escribemeetings.com/filestream.ashx?DocumentId=78584 | https://www.mississauga.ca/publication/oz-opa-23-1-w1-23-25-29-and-31-helene-street-north-53-queen-street-east-and-70-park-street-east/ | https://urbantoronto.ca/database/projects/70-park-street-east.51658 | https://www.mississauga.ca/wp-content/uploads/2025/06/18125538/Planning-Rationale-OZ-OPA-25-10-W1-June-2025.pdf | https://www7.mississauga.ca/Departments/PB/OfficialDocs/OLT-23-000684-JUL-10-2025-ORD.pdf | https://data.mississauga.ca/pages/mississauga-3d | https://ws.geoservices.lrc.gov.on.ca/arcgis5/rest/services/Elevation/Ontario_DTM_LidarDerived/ImageServer
port-credit-the-ann,The Ann / 10 West,"17 and 19 Ann Street, 84 and 90 High Street East, and 91 Park Street East",Current 23-storey design; application under review,2026-08-18,23,82.6,,,,Source geometry available; current detail may differ,"The earlier 25-storey, 91.6 m description is obsolete. The latest north elevation labels 82,600 mm from established grade. City geometry at 77.1 m appears to omit the mechanical roof and should be described as a simplified source massing.",https://www.mississauga.ca/services-and-programs/planning-and-development/development-applications/active-development-applications/17-and-19-ann-street-84-and-90-high-street-and-91-park-street-east-oz-opa-22-3-w1/ | https://www.mississauga.ca/wp-content/uploads/2025/07/15110828/Elevation-Plan-North-oz-opa-22-3-w1-november-2024.pdf | https://www.mississauga.ca/wp-content/uploads/2025/06/18125538/Planning-Rationale-OZ-OPA-25-10-W1-June-2025.pdf | https://urbantoronto.ca/database/projects/ann.47994
port-credit-42-port,42 Port / 99 Lakeshore,42 Port Street East and 91–99 Lakeshore Road East,Under review,2026-06-08,10,,,,,Source geometry available; current detail may differ,The City summarizes ten storeys; original drawings label eleven levels including a mezzanine. The roof datum is 35.95 m; it is not a verified height to the top of the mechanical enclosure.,https://www.mississauga.ca/services-and-programs/planning-and-development/development-applications/active-development-applications/42-port-street-east-and-99-lakeshore-road-east-oz-opa-22-30-w1/ | https://www.mississauga.ca/wp-content/uploads/2023/01/Site-Plan-OZ-OPA-22-30-W1.pdf | https://www.mississauga.ca/wp-content/uploads/2023/01/North-Elevation-OZ-OPA-22-30-W1.pdf | https://urbantoronto.ca/forum/threads/toronto-42-port-street-east-40-7m-11s-fram-building-group-b-h.6924/page-6
port-credit-one-port,One Port / Marina lands redevelopment,1 Port Street East,Conceptual masterplan/preconstruction,2026-09-20,22,77,,,,Latest geometry unavailable in source model,"The 77 m maximum belongs to a concept, not final building designs. Historical renderings must remain labelled conceptual. The marina environmental approval is a separate process.",https://urbantoronto.ca/database/projects/port-credit-marina-redevelopment.53135 | https://www.mississauga.ca/projects-and-strategies/city-projects/inspiration-port-credit/ | https://www.mississauga.ca/projects-and-strategies/environmental-assessments/1-port-street-east-proposed-marina/
port-credit-marina,1 Port Street proposed marina,Shoreline at 1 Port Street East,Environmental assessment approved; unbuilt,2026-06-05,,,,,,Latest geometry unavailable in source model,"Environmental assessment approval on June 5,2026 does not establish construction or funding. Use approved shoreline geometry only.",https://www.mississauga.ca/projects-and-strategies/environmental-assessments/1-port-street-east-proposed-marina/ | https://www.mississauga.ca/projects-and-strategies/city-projects/inspiration-port-credit/ | https://www.ontario.ca/fr/page/annexe-decret-8552026
lakeshore-west-900,900 Lakeshore Road West,900 Lakeshore Road West,Under review,2026-03-26,9,29.2,,,,Plan-derived schematic with per-floor outlines,"Current 2026 floor outlines were extracted from actual PDF vector room fills; drafting gaps were closed by 0.1524 m and internal rooms filled to create exterior massing. Curves were sampled; outline simplification tolerance 0.046 m. All nine upper levels, major fourth/seventh-floor terraces, balcony recesses and mechanical enclosure follow source geometry. Balcony guardrails, glazed facades, small balcony slabs and interior rooms are omitted. Ground-floor west/east bodies follow the latest publicly linked original ground drawing, dated October 3, 2024, cross-checked against the March 2026 site-plan entrance arrangement. This lower-level revision remains less certain. Eight entrance-column centres come from that ground drawing; 0.6 m diameters are illustrative. No structural engineering accuracy is claimed. Stair roof footprints come from the current roof drawing; their 118.2 m top is transcribed from the corresponding section silhouette approximately 0.5 m below the labelled main mechanical roof, with ±0.3 m uncertainty. The sloped site retains source floor/roof ASL levels. Ground levels are simplified at 86.0 m west and 85.4 m east; no broad regrading of the natural ravine is implied.",https://www.mississauga.ca/wp-content/uploads/2025/09/26112747/Elevation-Plan-East-OZ-OPA-25-8-W2-March-2026.pdf | https://www.mississauga.ca/services-and-programs/planning-and-development/development-applications/active-development-applications/900-lakeshore-road-west-oz-opa-25-8-w2/ | https://www.mississauga.ca/publication/oz-opa-25-8-w2-900-lakeshore-road-west-2/ | https://urbantoronto.ca/database/projects/900-lakeshore-road-west.54878 | https://www.mississauga.ca/wp-content/uploads/2025/09/26112846/Site-Plan-OZ-OPA-25-8-W2-March-2026.pdf | https://www.mississauga.ca/wp-content/uploads/2025/09/26112856/Topographical-Survey-Plan-OZ-OPA-25-8-W2-March-2026.pdf | https://www.mississauga.ca/wp-content/uploads/2025/09/26112842/Section-AA-Plan-OZ-OPA-25-8-W2-March-2026.pdf | https://www.mississauga.ca/wp-content/uploads/2025/09/26112758/Floor-Plan-2nd-OZ-OPA-25-8-W2-March-2026.pdf | https://www.mississauga.ca/wp-content/uploads/2025/09/26112759/Floor-Plan-3rd-OZ-OPA-25-8-W2-March-2026.pdf | https://www.mississauga.ca/wp-content/uploads/2025/09/26112800/Floor-Plan-4th-OZ-OPA-25-8-W2-March-2026.pdf | https://www.mississauga.ca/wp-content/uploads/2025/09/26112802/Floor-Plan-5th-OZ-OPA-25-8-W2-March-2026.pdf | https://www.mississauga.ca/wp-content/uploads/2025/09/26112803/Floor-Plan-6th-OZ-OPA-25-8-W2-March-2026.pdf | https://www.mississauga.ca/wp-content/uploads/2025/09/26112804/Floor-Plan-7th-OZ-OPA-25-8-W2-March-2026.pdf | https://www.mississauga.ca/wp-content/uploads/2025/09/26112805/Floor-Plan-8th-9th-OZ-OPA-25-8-W2-March-2026.pdf | https://www.mississauga.ca/wp-content/uploads/2025/09/26112828/Mechanical-Penthouse-Plan-OZ-OPA-25-8-W2-March-2026.pdf | https://www.mississauga.ca/wp-content/uploads/2025/03/13150704/Ground-Floor-Plan-OZ-OPA-25-8-W2-March-2025.pdf
lakeview-caven,579–619 Lakeshore / Caven,579–619 Lakeshore Road East and 1022–1028 Caven Street,Under review,2026-06-08,16 | 16 | 16 | 6,,,,,Geometry conflict or version uncertainty; inspect evidence,Use the architectural site plan for footprint validation. No independently verified overall metric heights are asserted.,https://www.mississauga.ca/services-and-programs/planning-and-development/development-applications/active-development-applications/579-to-619-lakeshore-road-east-1022-and-1028-caven-street-oz-opa-22-26-w1/ | https://www.mississauga.ca/wp-content/uploads/2022/12/Geotechnical-Investigation-December-2022.pdf | https://urbantoronto.ca/forum/threads/toronto-579-619-lakeshore-road-east-58-4m-16s-breda-group-bdp-quadrangle.34724/
lakeview-dxe,Lakeview DXE Club,1345 Lakeshore Road East,Under construction; topped off,2026-07-08,8 | 12,,,,Early 2027,Source geometry available; current detail may differ,The builder licence cancellation in August 2026 is not evidence that the project was cancelled. Early 2027 occupancy remains a forecast.,https://canada.constructconnect.com/dcn/news/projects/2026/07/pcl-construction-tops-off-lakeview-dxe-club-condo-development?lang=es%2Ffeed | https://www.ksvadvisory.com/docs/default-source/insolvency-case-documents/vandyk/receivership-proceedings/kingsett-mortgage-corporation-and-dorr-capital-corporation-v-vandyk---uptowns-limited-et-al/reports/vandyk---3rd-report-of-the-receiver---final.pdf?sfvrsn=dc3126b6_3 | https://obd.hcraontario.ca/profile/B60843
port-credit-tanu,TANU,21–29 Park Street East,Completed baseline,2022,15,,2022,,,Latest geometry unavailable in source model,"Include as existing context, rather than a future addition.",https://edenshaw.com/communities/tanu/ | https://urbantoronto.ca/news/2021/02/tanu-rising-taller-port-credit-exterior-details-appear.44209
port-credit-westport,Westport,28 Ann Street,Completed baseline,2024,22,,2024,,,Latest geometry unavailable in source model,"Include as existing context, rather than a future addition.",https://edenshaw.com/communities/westport/ | https://urbantoronto.ca/news/2024/12/urbantoronto-year-end-poll-vote-best-buildings-2024-presented-sapphire-balconies.57307 | https://edenshaw.com/news/edenshaw-developments-and-langara-construction-a-partnership-shaping-mississaugas-skyline/
port-credit-128-lakeshore,128 Lakeshore Road East,128 Lakeshore Road East at Ann Street,Tribunal approval in principle; revised submission,2025-08,8,,,,,Survey-registered plan-derived schematic envelope,"The revised scheme has eight residential storeys plus a ninth-level mechanical and indoor amenity enclosure. It replaces the old 11-storey source proposal, not a completed building. ASL levels are taken directly from section AA: residential ground 79.19, retail ground 78.38, main roof 105.19 and mechanical/amenity roof 109.69 m. Northern facade recess, rooftop setback, front terraces and rear ground-level open parking are simplified from current plans. Terrace slabs on levels 3–8 follow the plan footprints. Their 0.18 m thickness is only a display convention; railings, columns, facade glazing, Juliette guards and small entrance canopies are omitted. The municipal summary still describes the older 11-storey application; the actual dated October 2025 drawing set governs this geometry. The two ground cores are simplified outer envelopes. Interior ramps and parking structures are omitted.",https://www.omb.gov.on.ca/e-decisions/OLT-22-004078-NOV-03-2023.PDF | https://www.mississauga.ca/wp-content/uploads/2025/08/28163343/Functional-Servicing-and-Stormwater-Management-Report-OZ-OPA-22-5-August-2025.pdf | https://www.mississauga.ca/wp-content/uploads/2025/10/30090935/Site-Plan-OZ-OPA-22-5-W1-October-2025.pdf | https://www.mississauga.ca/wp-content/uploads/2025/10/30090938/Site-Survey-Plan-OZ-OPA-22-5-W1-October-2025.pdf | https://www.mississauga.ca/wp-content/uploads/2025/10/30090931/Section-Plan-AA-OZ-OPA-22-5-W1-October-2025.pdf | https://www.mississauga.ca/wp-content/uploads/2025/10/30090911/Floor-Plan-Ground-OZ-OPA-22-5-W1-October-2025.pdf | https://www.mississauga.ca/wp-content/uploads/2025/10/30090914/Floor-Plans-3-8-OZ-OPA-22-5-W1-October-2025.pdf | https://www.mississauga.ca/wp-content/uploads/2025/10/30090929/Roof-Plan-OZ-OPA-22-5-W1-October-2025.pdf
lakeview-jim-tovey,Jim Tovey Lakeview Conservation Area,Lake Ontario waterfront east of Lakeview Village,Open baseline,2026-05-30,,,2026-05-30,,,Latest geometry unavailable in source model,Include the open park in the baseline inventory. Its completed reclamation outline is not fully verified in current terrain geometry: the City municipal boundary is older and the park layer has no matching polygon. Do not invent land from the published area. Access is via Marie Curtis Park; do not depict an unbuilt western through-connection as open.,https://cvc.ca/park-advisories/ | https://cvc.ca/documents/plan/ | https://cvc.ca/discover-the-new-jim-tovey-lakeview-conservation-area/ | https://cvc.ca/news/cvc-celebrates-the-opening-of-a-jim-tovey-lakeview-conservation-area-at-sunrise-and-ribbon-cutting-ceremonies/ | https://trca.ca/conservation/infrastructure-projects/jim-tovey-lakeview-conservation-area/
port-credit-170-lakeshore,170 Lakeshore Road East,170 Lakeshore Road East at Elmwood Avenue North,Tribunal approval in principle; final order pending conditions in latest recovered decision,2025-02-24,12,42,,,,Source-registered settlement zoning-envelope schematic,"This is the maximum permitted settlement zoning envelope, not an architectural design or a verified finished facade. Contours follow the actual settlement diagram rather than stretching a superseded City model. The height-zone surfaces are independently extruded; coincident hidden surfaces remain. Cladding, railings, detailed balconies, structural openings and landscaping are not inferred. Building base is the median sampled Ontario DTM grade, not a legally calculated or approved established grade. Relative maximum heights are taken verbatim from the governing diagram. February 2025 approval is in principle, with the final order withheld pending conditions and draft zoning schedules subject to City technical review. No later complete architectural set was publicly recovered. The settlement specifies a 12-storey slab, replacing the former 15-storey/17-with-rooftop tower. The slab has a 42 m maximum and the delineated mechanical/amenity area a 48 m maximum. The rooftop mechanical/amenity footprint extends to the western boundary in the source diagram; its permitted envelope is modelled above the 42 m slab, with that overhang retained. Thin same-height stepback lines on the 42 m area are retained only as the overall maximum envelope because the zoning graphic does not assign separate floor elevations to them.",https://www.omb.gov.on.ca/e-decisions/OLT-22-004584-FEB-24-2025.PDF | https://pub-mississauga.escribemeetings.com/filestream.ashx?DocumentId=37403 | https://www.mississauga.ca/wp-content/uploads/2021/12/16162605/W1_170_lakeshore_Rd_Plan_of_Survey_Dec2021.pdf | https://ws.geoservices.lrc.gov.on.ca/arcgis5/rest/services/Elevation/Ontario_DTM_LidarDerived/ImageServer
port-credit-26-park,26 Park Street East,12 and 26 Park Street East,Application received,2026-08-20,26,83.945,,,,Plan-derived schematic envelope,"Three podium/shaft extents and mechanical enclosure follow the site-plan outline and labelled level elevations. Minor podium recesses, balcony projections, cladding, windows and ground-level openings are omitted. Aerial massing is more complete than the prior absent building, but this is not a fabrication-ready architectural model.",https://www.mississauga.ca/services-and-programs/planning-and-development/development-applications/active-development-applications/12-and-26-park-street-east-oz-opa-26-13-w1/ | https://www.mississauga.ca/wp-content/uploads/2026/08/18152356/Elevations-OZ-OPA-26-13-W1-August-2026.pdf | https://urbantoronto.ca/news/2026/08/26-storey-infill-rental-tower-proposed-near-port-credit-go.61597 | https://www.mississauga.ca/wp-content/uploads/2026/08/18152435/Site-Plan-and-Site-Statistics-OZ-OPA-26-13-W1-August-2026.pdf | https://data.mississauga.ca/pages/mississauga-3d
port-credit-50-high,50 High Street East,50 High Street East,Under review,2025-12-15,11,,,,2028-01,Survey-registered plan-derived schematic envelope,"The open ground floor, six plan-visible support columns, second-floor notch and upper-front terraces are retained as simplified geometry. The mechanical enclosure follows the roof plan, using the labelled maximum 40.80 m. Minor equipment, arched facade frames, raised parapets and articulation within the enclosure are omitted. Terrace slab thickness is a 0.18 m display convention; footprints and deck elevations come from the source. The existing house 92-749 must be hidden only in the illustrated future scenario. It remains in the existing-source scenario. The file was published under the November 2025 resubmission, but its drawing export stamp is December 12, 2025.",https://www.mississauga.ca/services-and-programs/planning-and-development/development-applications/active-development-applications/50-high-street-east-oz-25-19-w1/ | https://www.mississauga.ca/wp-content/uploads/2025/09/12100353/Planning-Justification-Report-OZ-25-19-w1-september-2025.pdf | https://www.mississauga.ca/services-and-programs/building-and-renovating/incentives-for-building-affordable-rental-housing/ | https://urbantoronto.ca/forum/threads/toronto-50-high-street-east-40-8m-11s-mahogany-management-chamberlain.42522/ | https://www.mississauga.ca/wp-content/uploads/2025/09/15104453/Site-Plan-OZ-25-19-W1-November-2025.pdf | https://www.mississauga.ca/wp-content/uploads/2025/09/12100408/Survey-Plan-OZ-25-19-w1-september-2025.pdf | https://www.mississauga.ca/wp-content/uploads/2025/09/15104412/Elevation-Plan-1-OZ-25-19-W1-November-2025.pdf | https://www.mississauga.ca/wp-content/uploads/2025/09/15104416/Floor-Plans-Ground-Floor-and-Basement-OZ-25-19-W1-November-2025.pdf | https://www.mississauga.ca/wp-content/uploads/2025/09/15104420/Floor-Plan-Level-2nd-and-3rd-OZ-25-19-W1-November-2025.pdf | https://www.mississauga.ca/wp-content/uploads/2025/09/15104418/Floor-Plan-10th-and-11th-OZ-25-19-W1-November-2025.pdf | https://www.mississauga.ca/wp-content/uploads/2025/09/15104443/Roof-Plan-OZ-25-19-W1-November-2025.pdf
lakeview-aura,Aura Towns at Lakeview Village,Lakeview Village; named streets on Caivan site plan,Current sales; construction stage unverified,2026-09-20,,,,,,15 approximate source-plan envelopes; source heights estimated; two contextual rows lack current application assignment,"Approximate marketing-plan-derived townhome envelopes, not surveyed architectural models. Seven June footprints and three additional highlighted blocks in the currently linked image are registered through two City street junctions and four common roof centroids. The image scale bar conflicts with City junction spacing by about 25%; City coordinates control the model scale. Estimated placement ±10 m and roof-outline tolerance ±3 m are interpretive, not statistical confidence bounds. The ten retained envelopes use an estimated 13 m maximum with ±3.5 m uncertainty, derived from about 6.2 m registered bay width and roughly 2.1:1 height-to-bay proportions in the official illustrative facade. No published dimensional height was found. Roofs, balconies, basements and facade articulation are omitted; grey marketing roofs are retained from the June version, not independently confirmed current building drawings. Five additional grey roof envelopes shown in Caivan’s June 2026 marketing plan, registered using the unchanged two-junction transform of the retained ten-envelope model. All five lie inside City parcel 33912100. Three eastern rows lie within current SP 25/68 W 1 (Block 8, 88 townhouses); two western contextual rows lie outside the reviewed current application polygons and have no verified active-file assignment. The grey background artwork is not a final architectural drawing or confirmed construction phase. Use as explicitly uncertain future context. The 13 m display height remains the original Aura estimate with ±3.5 m uncertainty; placement ±10 m and outline ±3 m remain interpretive bounds. No number of dwellings, exact metre height, occupancy date, detailed roofs or final facade is inferred from these envelopes. Existing ten-envelope geometry remains unchanged.",https://caivan.com/aura/ | https://caivan.com/wp-content/uploads/2026/02/Caivan-Aura-Site-Plan-260615.pdf | https://mylakeviewvillage.com/project | https://caivan.com/wp-content/uploads/2026/02/Aura-Site-plan-260806.jpg | https://caivan.com/wp-content/uploads/2026/01/Aura_The-Echo-Main-Residence.pdf | https://caivan.com/wp-content/uploads/2026/01/Aura_The-Halo-Upper-Residence.pdf | https://services6.arcgis.com/hM5ymMLbxIyWTjn2/arcgis/rest/services/StreetCentreline/FeatureServer/0 | https://services6.arcgis.com/hM5ymMLbxIyWTjn2/ArcGIS/rest/services/Site_Plan_Applications/FeatureServer/0
lakeview-pier-house,Pier House,"Lakeview Village Block 4, between Lakeshore Road, Pilot Avenue, Jim Tovey Boulevard and Illumination Way",Active site-plan application; construction stage unverified,2026-09-27,3,,,,,"19 reference-derived townhome row groups; approximate roofs, elevations and facade details","Independent approximate reference reconstruction: 19 row-building envelopes traced from the publicly reproduced Pier House marketing site plan, registered to three City road junctions and contained in current SP 25/48 Block 4. Three storeys and pitched/gabled roof character are corroborated by the current Branthaven brochure. The 9.45 m eaves/11.95 m ridge are display estimates, not published architectural dimensions; ±2.5 m height, ±3 m placement and ±3 m outline tolerances are interpretive. Bay spacing, balconies, roof pitch and facade details are illustrative; do not treat the geometry as a unit-by-unit or permit model. Plan future-release rows are retained, not asserted to be completed or all currently on sale. No completion date verified.",https://www.branthaven.com/communities/pier-house/ | https://mylakeviewvillage.com/project | https://www.condominiums.ca/wp-content/uploads/2026/03/PierHouse-Brochure.pdf | https://pierhouselakeview.com/wp-content/uploads/2026/02/site-plan-.jpg | https://services6.arcgis.com/hM5ymMLbxIyWTjn2/ArcGIS/rest/services/Site_Plan_Applications/FeatureServer/0 | https://services6.arcgis.com/hM5ymMLbxIyWTjn2/arcgis/rest/services/StreetCentreline/FeatureServer/0
lakeview-deco-opus,South Banks,"Between Jim Tovey Boulevard, Aerodrome Avenue, Illumination Way and Marina Vista",Current launch; construction stage unverified,2026-09-29,,,,,2029,17 parcel-registered townhome blocks with reference-derived cross-gables; estimated heights and schematic facades,"Seventeen townhome blocks are reconstructed from a parcel-registered artist concept; the cross-gables follow the original image references. Heights, roof proportions and details remain schematic, with estimated uncertainties of ±3 m in height, ±4 m in placement and ±2 m in outlines; these are modelling judgments, not certified tolerances. No native BIM model or approved metric roof drawings were supplied.",https://opushomes.com/communities/lakeview-village/ | https://mylakeviewvillage.com/project | https://www.decohomes.ca/southbanks/ | https://services6.arcgis.com/hM5ymMLbxIyWTjn2/ArcGIS/rest/services/Site_Plan_Applications/FeatureServer/0 | https://www.southbanks-mississauga.com/
ninth-6344,6344 Ninth Line,6344 Ninth Line,Under review,2026-08-20,6 | 6 | 6,,,,,Latest geometry unavailable in source model,"Address coordinates are approximate map pins. City snapshot meshes are source massing, not construction drawings; latest approvals and final detailed architecture may differ.",https://www.mississauga.ca/services-and-programs/planning-and-development/development-applications/active-development-applications/6344-ninth-line-oz-26-11-w10/ | https://urbantoronto.ca/forum/threads/toronto-6344-ninth-line-19-72m-6s-mattamy-homes-lemay.43437/
chelsea-2026,Chelsea on the Green — 2026 expansion,4100 Ponytrail Drive,Received,2026-06-24,20 | 20 | 20,70.27 | 70.28 | 70.32,,,,plan-derived models,"June 2026 unapproved expansion, separate from earlier B 3. Dimensioned main envelope and five-storey podium, with height through mechanical penthouse. Survey control registration; allow ±1 m placement. Small partial level-17/18 terrace cuts, balcony projections, entrance recesses and facade divisions are omitted. Floor bands and materials are schematic. B 6 mechanical silhouette is traced from A-B 6-304, approximately ±0.3 m; B 4/B 5 MPH follow the rectangular plan envelope. Datum treated as local UTM 17 NAD 83; no sub-metre geodetic claim. The old components 73-4291 and 73-4293 conflict with the June 2026 B 5 layout and are excluded. Separate B 3 (73-4292) remains a violet, height-uncertain municipal envelope: the current site plan labels 25 storeys, while the old mesh records 52.1 m.",https://www.mississauga.ca/services-and-programs/planning-and-development/development-applications/active-development-applications/4100-ponytrail-drive-and-1850-rathburn-road-east-oz-opa-26-9-w3/ | https://chrisfonseca.ca/2026/05/28/4100-ponytrail-dr-community-meeting-notice/ | https://www.mississauga.ca/wp-content/uploads/2026/06/11112233/Traffic-Impact-Study-OZ-OPA-26-9-W3-June-2026.pdf | https://www.mississauga.ca/wp-content/uploads/2026/06/11112231/Survey-OZ-OPA-26-9-W3-June-2026.pdf | https://www.mississauga.ca/wp-content/uploads/2026/06/11112325/Floor-Plan-Roof-MPH-OZ-OPA-26-9-W3-June-2026.pdf | https://www.mississauga.ca/wp-content/uploads/2026/06/11112324/Floor-Plan-Roof-MPH-2-OZ-OPA-26-9-W3-June-2026.pdf | https://www.mississauga.ca/wp-content/uploads/2026/06/11112322/Floor-Plan-MPH-Level-20-Roof-OZ-OPA-26-9-W3-June-2026.pdf | https://www.mississauga.ca/wp-content/uploads/2026/06/11112228/Site-Plan-Phase-2-OZ-OPA-26-9-W3-June-2026.pdf | https://www.mississauga.ca/wp-content/uploads/2026/06/11112252/Building-Section-OZ-OPA-26-9-W3-June-2026.pdf | https://www.mississauga.ca/wp-content/uploads/2026/06/11112250/Building-Section-2-OZ-OPA-26-9-W3-June-2026.pdf | https://www.mississauga.ca/wp-content/uploads/2026/06/11112251/Building-Section-3-OZ-OPA-26-9-W3-June-2026.pdf
promenade-infill,2233–2235 Hurontario Street,2233 Hurontario Street,Received,2026-06-10,35 | 35,123.84 | 123.84,,,,New public-plan-derived schematic now available,"Plan-derived model of the May 2026 rezoning submission, not approval or as-built work. Envelopes and datum heights follow BDP Quadrangle plans. Digitised georegistration to two existing City buildings has estimated ±3 m placement uncertainty. Balcony curves and slab thickness are simplified from published typical floor plans; no surveyed facade or material claim.",https://www.mississauga.ca/services-and-programs/planning-and-development/development-applications/active-development-applications/2233-and-2235-hurontario-street-oz-26-8-w7/ | https://urbantoronto.ca/forum/threads/toronto-2233-2235-hurontario-street-123-84m-35s-starlight-bdp-quadrangle.43283/ | https://www.mississauga.ca/wp-content/uploads/2026/06/09111321/Planning-Justification-Report-Urban-Design-Analysis-OZ-26-8-W7-May-2026.pdf | https://www.mississauga.ca/wp-content/uploads/2026/06/09111215/Building-Elevations-East-and-South-OZ-26-8-W7-May-2026.pdf | https://www.mississauga.ca/wp-content/uploads/2026/06/09111214/Building-Elevations-West-and-North-OZ-26-8-W7-May-2026.pdf | https://www.mississauga.ca/wp-content/uploads/2026/06/09111127/Ground-Floor-Site-Plan-OZ-26-8-W7-May-2026.pdf | https://www.mississauga.ca/wp-content/uploads/2026/06/09111112/Level-8-and-Typical-Tower-Plan-OZ-26-8-W7-May-2026.pdf | https://www.mississauga.ca/wp-content/uploads/2026/06/09111111/Level-35-and-MPH-Plan-OZ-26-8-W7-May-2026.pdf | https://www.mississauga.ca/wp-content/uploads/2026/06/09111314/Roof-Plan-OZ-26-8-W7-May-2026.pdf
ninth-6578,6578 Ninth Line,6578 Ninth Line,Received,2026-05-29,,,,,,Latest geometry unavailable in source model,"Address coordinates are approximate map pins. City snapshot meshes are source massing, not construction drawings; latest approvals and final detailed architecture may differ. Boundary and low-rise subdivision amendments only; no tower massing inferred.",https://www.mississauga.ca/services-and-programs/planning-and-development/development-applications/active-development-applications/6578-ninth-line-oz-26-6-w10/ | https://civic-lens.ca/ontario/peel/mississauga/applications/oz-26-6-w-10 | https://mattamyhomes.com/ontario/gta/mississauga/the-nine
bough-beeches-1315,1315 Bough Beeches Boulevard,1315 Bough Beeches Boulevard,Under review,2026-05-13,13,52.0,,,,plan-derived model,"March 2026 proposal envelope, not an approved or built outcome. Exact written heights and main floorplate dimensions; podium and rooftop screen traced from published plan vectors. Registration uses survey controls and existing-tower corners (allow ±1 m position, not a statistical confidence interval). Screen thickness, floor bands and materials are illustrative. Individual balconies, window divisions, recessed entries and equipment are omitted. Datum treated as local NAD 83 UTM 17; no sub-metre geodetic claim.",https://www.mississauga.ca/services-and-programs/planning-and-development/development-applications/active-development-applications/1315-bough-beeches-boulevard-oz-opa-26-5-w3/ | https://urbantoronto.ca/forum/threads/toronto-1315-bough-beeches-52m-13s-stanford-homes-arcadis.42349/ | https://www.mississauga.ca/wp-content/uploads/2026/04/29140524/Site-Plan-OZ-OPA-26-5-W3-April-2026.pdf | https://www.mississauga.ca/wp-content/uploads/2026/04/29140528/Survey-OZ-OPA-26-5-W3-April-2026.pdf | https://www.mississauga.ca/wp-content/uploads/2026/04/29140529/Typical-Tower-Plan-OZ-OPA-26-5-W3-April-2026.pdf | https://www.mississauga.ca/wp-content/uploads/2026/04/29140521/Roof-Plan-OZ-OPA-26-5-W3-April-2026.pdf | https://www.mississauga.ca/wp-content/uploads/2026/04/29140551/North-West-Elevations-OZ-OPA-26-5-W3-April-2026.pdf
fowler-1970,1970–1980 Fowler Drive,1970 Fowler Drive,Under review,2026-07-27,24,,,,,Latest geometry unavailable in source model,"Address coordinates are approximate map pins. City snapshot meshes are source massing, not construction drawings; latest approvals and final detailed architecture may differ.",https://www.mississauga.ca/services-and-programs/planning-and-development/development-applications/active-development-applications/1970-and-1980-fowler-drive-oz-opa-25-23-w8/ | https://urbantoronto.ca/news/2026/02/24-storey-infill-rental-tower-proposed-near-sheridan-centre-mississauga.60371
tenth-distribution,Tenth Line distribution centres,7564 Tenth Line West (application labelled 0 Tenth Line West),Under review,2026-05-26,1 | 1,,,,,Latest geometry unavailable in source model,"Address coordinates are approximate map pins. City snapshot meshes are source massing, not construction drawings; latest approvals and final detailed architecture may differ. Separate warehouse application from the paused data centre. Do not automatically apply the digital-infrastructure moratorium to distribution centres.",https://www.mississauga.ca/services-and-programs/planning-and-development/development-applications/active-development-applications/0-tenth-line-west-oz-25-22-w9/ | https://www.datacenterdynamics.com/en/news/prologis-files-to-develop-data-center-outside-toronto-canada/ | https://www.prologis.com/industrial-properties/canada/toronto-industrial-logistics-and-warehouses
tenth-data,Tenth Line data centre,7564 Tenth Line West (application labelled 0 Tenth Line West),Temporarily paused under September 2026 interim control bylaw,2026-09-16,2,,,,,Latest geometry unavailable in source model,"Address coordinates are approximate map pins. City snapshot meshes are source massing, not construction drawings; latest approvals and final detailed architecture may differ. Temporarily paused proposal; do not depict as approved or under construction. Retain only with that status visible.",https://www.mississauga.ca/services-and-programs/planning-and-development/development-applications/active-development-applications/0-tenth-line-west-oz-25-21-w9/ | https://www.datacenterdynamics.com/en/news/prologis-files-to-develop-data-center-outside-toronto-canada/ | https://www.mississauga.ca/city-of-mississauga-news/news/mississauga-approves-temporary-pause-for-large-scale-data-centre-development/ | https://ca.finance.yahoo.com/news/mississauga-ont-approves-one-data-180210299.html
hurontario-7140,7140 Hurontario industrial development,7140 Hurontario Street,Under review,2026-09-03,,,,,,Latest geometry unavailable in source model,"Address coordinates are approximate map pins. City snapshot meshes are source massing, not construction drawings; latest approvals and final detailed architecture may differ. City URL names 2025 file numbers but page title names 2015 file numbers; project identity requires caution.",https://www.mississauga.ca/services-and-programs/planning-and-development/development-applications/active-development-applications/7140-hurontario-street-21t-m-25-2-w5-and-oz-opa-25-9-w5/ | https://www.mississauga.ca/wp-content/uploads/2025/12/01122050/Traffic-Impact-Study-OZ-OPA-25-9-W5-and-21T-M-25-2-W5-October-2025.pdf
dundas-55,51–55 Dundas West / Agnes Street,51 Dundas Street West,Under review,2026-01-29,34,110.445,,,,plan-derived model,"July 2025 proposal, under review. Main dimensions and layered envelopes follow A 110 and the planning schedule; balconies, facade divisions, ground recesses and exact parapets are omitted. Position is registered through four surveyed existing houses to unmodified City geometry (centroid fit residuals 0.14–0.25 m; allow ±1 m overall position). Plan outlines are traced, approximately ±0.25 m. Overall 110.445 m dimension is corroborated as 110.4 m in the planning schedule. The elevation absolute-level tags disagree by about 1.8 m with that dimension; this envelope follows the overall dimension, not those tags. A 110 labels the western upper terrace as the 33-storey roof whereas the schedule labels 32: the drawn one-floor setback is shown, with its precise transition elevation unresolved. Existing heritage corner is retained; no existing meshes are altered by this asset.",https://www.mississauga.ca/services-and-programs/planning-and-development/development-applications/active-development-applications/51-55-dundas-street-west-and-60-66-70-and-78-agnes-street-oz-opa-25-18-w7/ | https://urbantoronto.ca/database/projects/55-dundas-street-west.58281 | https://www.mississauga.ca/wp-content/uploads/2025/10/03105423/Survey-and-Context-Plan-OZ-OPA-25-18-W7-August-2025.pdf | https://www.mississauga.ca/wp-content/uploads/2025/10/03105409/Site-Plan-OZ-OPA-25-18-W7-August-2025.pdf | https://www.mississauga.ca/wp-content/uploads/2025/10/03105410/Site-Sections-South-and-East-OZ-OPA-25-18-W7-August-2025.pdf | https://www.mississauga.ca/wp-content/uploads/2025/10/03105432/Floor-Plan-Roof-Plan-OZ-OPA-25-18-W7-August-2025.pdf | https://www.mississauga.ca/wp-content/uploads/2025/10/03114154/Elevations-East-OZ-OPA-25-18-W7-August-2025.pdf | https://www.mississauga.ca/wp-content/uploads/2025/10/03105351/Planning-Rationale-Report-and-Urban-Design-Block-Context-Plan-OZ-OPA-25-18-W7-August-2025.pdf | https://pub-mississauga.escribemeetings.com/filestream.ashx?DocumentId=82547
emtc-northwest,Erin Mills Town Centre — northwest phase,5100 Erin Mills Parkway,Settlement accepted; subdivision under review,2026-09-04,25 | 25 | 20 | 20 | 23 | 23 | 23 | 35 | 37,,,,,Source geometry available; current detail may differ,"2026 vector-plan footprints replace all 17 older City source components. Published proposed ground-floor levels are used where provided. Revised metric roofs are not published: heights use the older elevations and documented 2.95 m typical floor interval, with retained podium and 5 m mechanical allowances explicitly estimated. Allow about ±5 m vertically and ±2 m placement. These are schematic envelopes without facade detail, not verified construction geometry.",https://www.mississauga.ca/services-and-programs/planning-and-development/development-applications/active-development-applications/5100-erin-mills-parkway-oz-opa-24-15-w9/ | https://urbantoronto.ca/forum/threads/toronto-erin-mills-town-centre-northwest-redevelopment-142-65m-44s-pemberton-bdp-quadrangle.41146/ | https://www.mississauga.ca/wp-content/uploads/2025/01/02103938/oz-opa-24-15-w9-building-elevations-december-2024.pdf | https://www.mississauga.ca/wp-content/uploads/2025/01/02103955/oz-opa-24-15-w9-development-master-plan-december-2024.pdf | https://www.mississauga.ca/wp-content/uploads/2025/01/08114537/oz-opa-24-15-w9-A100-Site-Plan-december-2024.pdf | https://www.mississauga.ca/wp-content/uploads/2025/09/25141740/Cover-Letter-21T-M-26-3-W9-August-2026.pdf | https://www.mississauga.ca/wp-content/uploads/2025/09/25141742/Draft-Plan-of-Subdivision-21T-M-26-3-W9-August-2026.pdf | https://www.mississauga.ca/wp-content/uploads/2025/09/25141752/Phasing-Concept-Plan-21T-M-26-3-W9-August-2026.pdf | https://www.mississauga.ca/wp-content/uploads/2025/09/25141804/Site-Plan-21T-M-26-3-W9-August-2026.pdf | https://www.mississauga.ca/wp-content/uploads/2025/09/25141749/Grading-Plan-Phase-1-4-21T-M-26-3-W9-August-2026.pdf | https://www.mississauga.ca/wp-content/uploads/2025/09/25141750/Grading-Plan-Phase-5-21T-M-26-3-W9-August-2026.pdf
tannery-51,51–57 Tannery Street / 208 Emby Drive,51 Tannery Street,Appealed,2025-10-14,12 | 14,49.75,,,,Source geometry available; current detail may differ,"Address coordinates are approximate map pins. City snapshot meshes are source massing, not construction drawings; latest approvals and final detailed architecture may differ. Storeys array gives the documented range, not an inferred tower-by-tower distribution.",https://www.mississauga.ca/services-and-programs/planning-and-development/development-applications/active-development-applications/51-and-57-tannery-street-and-208-emby-drive-oz-opa-24-7-w11/ | https://urbantoronto.ca/forum/threads/toronto-51-57-tannery-49-75m-14s-montcrest-srm-architects.30869/
thomas-64,64–66 Thomas / Joymar / Tannery,64 Thomas Street,Appealed,2026-01-20,12 | 18 | 22,78.2,,,,Source geometry available; current detail may differ,"Address coordinates are approximate map pins. City snapshot meshes are source massing, not construction drawings; latest approvals and final detailed architecture may differ.",https://www.mississauga.ca/services-and-programs/planning-and-development/development-applications/active-development-applications/64-66-thomas-street-95-joymar-drive-and-65-tannery-street/ | https://urbantoronto.ca/database/projects/64-thomas-street.48195
rutledge-150,150 Rutledge Road,150 Rutledge Road,Under review,2025-10-14,10,,,,,Source geometry available; current detail may differ,"Address coordinates are approximate map pins. City snapshot meshes are source massing, not construction drawings; latest approvals and final detailed architecture may differ.",https://www.mississauga.ca/services-and-programs/planning-and-development/development-applications/active-development-applications/150-rutledge-road-oz-opa-24-12-w11/ | https://urbantoronto.ca/database/projects/150-rutledge-road.57253
dundas-3033,3033 Dundas Street West,3033 Dundas Street West,2026 redesign; current model awaited,2026-10-08,,,,,,Current 2026 geometry awaited,The older 2025 set cannot be presented as the latest design. This site remains an evidence/navigation record until current geometry arrives.,https://www.mississauga.ca/services-and-programs/planning-and-development/development-applications/active-development-applications/3033-dundas-street-west-oz-opa-25-11-w8/ | https://urbantoronto.ca/forum/threads/toronto-3033-dundas-street-west-47-8m-12s-2504228-ontario-inc-hout.27247/
streetsville-centre,Streetsville Centre plaza redevelopment,120 Queen Street South,Appealed,2025-10-14,15 | 15 | 15 | 12 | 10 | 13 | 13 | 8,,,,,Source geometry available; current detail may differ,"Address coordinates are approximate map pins. City snapshot meshes are source massing, not construction drawings; latest approvals and final detailed architecture may differ.",https://www.mississauga.ca/services-and-programs/planning-and-development/development-applications/active-development-applications/120-128-142-154-158-queen-street-south-and-169-crumbie-street-oz-opa-24-8-w11-and-21t-m-24-4-w11/ | https://urbantoronto.ca/forum/threads/toronto-streetsville-centre-plaza-redevelopment-60-6m-15s-dezen-srm-architects.13599/page-3
erin-centre-2555,2555 Erin Centre Boulevard,2555 Erin Centre Boulevard,Under review,2025-10-10,34 | 31 | 28,111.35,,,,Source geometry available; current detail may differ,"Address coordinates are approximate map pins. City snapshot meshes are source massing, not construction drawings; latest approvals and final detailed architecture may differ.",https://www.mississauga.ca/services-and-programs/planning-and-development/development-applications/active-development-applications/2555-erin-centre-boulevard-oz-opa-25-6-w11/ | https://urbantoronto.ca/database/projects/2555-erin-centre-boulevard.58240
fieldgate-3403,Forest Glen plaza / 3403–3445 Fieldgate,3403 Fieldgate Drive,Under review,2025-09-15,13 | 18 | 22,,,,,Source geometry available; current detail may differ,"Address coordinates are approximate map pins. City snapshot meshes are source massing, not construction drawings; latest approvals and final detailed architecture may differ.",https://www.mississauga.ca/services-and-programs/planning-and-development/development-applications/active-development-applications/3403-to-3445-fieldgate-drive-oz-opa-25-1-w3/ | https://urbantoronto.ca/news/2024/12/trio-towers-proposed-replace-plaza-fieldgate-and-bloor-mississauga.57552
dundas-1000,1000–1024 Dundas Street East,1000 Dundas Street East,Under review,2026-08-18,4 | 16 | 20,,,,,Source geometry available; current detail may differ,"Address coordinates are approximate map pins. City snapshot meshes are source massing, not construction drawings; latest approvals and final detailed architecture may differ. Receivership alone is not a basis to delete a proposal; record remains conditional.",https://www.mississauga.ca/services-and-programs/planning-and-development/development-applications/active-development-applications/1000-and-1024-dundas-street-east-oz-opa-22-18-w1/ | https://insolvencyinsider.ca/p/morrison-financial-wins-receiver-appointment-over-mississauga-dundas-street-redevelopment-lands
dundas-mattawa,Dundas & Mattawa,1580 Dundas Street East,Appealed,2025-11-13,41 | 35 | 29 | 18 | 18 | 15 | 15 | 12 | 12 | 12 | 3 | 3 | 3,,,,,Source geometry available; current detail may differ,"Address coordinates are approximate map pins. City snapshot meshes are source massing, not construction drawings; latest approvals and final detailed architecture may differ.",https://www.mississauga.ca/services-and-programs/planning-and-development/development-applications/active-development-applications/1580-to-1650-dundas-street-east-oz-opa-22-22-w1-and-tm-22004/ | https://urbantoronto.ca/database/projects/dundas-mattawa.49819 | https://www.hazelview.com/private-real-estate-investing/development-management/developments/1580-1650-dundas-street-east
dundas-1995,1995 Dundas Street East,1995 Dundas Street East,Under review,2025-09-15,24 | 25,,,,,Source geometry available; current detail may differ,"Address coordinates are approximate map pins. City snapshot meshes are source massing, not construction drawings; latest approvals and final detailed architecture may differ.",https://www.mississauga.ca/services-and-programs/planning-and-development/development-applications/active-development-applications/1995-dundas-street-east-oz-opa-25-5-w3-and-21t-m-25-1-w3/ | https://landealgroup.com/1995-dundas/
bloor-1785,1785 Bloor Street infill,1785 Bloor Street,OPA and zoning approved; site-plan approval required,2026-08-18,14,,,,,Source geometry available; current detail may differ,"Address coordinates are approximate map pins. City snapshot meshes are source massing, not construction drawings; latest approvals and final detailed architecture may differ. Sajecki Planning reports OPA and zoning approval in April 2024; the municipal active page still says under review. This does not establish a construction start.",https://www.mississauga.ca/services-and-programs/planning-and-development/development-applications/active-development-applications/1785-bloor-street-oz-opa-22-14-w3/ | https://sajeckiplanning.squarespace.com/projects/1785-bloor-street-mississauga
connecting-cooksville,Connecting Cooksville,25 Hillcrest Avenue,Appealed,2025-09-15,46 | 43 | 43 | 39 | 34,,,,,Source geometry available; current detail may differ,"Address coordinates are approximate map pins. City snapshot meshes are source massing, not construction drawings; latest approvals and final detailed architecture may differ.",https://www.mississauga.ca/services-and-programs/planning-and-development/development-applications/active-development-applications/25-and-33-hillcrest-avenue-and-3146-3154-and-3168-hurontario-street-oz-opa-22-19-w7/ | https://tasimpact.ca/project/connecting-cooksville/
hurontario-3085,3085 Hurontario Street,3085 Hurontario Street,Under review,2025-09-15,31 | 33 | 36 | 39,131.9,,,,Source geometry available; current detail may differ,"Address coordinates are approximate map pins. City snapshot meshes are source massing, not construction drawings; latest approvals and final detailed architecture may differ.",https://www.mississauga.ca/services-and-programs/planning-and-development/development-applications/active-development-applications/3085-hurontario-street-oz-opa-21-11-w7/ | https://urbantoronto.ca/forum/threads/toronto-3085-hurontario-street-131-9m-39s-mattamy-homes-3xn.32690/page-3
erin-mills-4099,4099 Erin Mills Parkway,4099 Erin Mills Parkway,Under review,2026-06-08,14 | 8 | 8 | 7 | 5,50.1,,,,Source geometry available; current detail may differ,"Address coordinates are approximate map pins. City snapshot meshes are source massing, not construction drawings; latest approvals and final detailed architecture may differ.",https://www.mississauga.ca/services-and-programs/planning-and-development/development-applications/active-development-applications/4099-erin-mills-parkway-oz-opa-22-25-w8/ | https://urbantoronto.ca/database/projects/4099-erin-mills-parkway.50506 | https://www.mississauga.ca/wp-content/uploads/2024/11/27102717/site-plan-roof-plan-a005-november-2024-oz-opa-22-25-w8.pdf | https://www.mississauga.ca/wp-content/uploads/2024/11/27102719/statistics-a002-november-2024-oz-opa-22-25-w8.pdf
dundas-1225,1225 Dundas Street East,1225 Dundas Street East,Under review,2026-08-13,16 | 16 | 4,,,,,Duplicate or superseded source geometry excluded; inspect replacement evidence,"Address coordinates are approximate map pins. City snapshot meshes are source massing, not construction drawings; latest approvals and final detailed architecture may differ. Old 18-storey snapshot geometry is excluded as superseded until replaced from current 16-storey drawings.",https://www.mississauga.ca/services-and-programs/planning-and-development/development-applications/active-development-applications/1225-dundas-street-east-oz-opa-22-20-w3/ | https://urbantoronto.ca/forum/threads/toronto-1225-dundas-street-east-65-62m-18s-smartcentres-turner-fleischer.34304/ | https://www.mississauga.ca/wp-content/uploads/2025/09/03162624/Site-Plan-Roof-Plan-OZ-OPA-22-20-May-2026-1.pdf | https://www.mississauga.ca/wp-content/uploads/2025/09/03153037/Statistics-1-OZ-OPA-22-20-May-2026.pdf
hurontario-3115,3115 Hurontario / Dam residential tower,3115 Hurontario Street,Under review,2026-03-25,39,133.4,,,,Source geometry available; current detail may differ,"Address coordinates are approximate map pins. City snapshot meshes are source massing, not construction drawings; latest approvals and final detailed architecture may differ. Floor-count convention excludes the mechanical penthouse from occupied-storey total; 133 m City massing is not proof of full latest architectural fidelity.",https://www.mississauga.ca/services-and-programs/planning-and-development/development-applications/active-development-applications/3115-hurontario-street-oz-opa-22-24-w7/ | https://urbantoronto.ca/database/projects/3115-hurontario-street.50337 | https://www.mississauga.ca/wp-content/uploads/2026/03/25130055/Context-Plan-Project-Statistics-OZ-OPA-22-24-W7-March-2026.pdf | https://www.mississauga.ca/wp-content/uploads/2026/03/25130050/Building-Elevations-North-East-OZ-OPA-22-24-W7-March-2026.pdf
beverley-5,5–9 Beverley Street,5 Beverley Street,Under review,2025-09-15,3,,,,,Source geometry available; current detail may differ,"Address coordinates are approximate map pins. City snapshot meshes are source massing, not construction drawings; latest approvals and final detailed architecture may differ.",https://www.mississauga.ca/services-and-programs/planning-and-development/development-applications/active-development-applications/5-7-and-9-beverley-street-oz-opa-22-27-w5/ | https://urbantoronto.ca/forum/threads/toronto-5-9-beverley-street-12-3m-3s-arjun-kumar-cumulus.35099/
hurontario-6333,6333 Hurontario self-storage / commercial,6333 Hurontario Street,Under review,2025-09-15,7,,,,,Source geometry available; current detail may differ,"Address coordinates are approximate map pins. City snapshot meshes are source massing, not construction drawings; latest approvals and final detailed architecture may differ.",https://www.mississauga.ca/services-and-programs/planning-and-development/development-applications/active-development-applications/6333-hurontario-street-oz-21-1-w5/ | https://urbantoronto.ca/database/projects/6333-hurontario.48166
goreway-7170,7170 Goreway Drive,7170 Goreway Drive,Under review,2026-07-23,,,,,,Source geometry available; current detail may differ,"Address coordinates are approximate map pins. City snapshot meshes are source massing, not construction drawings; latest approvals and final detailed architecture may differ.",https://www.mississauga.ca/services-and-programs/planning-and-development/development-applications/active-development-applications/7170-goreway-drive-oz-18-13-w5/ | https://urbantoronto.ca/forum/threads/toronto-7170-goreway-drive-12-8m-3s-2013512-ontario-inc-jardin-design-group.33774/
ninth-5034,5034–5080 Ninth Line,5034 Ninth Line,Under review,2025-09-15,6 | 8 | 10 | 12 | 12 | 12 | 3,,,,2029-07,Source geometry available; current detail may differ,"Address coordinates are approximate map pins. City snapshot meshes are source massing, not construction drawings; latest approvals and final detailed architecture may differ.",https://www.mississauga.ca/services-and-programs/planning-and-development/development-applications/active-development-applications/5034-5054-5080-ninth-line-oz-opa-21-15-and-21t-m21004-w10/ | https://urbantoronto.ca/database/projects/5034-5054-5080-ninth-line.48053 | https://www.mississauga.ca/services-and-programs/building-and-renovating/incentives-for-building-affordable-rental-housing/
cooksville-toc,Cooksville GO transit-oriented community,3210 Hurontario Street,"Proposed; revised concept presented September 22, 2026",2026-09-22,45 | 47 | 49 | 36 | 32 | 34 | 38,,,,,"Architect-supplied Step 4 design geometry; seven towers, podiums and rooftop structures","Native proposal geometry includes seven towers, podiums, setbacks and rooftop structures. It is a design proposal, not approved or completed construction. The source design elevations are retained; underground geometry is clipped to the atlas terrain. The terrain is approximate and the vertical datum is not survey-certified. Some drawing title blocks retain older issue labels. The Step 4 cover letter, September 2026 draft PJR and September 22 public presentation support the seven-tower, 3,171-home version. Final facade finishes and construction dates remain unconfirmed. The display model is not a watertight fabrication solid. Original engineering files are retained privately.",https://www.mississauga.ca/publication/toc-cooksville-3210-hurontario-street/ | https://www.infrastructureontario.ca/en/what-we-do/projectssearch/cooksville-go-transit-oriented-community/ | https://urbantoronto.ca/forum/threads/cooksville-toc-151-5m-49s-io-arup.42581/ | https://www.infrastructureontario.ca/48f8a0/contentassets/e44b38c8189641c2aa193899c6727b3d/2025-09-25_cooksville-toc_planning-justification-report.pdf | https://www.infrastructureontario.ca/4ab5dd/globalassets/2025-10-30_cooksville_virtual-open-house_final_aoda.pdf | https://urbantoronto.ca/news/2025/10/3000-units-planned-8-towers-cooksville-go-and-lrt.59635 | https://www.infrastructureontario.ca/4a7380/contentassets/48d409806ba14ffaa6f9874dcf14617e/cooksville_voh-presentation_sept-4-2026.pdf | https://www.infrastructureontario.ca/en/what-we-do/projectssearch/cooksville-go-transit-oriented-community/
john-69,69–117 John Street,69 and 117 John Street,Under review; live landing page unavailable,2026-09-20,32 | 31 | 24,,,,,Duplicate or superseded source geometry excluded; inspect replacement evidence,Existing City mesh matches old 63/93/96 m heights; latest revised massing requires comparison. Do not label snapshot as current. Live landing page returned 404 although indexed; PDF accessible.,https://www.mississauga.ca/wp-content/uploads/2025/09/19121446/Shadow-Study-Report-OZ-OPA-24-16-W7-October-2025.pdf | https://www.mississauga.ca/wp-content/uploads/2025/09/19121510/Cover-Letter-OZ-OPA-24-16-OZ-OPA-24-16-W7-October-2025.pdf | https://urbantoronto.ca/news/2025/02/three-tower-proposal-would-add-density-near-cooksville-go-hurontario-lrt.57906
glen-erin-6719,6719–6749 Glen Erin Drive,6719 Glen Erin Drive,Revised proposal; latest approval/delivery unverified,2026-10-08,16 | 3 | 13,,,,2029,2026 plan-traced stepped massing; inferred façade/upper enclosure,"The proposal follows the March 17, 2026 stepped 16-storey plan. The 48.15 m value is the top slab of the last residential floor, not ultimate roof height. Façades and the upper roof enclosure are inferred. The retained 13-storey apartment uses an approximate 39.12 m roof and photo-informed balconies. Current approval, delivery and as-built measurements remain unconfirmed; placement has about 3 m working uncertainty.",City-supplied Arcadis A-103 site plan | https://services6.arcgis.com/hM5ymMLbxIyWTjn2/arcgis/rest/services/BldgRoof/FeatureServer/0 | https://www.berkleypm.ca/apartments/rockcliffe-on-the-park/ | Arcadis plan supplied by the City of Mississauga; retained-building references from City footprints and Berkley property photographs.
winston-6020,6020 Winston Churchill Boulevard,6020 Winston Churchill Boulevard,Earlier scheme approved; construction unverified,2026-09-20,4,16.59,,,Fall 2027,Source geometry available; current detail may differ,"Retained City massing is schematic. The 2023 approval concerns a four-storey, 20-unit scheme; the later rental programme identifies 22 units. The retained 14.6 m municipal height, historical 16.59 m forum reference, current 17.75 m forum heading and 2024 application request for 17.00 m including vestibule/five storeys reflect differing versions or conventions. The 2024 notice is an application, not a decision. No unsupported height adjustment has been applied. John Willmott is no longer the project architect; earlier attribution is historical, and the current architect and construction drawings remain unverified. This does not establish cancellation.",https://www.mississauga.ca/wp-content/uploads/2023/06/OZ-22-007-OPA-158-Notice-of-Passing-Public-Notice.pdf | https://skyrisecities.com/forum/threads/toronto-6020-winston-churchill-boulevard-16-59m-4s-2421845-ontario-inc-john-willmott-architect.33768/ | https://mpulse.ca/local-developer-builds-affordable-low-rise-housing-in-meadowvale/ | https://www.mississauga.ca/services-and-programs/building-and-renovating/incentives-for-building-affordable-rental-housing/ | https://pub-mississauga.escribemeetings.com/filestream.ashx?DocumentId=61153 | https://urbantoronto.ca/forum/threads/6020-winston-churchill-boulevard-17-75m-4s-2421845-ontario-inc-john-willmott.33768/
brandon-3233,3233 Brandon Gate Drive,3233 Brandon Gate Drive,Holding provision removed December 2025,2026-09-20,3,,,,,Latest geometry unavailable in source model,Do not retain the superseded mixed-use building as a future tower.85 affordable rental units mentioned in funding material are not 85 separate townhouse buildings.,https://www.mississauga.ca/wp-content/uploads/2025/10/09161455/REVISED-HOZNOTICE-H-OZ-25-1-3233-Brandon-Gate-Dr.pdf | https://www.mississauga.ca/wp-content/uploads/2025/12/18084236/BL-0182-2025.pdf | https://urbantoronto.ca/news/2025/03/mississauga-invests-44m-affordable-rentals-across-eight-developments.58244
watergarden,Pinnacle Uptown / Watergarden / Gemma,Hurontario Street and Watergarden Drive,Gemma completed / move-in ready; remaining master-plan phases are separate,2026-09-26,38,,"Move-in ready by September 26, 2026; exact completion date not published",,,Current source-plan approximation; see project model caveat.,"Gemma tower and podium remain source massing, with approximate facade detail. The separate SP 22 99 south scheme at 10/30 Watergarden Drive and 220 Little Creek Road appears only as an uncertain future proposal; its completion is not established.",https://urbantoronto.ca/forum/threads/toronto-pinnacle-uptown-watergarden-137-52m-38s-pinnacle-richmond-architects.28710/page-2 | https://www7.mississauga.ca/documents/Business/Planning_Justification_Report_-_June_2018_0_and_5044_Hurontario_St.pdf | https://pinnacleinternational.ca/communities/gemma/
mississauga-hospital,Peter Gilgan Mississauga Hospital / Shah Family Hospital,100 Queensway West,Under construction,2026-09-20,22,,,,2033,Source geometry available; current detail may differ,"Hospital tower retained as future construction; completed garage belongs in existing context. City massing height 129.775 m is source geometry, not an independently verified maximum.",https://www.thp.ca/newsroom/Pages/2026/THP-marks-major-milestone-laying-the-foundation-at-Mississauga%E2%80%99s-future-hospital.aspx | https://urbantoronto.ca/news/2026/04/cranes-foundations-underway-peter-gilgan-mississauga-hospital.60708 | https://www.thp.ca/AR2025/A/documents/Trillium-Health-Partners-2025.pdf | https://trilliumhealthworks.ca/new-mississauga-hospital.html
agnes-65,65–73 Agnes Street,65–73 Agnes Street,Site plan under review; revised scheme,2026-09-20,24,,,,2030-02,Duplicate or superseded source geometry excluded; inspect replacement evidence,"The older City mesh is based on a 29-storey proposal, with a 90.3 m field matching the old level-29 elevation. Exclude that superseded geometry until the 24-storey plan is reconstructed; expected construction dates do not prove work has begun.",https://services6.arcgis.com/hM5ymMLbxIyWTjn2/arcgis/rest/services/Growth_Management_%E2%80%93_Active_Development_Applications/FeatureServer/0/query?where=OBJECTID%3D133&outFields=*&outSR=4326&f=pjson | https://pub-mississauga.escribemeetings.com/filestream.ashx?DocumentId=82887 | https://www.mississauga.ca/wp-content/uploads/2022/09/29114811/W7_65-71_Architectural_Plans_April_2022.pdf | https://www.mississauga.ca/services-and-programs/building-and-renovating/incentives-for-building-affordable-rental-housing/ | https://urbantoronto.ca/database/projects/six-five-agnes.49583 | https://www.intentionalcapital.com/projects/six-five-agnes | https://bousfields.ca/project/65-agnes-street/
orchard-189,The Orchard District / 189 Dundas Street West,The Orchard District / 189 Dundas Street West,OLT-approved revised scheme; site plan pending,2026-09-20,18 | 25 | 16,,,,,Duplicate or superseded source geometry excluded; inspect replacement evidence,City snapshot names the site 149 Dundas West (SP 22-162) and retains the former 32-storey tower. Even the June 2026 pipeline description repeats 18/20/32 storeys and 966 homes. The later binding order controls; exclude superseded snapshot geometry.,https://www.omb.gov.on.ca/e-decisions/OLT-22-004125-JAN-19-2024.PDF | https://www.mississauga.ca/wp-content/uploads/2024/08/14083711/mississauga-official-plan-amendment-mopa-168.pdf | https://urbantoronto.ca/forum/threads/toronto-the-orchard-district-m-25s-gala-bdp-quadrangle.28351/page-2 | https://services6.arcgis.com/hM5ymMLbxIyWTjn2/arcgis/rest/services/Growth_Management_%E2%80%93_Active_Development_Applications/FeatureServer/0/query?where=OBJECTID%3D211&outFields=*&outSR=4326&f=pjson
tomken-4094,4094 Tomken / 924 Rathburn,4094 Tomken / 924 Rathburn,Approved planning framework; detailed 2024 reference/current upper geometry unverified,2026-10-08,12 | 12,43.8,,,2029-12,Optional dated 2024 architectural reference; 2025 ground study shown separately,"This detailed source-based study reconstructs the April 12, 2024 KPMB drawings published as the September 2024 submission. Both buildings are 12 storeys and 43.8 m from the documented established grades to mechanical top. Individual windows follow the documented repeated bay rhythm; frame depths, rail details and exact material tones remain approximate. Curved roof enclosures follow the roof plan, which takes precedence over illustrative render imagery. The March 21, 2025 site plan changes the ground outlines and Building 1 FFE from 137.40 to 137.50 m; no current upper-floor drawings or elevations were recovered. This dated model must not be asserted to reproduce the current 2025 envelope. No basements are exposed or exported. Existing church and seven-storey apartment are retained. Placement is a municipal-footprint alignment with approximately 2.5 m working uncertainty, not a legal survey. Proposed finished floors differ from current bare-earth terrain at some edges; current civil grading is unverified. A shallow foundation conceals the gap, without changing documented floors, roof datums or roads.",https://www.mississauga.ca/wp-content/uploads/2023/11/Architectural-Drawings_Oct-2023_OZ-21-17-W3.pdf | https://www.mississauga.ca/wp-content/uploads/2023/11/Building-Elevations-and-Sections_Oct-2023_OZ-21-17-W3.pdf | https://www.mississauga.ca/wp-content/uploads/2024/10/22110605/renderings-september-2024-oz-opa-22-28-w3.pdf | https://www.mississauga.ca/wp-content/uploads/2024/10/22110717/building-2-south-elevation-september-2024-oz-opa-22-28-w3.pdf | https://www.mississauga.ca/wp-content/uploads/2024/10/22110709/building-1-section-transverse-september-2024-oz-opa-22-28-w3.pdf | https://chrisfonseca.ca/wp-content/uploads/2025/06/SP-25-29-W3-Site-Plan.pdf | https://www.mississauga.ca/wp-content/uploads/2024/10/22110707/building-1-north-elevation-september-2024-oz-opa-22-28-w3.pdf | https://www.mississauga.ca/wp-content/uploads/2024/10/22110711/building-1-south-elevation-september-2024-oz-opa-22-28-w3.pdf | https://www.mississauga.ca/wp-content/uploads/2024/10/22110712/building-2-north-elevation-september-2024-oz-opa-22-28-w3.pdf | https://www.mississauga.ca/wp-content/uploads/2024/10/22110436/east-full-elevation-september-2024-oz-opa-22-28-w3.pdf | https://www.mississauga.ca/wp-content/uploads/2024/10/22110441/floor-plan-ground-level-september-2024-oz-opa-22-28-w3.pdf | https://www.mississauga.ca/wp-content/uploads/2024/10/22110442/floor-plan-level-2-september-2024-oz-opa-22-28-w3.pdf | https://www.mississauga.ca/wp-content/uploads/2024/10/22110444/floor-plan-level-3-september-2024-oz-opa-22-28-w3.pdf | https://www.mississauga.ca/wp-content/uploads/2024/10/22110446/floor-plan-level-4-september-2024-oz-opa-22-28-w3.pdf | https://www.mississauga.ca/wp-content/uploads/2024/10/22110447/floor-plan-level-5-september-2024-oz-opa-22-28-w3.pdf | https://www.mississauga.ca/wp-content/uploads/2024/10/22110449/floor-plan-level-6-september-2024-oz-opa-22-28-w3.pdf | https://www.mississauga.ca/wp-content/uploads/2024/10/22110450/floor-plan-level-7-september-2024-oz-opa-22-28-w3.pdf | https://www.mississauga.ca/wp-content/uploads/2024/10/22110452/floor-plan-level-8-september-2024-oz-opa-22-28-w3.pdf | https://www.mississauga.ca/wp-content/uploads/2024/10/22110454/floor-plan-level-9-september-2024-oz-opa-22-28-w3.pdf | https://www.mississauga.ca/wp-content/uploads/2024/10/22110456/floor-plan-level-10-september-2024-oz-opa-22-28-w3.pdf | https://www.mississauga.ca/wp-content/uploads/2024/10/22110457/floor-plan-level-11-september-2024-oz-opa-22-28-w3.pdf | https://www.mississauga.ca/wp-content/uploads/2024/10/22110459/floor-plan-level-12-september-2024-oz-opa-22-28-w3.pdf | https://www.mississauga.ca/wp-content/uploads/2024/10/22110506/floor-plan-roof-level-september-2024-oz-opa-22-28-w3.pdf | https://www.mississauga.ca/wp-content/uploads/2024/10/22110644/site-survey-september-2024-oz-opa-22-28-w3.pdf | https://www.mississauga.ca/wp-content/uploads/2024/10/22110646/statistics-september-2024-oz-opa-22-28-w3.pdf | https://www.mississauga.ca/wp-content/uploads/2024/10/22110658/west-full-elevation-september-2024-oz-opa-22-28-w3.pdf | https://www.mississauga.ca/wp-content/uploads/2024/10/22110643/site-plan-september-2024-oz-opa-22-28-w3.pdf | https://www.mississauga.ca/wp-content/uploads/2026/01/08091741/Mississauga-Official-Plan-Amendment-190.pdf | KPMB architectural references published by the City of Mississauga; dated upper design and later ground-plan limits are identified.
st-luke-westminster,St Luke’s seniors housing / 4150 Westminster Place,St Luke’s seniors housing / 4150 Westminster Place,Site plan under review; construction start unverified,2026-09-20,8,,,,2028-06,Source geometry available; current detail may differ,Expected dates are not a confirmed start. Preserve the existing residence and add only the proposed infill geometry.,https://services6.arcgis.com/hM5ymMLbxIyWTjn2/arcgis/rest/services/Growth_Management_%E2%80%93_Active_Development_Applications/FeatureServer/0/query?where=OBJECTID%3D122&outFields=*&outSR=4326&f=pjson | https://chrisfonseca.ca/wp-content/uploads/2024/11/OZ-OPA-24-10-W3-4150-Westminster-Place-0476-2024-0476-2024.pdf | https://www.mississauga.ca/services-and-programs/building-and-renovating/incentives-for-building-affordable-rental-housing/
lolita-596,596 Lolita Gardens,596 Lolita Gardens,Under construction; topping out reported,2026-09-20,25,,,,,Source geometry available; current detail may differ,"Do not treat topping out as occupancy. City massing is the proposal source, with final architectural detail unverified.",https://urbantoronto.ca/database/projects/596-lolita-gardens.48021 | https://everworthrentals.com/wp-content/uploads/2024/04/1710370758408_596_Lolita_Gardens_Newsletter__4_-_12_March_2024.pdf | https://ca.linkedin.com/company/park-property-management-inc/ | https://www.parkproperty.ca/apartments/apartments-for-rent
agnes-45,45 Agnes Street / 3051 Cook Street,45 Agnes Street / 3051 Cook Street,Retained proposal; current construction stage unverified,2026-09-20,28,92.05,,,,Source geometry available; current detail may differ,Old age is not cancellation. Storey-count differences in photo captions are not sufficient to revise geometry. Site-plan identity SP 21-102 links the City model to the site.,https://urbantoronto.ca/forum/threads/toronto-45-agnes-street-92-05m-28s-jd-development-group-tregebov-cogan.5105/page-5 | https://pub-mississauga.escribemeetings.com/filestream.ashx?DocumentId=45903 | https://www.flickr.com/photos/drum118/55303100913
kirwin-3016,3016–3034 Kirwin Avenue / Little John Lane,3016–3034 Kirwin Avenue / Little John Lane,Application retained in June 2026 pipeline,2026-09-20,8,,,,,Source geometry available; current detail may differ,Address changes do not imply a new project. Exact OZ 21-5 identity matches the City mesh; detailed architectural currency remains unverified.,https://services6.arcgis.com/hM5ymMLbxIyWTjn2/arcgis/rest/services/Growth_Management_%E2%80%93_Active_Development_Applications/FeatureServer/0/query?where=OBJECTID%3D144&outFields=*&outSR=4326&f=pjson | https://peelregion.ca/sites/default/files/2024-10/kirwin-ave-EA-appendix-K-contact-list-project-notifications.pdf
argyle-2570,2570–2590 Argyle Road,2570–2590 Argyle Road,Site plan under review,2026-09-20,,,,,,Source geometry available; current detail may differ,No floor count is inferred from the mesh height. Existing apartment buildings must remain in the base model.,https://services6.arcgis.com/hM5ymMLbxIyWTjn2/arcgis/rest/services/Growth_Management_%E2%80%93_Active_Development_Applications/FeatureServer/0/query?where=OBJECTID%3D112&outFields=*&outSR=4326&f=pjson | https://services6.arcgis.com/hM5ymMLbxIyWTjn2/arcgis/rest/services/LOD2_Buildings_Scene/SceneServer | https://urbantoronto.ca/forum/threads/toronto-2570-2590-argyle-road-46-7m-15s-ranee-management-ibi-group.31776/
courtney-630,630–670 Courtney Valley Road,630–670 Courtney Valley Road,Current application unconfirmed; historical version retained,2026-10-08,24 | 19,,,,,Source geometry available; current detail may differ,"The current City clarification reports no recent activity/current application, while the June 2026 inventory retains an older entry. This conflict does not establish official cancellation. The historical geometry is uncertain.",https://services6.arcgis.com/hM5ymMLbxIyWTjn2/arcgis/rest/services/Growth_Management_%E2%80%93_Active_Development_Applications/FeatureServer/0/query?where=OBJECTID%3D67&outFields=*&outSR=4326&f=pjson | https://services6.arcgis.com/hM5ymMLbxIyWTjn2/arcgis/rest/services/LOD2_Buildings_Scene/SceneServer | https://www7.mississauga.ca/documents/agendas/committees/pdc/2015/10-05-2015_PDC_Agenda.pdf
absolute-world,Absolute World / Marilyn Monroe Towers,,Completed,2012,56 | 50,175.6 | 157.9,2012,,,source-derived distinct 56/50-floor tower forms; interpolated south rotation and illustrative facade detail,"This is a source-derived architectural visualization, not a certified as-built model. Exact intermediate south floor rotations are not available in the primary drawings: smooth bounded 1–8-degree increments interpolate the verified floor 1/24/40 anchors and 209-degree total. South plan scaled by the City captured maximum silhouette diameter; north fits the documented elliptical plate to captured roof samples. These are measured source fits, not dimensioned construction drawings. Tower centres retain City captured polygon centroids. Estimated model-registration tolerance±2 m, plan scale/profile tolerance±2 m; these are modelling allowances, not surveyed confidence intervals. Nominal architectural heights follow current CTBUH; City captured height extents differ by 3.66 m/4.21 m. Ground datum is retained from City and its absolute vertical accuracy is unverified. Typical floor elevations and roof-zone subdivisions are inferred from published highest-occupied/top heights; they are not a complete elevation schedule. Balcony slab thickness 0.20 m, guard height 1 m and glazing setbacks are illustrative, as are material appearance and mullion detail. South mechanical roof uses the unchanged City plan outline, with its vertical placement reconstructed; north exact roof machinery is omitted.",https://www.i-mad.com/projects/absolute-towers | https://misfitsarchitecture.com/wp-content/uploads/2021/10/5-case-study-absolute-world-towers-mississauga.pdf | https://www.skyscrapercenter.com/building/absolute-world-building-d/2939 | https://www.skyscrapercenter.com/building/wd/3918 | https://archdwg.ca/absolute-world/
brightwater-credit-river-way,Credit River Way,"200 Missinnihe Way, Mississauga",Completed,2024-11,7,,2024-11,,,Municipal source geometry identified and retained,"Retain City 2024 LiDAR component 93-765, matched to masterplan D 1. The informal name “The Kee” was not supported by the reviewed primary sources and must not be used. Captured roof 108.79 m ASL is source geometry, not a new survey.",https://peelregion.ca/business/housing-development/credit-river-way | https://www.mississauga.ca/wp-content/uploads/2024/11/07091151/OPA-24-4-W1-OPA-181-Notice-of-Passing-Public-Notice.pdf
perla-towers,Perla Towers at Pinnacle Uptown,35 and 65 Watergarden Drive,completed,2026-09-26,34 | 15,,,,,,"The City confirms 15 and 34 storeys. The 111.9 m tall envelope is an unverified published catalogue value; the 53 m shorter envelope and 12 m podium are illustrative estimates. Allow roughly ±5 m, not survey confidence. Plan registration relates older source contours to the 2024 mapped podium. Exact current balconies, roof plant and facade details are not reconstructed. The Ontario 2023 DSM catalog record returned NoData here; no LiDAR-derived building height is claimed. The seven native municipal scene leaves inspected around this site did not contain these two towers. No existing source IDs are suppressed.",https://www7.mississauga.ca/documents/committees/pdc/2017/2017_06_26_PDC_Agenda.pdf | https://services6.arcgis.com/hM5ymMLbxIyWTjn2/arcgis/rest/services/Building_Footprints_2024/FeatureServer/0 | https://pinnacleinternational.ca/past-projects/ | https://en.wikipedia.org/wiki/List_of_tallest_buildings_in_Mississauga | https://www.delsuites.com/suites/perla_towers/detail.php
alba,Alba,1 Fairview Road East,completed,2026-02,32,109.1,"Completed by February 12, 2026; move-ins began December 2025",,,Source-derived architectural model from approved plans and developer references; approximate detail,"Independent reconstruction from approved City plans, developer floorplate references and GIS parcel registration; not a certified as-built or native architect model. The final 32-storey program and current 109.1 m CTBUH architectural top are retained. Intermediate floor elevations, mechanical-screen subdivisions, balcony guards, slab thicknesses, façade joints and mullions are approximate. Plan tracing and placement carry approximately 1–2 m working tolerance, not surveyed confidence. Current public Tile 72 was checked and contains no Alba; no existing municipal source IDs are suppressed.",https://edenshaw.com/news/new-32-storey-condominium-complete-in-mississauga/ | https://www.sajeckiplanning.com/projects/edenshaw-developments-ltd-1-fairview-road-east-mississauga | https://www.skyscrapercenter.com/building/alba/49152 | https://www.mississauga.ca/wp-content/uploads/2021/07/08102221/OZ-20-001-W4-OPA-120-Public-Notice.pdf | https://services6.arcgis.com/hM5ymMLbxIyWTjn2/arcgis/rest/services/Parcel/FeatureServer/0 | https://mississauga.maps.arcgis.com/home/item.html?id=310b8dfcc68d4447803726ff94e9f46c | https://www.albacondos.com/amenities | https://drive.google.com/file/d/1FHyLpf6ujyR-9kAr8bFLIVNtqIGhX1SQ/view | https://urbantoronto.ca/forum/threads/toronto-alba-109-1m-32s-edenshaw-core-architects.30920/page-8 | https://services6.arcgis.com/hM5ymMLbxIyWTjn2/ArcGIS/rest/services/Property_Search/FeatureServer/0
lakeview-block2,Lakeview Village Block 2,830 Cove View; 821/823 Leading Sea; 930/940/955/965 Headwind Lane,Active site-plan application; architectural version uncertain,2026-09-27,,,,,,Retained City source massing matched to active application parcel; current architecture unverified,"Existing municipal massing is retained unchanged and matched spatially to the current active City application. Source height is a model attribute, not verified current final architecture. Do not add duplicate buildings or infer an actual completion date.",https://services6.arcgis.com/hM5ymMLbxIyWTjn2/ArcGIS/rest/services/Site_Plan_Applications/FeatureServer/0
lakeview-block15,Lakeview Village Block 15,1050 Shoreview Landing; 1055/1065 South Shore Promenade,Active site-plan application; architectural version uncertain,2026-09-27,,,,,,Retained City source massing matched to active application parcel; current architecture unverified,"Existing municipal massing is retained unchanged and matched spatially to the current active City application. Source height is a model attribute, not verified current final architecture. Do not add duplicate buildings or infer an actual completion date.",https://services6.arcgis.com/hM5ymMLbxIyWTjn2/ArcGIS/rest/services/Site_Plan_Applications/FeatureServer/0
30-eglinton-west,30 Eglinton Avenue West,30 Eglinton Avenue West,Zoning approved; construction timing unverified,2024-01-10,29 | 36 | 31,93.5 | 113.1 | 100,,,,Approved envelope massing; final architecture unverified,The towers follow approved zoning envelopes; podium outlines and ground levels are approximate. Final façades and construction timing remain unverified.,https://www.omb.gov.on.ca/e-decisions/OLT-22-004548-NOV-20-2023.PDF | https://www7.mississauga.ca/Departments/PB/OfficialDocs/OLT-22-004548-JAN-10-2024-ORD.pdf | https://www7.mississauga.ca/Departments/PB/OfficialDocs/OLT-22-004548-MAY-25-2026-ORD.pdf | https://www7.mississauga.ca/Departments/PB/ZoneBylaw/DZBR1/Part%204%20-%20RA5.pdf | https://services6.arcgis.com/hM5ymMLbxIyWTjn2/arcgis/rest/services/Growth_Management_%E2%80%93_Active_Development_Applications/FeatureServer/0/query?where=SiteAddress+LIKE+%27%2530+Eglinton%25%27&outFields=%2A&outSR=4326&f=pjson | https://services6.arcgis.com/hM5ymMLbxIyWTjn2/ArcGIS/rest/services/Parcel/FeatureServer/0/query?where=CITY_PIN%3D5263100&outFields=%2A&outSR=26917&returnGeometry=true&f=pjson | https://services6.arcgis.com/hM5ymMLbxIyWTjn2/arcgis/rest/services/Growth_Management_%E2%80%93_Issued_Building_Permits/FeatureServer/0/query?where=PIN+%3D+5263100&outFields=%2A&outSR=4326&f=json | https://sajeckiplanning.squarespace.com/projects/30-eglinton-avenue-west | https://sajeckiplanning.squarespace.com/news/nru-publishing-spotlights-sajecki-planning | https://studiotla.ca/Projects/MIXED-USE-HIGHRISE-RESIDENTIAL | https://www.crownrealtypartners.com/news/crown-plaza-partners-team-mixed-use-redevelopment-project-30-eglinton-avenue-west-mississauga
block-nine,Block Nine: North and South towers,4085 and 4055 Parkside Village Drive,completed,2026-10-03,25 | 34,79.9 | 106.5,,,,reference-derived supplemental model,"Existing status and 25/34 storeys are corroborated by primary sources. Approximate 79.9/106.5 m vertical envelopes come from a secondary catalogue, not a current surveyed elevation. Tower plates are interpreted from the developer amenity illustration registered to current City mapped footprint limits. Allow about 5 m for tower position/contour interpretation; this is not a statistical accuracy claim. The 14 m podium, floor divisions, balcony projections, vertical fins and roof enclosures are simplified reference-based estimates. Exact as-built facade and slab dimensions have not been obtained. Nine selected native City LOD 2 scene leaves and the inherited municipal model do not contain either tower. Existing neighbouring source geometry is retained. No downloadable architect-native model was located.",https://amacon.com/portfolio/ | https://www7.mississauga.ca/documents/pb/opendata/2020/2020_Residential_Directory_Report_Final.pdf#page=102 | https://services6.arcgis.com/hM5ymMLbxIyWTjn2/arcgis/rest/services/Building_Footprints_2024/FeatureServer/0 | https://services6.arcgis.com/hM5ymMLbxIyWTjn2/arcgis/rest/services/Address/FeatureServer/0 | https://condopundit.com/wp-content/uploads/2015/04/Block-Nine-Parkside-Village-Brochure.pdf | https://skyscraperpage.com/b110806/mississauga/block-9-north-at-parkside-village | https://skyscraperpage.com/b110807/mississauga/block-9-south-at-parkside-village
aldo-1422-study,1422 Aldo Drive · reference-finish study,1422 Aldo Drive,Historical design study; current condition unverified,2026-10-08,,,,,,source-based exterior improvement,"Historical/drawn exterior study, approximately registered. Native dimensions not rescaled. Ground interpolated; current built design not verified.",https://data.mississauga.ca/pages/mississauga-3d | References supplied through Kalgreens Construction; original model-author credit remains to be confirmed.
daimler-1338-study,1338 Daimler Road · drawing study,1338 Daimler Road,Historical design study; current condition unverified,2026-10-08,,,,,,source-based exterior improvement,"Historical/drawn exterior study, approximately registered. Native dimensions not rescaled. Ground interpolated; current built design not verified.",https://data.mississauga.ca/pages/mississauga-3d | Reference drawings supplied through C Architecture; final contributor credit remains to be confirmed.
hazelhurst-business-park,Hazelhurst Business Park • reference shell study,,Existing shell / source study,2026-10-08,,,,,,source-based exterior improvement,"approximate shells for 705, 745 and 795 Hazelhurst. The September 2026 brochure advertises 36 ft CLEAR INTERNAL height for 745 and 795, not exterior roof height. The clear height of 705 is not established by this brochure. The 13.13 m roof and 14 m service top are explicit visual approximations pending elevations. 745 is 893 × 288 ft; 795 is 818 × 263 ft. The advertised 72, 787 sq ft available at 795 is a portion, not the entire shell. 705 follows the actual City 2024 mapped footprint. Office corner layout, façade divisions, doors, joints and rooftop services are estimated from supplied photographs, with grey atlas finishes. “Immediate” for 745 and “Q 3 2026” for 795 are leasing/delivery statements, not independently verified occupancy dates. The brochure photograph shows complete exterior shells but its capture date is unspecified. Placement uses City address points with approximately 6 m working uncertainty; it is not legal-survey accuracy.","September 2026 Hopewell / Avison Young brochure, supplied by Justin Leon | https://services6.arcgis.com/hM5ymMLbxIyWTjn2/arcgis/rest/services/Address/FeatureServer/0 | https://services6.arcgis.com/hM5ymMLbxIyWTjn2/arcgis/rest/services/BldgRoof/FeatureServer/0 | https://www.hopewelldevelopment.com/property/hazelhurst-business-park/ | Hopewell Development brochure; City of Mississauga mapped footprints and Ontario terrain."
south-common-community-centre,South Common Community Centre & Library,2233 South Millway,Under construction · source-based finished-exterior study,2026-10-08,2,,,,2027 (anticipated; City pages differ on season),Optional finished-exterior approximation; alignment and grade remain estimated,"Independent exterior study from City plans and supplied references. Scale, roof heights and map placement are approximate. The 12.8 m roof estimate is unverified; the neighbouring-footprint registration check differs by 10.4 m. The display is trimmed to approximate existing terrain and uses an illustrative footing; actual finished grading is unknown. This full-design envelope appears only in Future mode, not as recorded construction progress.",https://www.mississauga.ca/projects-and-strategies/city-projects/south-common-community-centre-and-library-renovation/ | https://www.canam.com/en/case-study/a-hybrid-construction-in-mississauga/ | https://elementfive.co/projects/south-common-community-centre-and-library/ | https://www.mississauga.ca/wp-content/uploads/2023/05/South-Common-Community-Centre-and-Library-renovation-Virtual-Public-Info-Session_Apr.-25-2023.pdf | City of Mississauga and Perkins&Will design references; Canam and Element5 structural references.
burnhamthorpe-community-centre,Burnhamthorpe Community Centre,1500 Gulleden Drive,Completed exterior / source-based approximation,2026-10-08,,,,2024,,source-based exterior improvement,"Independent stepped civic exterior from City 2020 roof/site boards, matched to 2024 City footprint and completed-building photographs; schematic façade/PV detail.",https://www.mississauga.ca/wp-content/uploads/2020/10/09142726/BCC-Community-Presentation-Boards.pdf | https://services6.arcgis.com/hM5ymMLbxIyWTjn2/ArcGIS/rest/services/Building_Footprints_2024/FeatureServer/0 | https://services6.arcgis.com/hM5ymMLbxIyWTjn2/ArcGIS/rest/services/Address/FeatureServer/0 | https://ws.geoservices.lrc.gov.on.ca/arcgis5/rest/services/Elevation/Ontario_DTM_LidarDerived/ImageServer | https://www.mississauga.ca/projects-and-strategies/city-projects/burnhamthorpe-community-centre-renovation/ | https://www.mississauga.ca/city-of-mississauga-news/news/free-family-day-fun-at-the-new-and-improved-burnhamthorpe-community-centre/ | City of Mississauga and CS&P Architects public drawings; MTE supplied completed-exterior reference photographs.
lakeshore-857-859,857–859 Lakeshore Road East,857–859 Lakeshore Road East,Redesign in progress; latest drawings unavailable,2026-10-05,,,,,,Navigation/evidence record; current redesigned geometry unavailable,Historical City records describe a four-storey scheme and a13.72m flat roof request in2022. Those dimensions are not adopted as the2026redesign. No cancellation or confirmed current completion is established.,https://pub-mississauga.escribemeetings.com/filestream.ashx?DocumentId=22061 | https://www.mississauga.ca/wp-content/uploads/2023/07/Lakeshore-Transit-Study_Appendix-N-%E2%80%93-Construction-Staging-and-Implementation-Report.pdf
st-hilarys-anglican-church,St Hilary’s Anglican Church · roof study,2055 Hurontario Street,Existing church · optional photo-derived roof study,2026-10-08,,,,,,Optional pitched-nave approximation; exact metric roof elevations unavailable,"The City source presents a low flat roof where supplied photos show a steep A-frame. This separate pilot interprets the nave with an estimated 14 m ridge (working range 11.5–16.5 m) and inferred roof pitch. Native lower-wing dimensions and grade remain the starting context. Exact metric elevations and rear façade details are unresolved. This is a schematic, not a certified as-built model.","https://sthilarys.com/about/history/ | https://services6.arcgis.com/hM5ymMLbxIyWTjn2/arcgis/rest/services/Building_Footprints_2024/FeatureServer/0 | https://yuanartstudio.com/studio-specials/2026-outdoor-sketching-program/st-hilarys-church/ | St. Hilary’s Anglican Church, Cooksville, photographic references; City of Mississauga mapped context."
merner-41-bay,41 Bay Street,,Existing exterior · supplied photo-based approximation,2026-10-08,,,,,,"exterior approximation; after-image corroborates visible design, not every concealed detail",Independent cross-gable heritage/addition reconstruction with wrap porch; four 2017 elevations plus supplied finished exterior photograph.,Merner Row Design supplied exterior elevations/photographs | https://services6.arcgis.com/hM5ymMLbxIyWTjn2/ArcGIS/rest/services/Building_Footprints_2024/FeatureServer/0 | https://services6.arcgis.com/hM5ymMLbxIyWTjn2/ArcGIS/rest/services/Address/FeatureServer/0 | https://ws.geoservices.lrc.gov.on.ca/arcgis5/rest/services/Elevation/Ontario_DTM_LidarDerived/ImageServer | Merner Row Design drawing and photograph references; City of Mississauga mapped context.
merner-42-peter,42 Peter Street South,,Existing exterior · supplied photo-based approximation,2026-10-08,,,,,,"exterior approximation; after-image corroborates visible design, not every concealed detail",Independent source-photo front and dormer/porch roof study; footprint-registered main house only.,Merner Row Design supplied exterior elevations/photographs | https://services6.arcgis.com/hM5ymMLbxIyWTjn2/ArcGIS/rest/services/Building_Footprints_2024/FeatureServer/0 | https://services6.arcgis.com/hM5ymMLbxIyWTjn2/ArcGIS/rest/services/Address/FeatureServer/0 | https://ws.geoservices.lrc.gov.on.ca/arcgis5/rest/services/Elevation/Ontario_DTM_LidarDerived/ImageServer | Merner Row Design drawing and photograph references; City of Mississauga mapped context.
merner-42-john,42 John Street South,,Dated 2025 proposed-addition study; current state unverified,2026-10-08,,,,,,Optional future-only design study; no current completed exterior confirmed,March 2025 four-elevation proposed-addition/colour-option study; scaled to existing frontage context.,Merner Row Design supplied exterior elevations/photographs | https://services6.arcgis.com/hM5ymMLbxIyWTjn2/ArcGIS/rest/services/Building_Footprints_2024/FeatureServer/0 | https://services6.arcgis.com/hM5ymMLbxIyWTjn2/ArcGIS/rest/services/Address/FeatureServer/0 | https://ws.geoservices.lrc.gov.on.ca/arcgis5/rest/services/Elevation/Ontario_DTM_LidarDerived/ImageServer | Merner Row Design proposed-addition and colour-option references; City of Mississauga mapped context.
