"mesh_id","project_id","project_name","research_area","source_status","reviewed_status","action","include_in_dated_capture_baseline","include_in_default_reviewed_future","exclude_superseded","exclude_duplicate_in_future","disputed_source_version_excluded_from_strict_mode","evidence_note","source_urls"
"101-4560","dundas-1000","1000–1024 Dundas Street East","citywide","Proposed","Under review","Retain source massing with cited caveat","Not separately specified","true","false","false","false","Address coordinates are approximate map pins. City snapshot meshes are source massing, not construction drawings; latest approvals and final detailed architecture may differ. Receivership alone is not a basis to delete a proposal; record remains conditional.","https://www.mississauga.ca/services-and-programs/planning-and-development/development-applications/active-development-applications/1000-and-1024-dundas-street-east-oz-opa-22-18-w1/ ; https://insolvencyinsider.ca/p/morrison-financial-wins-receiver-appointment-over-mississauga-dundas-street-redevelopment-lands"
"101-4561","dundas-1000","1000–1024 Dundas Street East","citywide","Proposed","Under review","Retain source massing with cited caveat","Not separately specified","true","false","false","false","Address coordinates are approximate map pins. City snapshot meshes are source massing, not construction drawings; latest approvals and final detailed architecture may differ. Receivership alone is not a basis to delete a proposal; record remains conditional.","https://www.mississauga.ca/services-and-programs/planning-and-development/development-applications/active-development-applications/1000-and-1024-dundas-street-east-oz-opa-22-18-w1/ ; https://insolvencyinsider.ca/p/morrison-financial-wins-receiver-appointment-over-mississauga-dundas-street-redevelopment-lands"
"101-4562","dundas-1000","1000–1024 Dundas Street East","citywide","Proposed","Under review","Retain source massing with cited caveat","Not separately specified","true","false","false","false","Address coordinates are approximate map pins. City snapshot meshes are source massing, not construction drawings; latest approvals and final detailed architecture may differ. Receivership alone is not a basis to delete a proposal; record remains conditional.","https://www.mississauga.ca/services-and-programs/planning-and-development/development-applications/active-development-applications/1000-and-1024-dundas-street-east-oz-opa-22-18-w1/ ; https://insolvencyinsider.ca/p/morrison-financial-wins-receiver-appointment-over-mississauga-dundas-street-redevelopment-lands"
"71-6194","city-group-141","1016 Eglinton Ave. East","group-status","Proposed","Minor site-plan work retained; completion unknown","Retain source massing with cited caveat","Not separately specified","true","false","false","false","SP 24 14 source label matches SPM 24 14 at 1010–1022 Eglinton East, 32 m away. Existing Starbucks/retail listings do not prove proposed site work complete.","https://services6.arcgis.com/hM5ymMLbxIyWTjn2/arcgis/rest/services/Growth_Management_%E2%80%93_Issued_Building_Permits/FeatureServer/0/query?f=json&geometry=%7B%22x%22%3A+-79.6283615109351%2C+%22y%22%3A+43.627506142981375%2C+%22spatialReference%22%3A+%7B%22wkid%22%3A+4326%7D%7D&geometryType=esriGeometryPoint&inSR=4326&spatialRel=esriSpatialRelIntersects&distance=90&units=esriSRUnit_Meter&outFields=BuildingPermitNumber%2CIssuedDate%2CBuildingPermitType%2CBuildingPermitScope%2CAddress%2CApprovedUse%2CResidentialUnits%2CNonResidentialGFA_m2&outSR=4326&returnGeometry=true"
"32-918","city-group-99","1024 Westport Cres.","inventory73-status","Proposed","Application retained; current construction and completion unverified","Retain source massing with cited caveat","Not separately specified","true","false","false","false","Only old industrial leasing/address evidence found. It does not certify the new industrial-with-office site-plan building complete.","https://services6.arcgis.com/hM5ymMLbxIyWTjn2/arcgis/rest/services/Growth_Management_%E2%80%93_Active_Development_Applications/FeatureServer/0/query?where=OBJECTID%3D72&outFields=*&outSR=4326&f=pjson"
"101-4559","city-group-171","1030 Dundas St. East","group-status","Proposed","Minor site-plan application retained; completion unknown","Retain source massing with cited caveat","Not separately specified","true","false","false","false","Exact 1030 Dundas East parcel bridges SP 22 107 to SPM 22 107. It must stay separate from neighbouring 1000/1024 Dundas high-rise proposal.","https://services6.arcgis.com/hM5ymMLbxIyWTjn2/arcgis/rest/services/Growth_Management_%E2%80%93_Issued_Building_Permits/FeatureServer/0/query?f=json&geometry=%7B%22x%22%3A+-79.59134740926577%2C+%22y%22%3A+43.60141412745106%2C+%22spatialReference%22%3A+%7B%22wkid%22%3A+4326%7D%7D&geometryType=esriGeometryPoint&inSR=4326&spatialRel=esriSpatialRelIntersects&distance=90&units=esriSRUnit_Meter&outFields=BuildingPermitNumber%2CIssuedDate%2CBuildingPermitType%2CBuildingPermitScope%2CAddress%2CApprovedUse%2CResidentialUnits%2CNonResidentialGFA_m2&outSR=4326&returnGeometry=true"
"82-5570","city-group-178","1034 Clarkson Rd. North","inventory73-status","Proposed","Proposed commercial addition; completion of the addition unverified","Retain source massing with cited caveat","Not separately specified","true","false","false","false","The municipal application is explicitly a one-storey addition to an existing one-storey commercial building, not construction of the whole operating office. McDadi currently lists its South Mississauga office at this address. That does not date the addition. The City's Clarkson/Lakeshore EA correspondence identifies the addition in April 2022. No later source found in this bounded audit demonstrates its completion.","https://services6.arcgis.com/hM5ymMLbxIyWTjn2/arcgis/rest/services/Growth_Management_%E2%80%93_Active_Development_Applications/FeatureServer/0/query?where=OBJECTID%3D26&outFields=*&outSR=4326&f=pjson ; https://mcdadi.com/office/south-mississauga-office ; https://www.mississauga.ca/wp-content/uploads/2022/10/12154228/Appendix-N-Correspondance-Record-Clarkson-Lakeshore-EA.pdf"
"71-6195","city-group-142","1108 Eglinton Ave. East","group-status","Proposed","2026 site-plan application retained; completion unknown","Retain source massing with cited caveat","Not separately specified","true","false","false","false","Exact 1094/1108 Eglinton East address and location bridge the old OZ 17/7 to SP 26 9. Historical retail zoning does not demonstrate delivery of current design.","https://www.mississauga.ca/wp-content/uploads/2019/06/14110003/2019_06_24_PDC_Agenda.pdf ; https://services6.arcgis.com/hM5ymMLbxIyWTjn2/arcgis/rest/services/Growth_Management_%E2%80%93_Issued_Building_Permits/FeatureServer/0/query?f=json&geometry=%7B%22x%22%3A+-79.62686988310948%2C+%22y%22%3A+43.62955137004276%2C+%22spatialReference%22%3A+%7B%22wkid%22%3A+4326%7D%7D&geometryType=esriGeometryPoint&inSR=4326&spatialRel=esriSpatialRelIntersects&distance=90&units=esriSRUnit_Meter&outFields=BuildingPermitNumber%2CIssuedDate%2CBuildingPermitType%2CBuildingPermitScope%2CAddress%2CApprovedUse%2CResidentialUnits%2CNonResidentialGFA_m2&outSR=4326&returnGeometry=true"
"102-7058","city-group-16","1127 & 1129 Dixie Rd.","group-status","Proposed","Toronto Golf Club turf facility permit issued; completion unknown","Retain source massing with cited caveat","Not separately specified","true","false","false","false","November 2025 City permit identifies a new 2,193 m² maintenance building with mezzanine at 1127 Dixie. Permit proves scope, not physical start or completion.","https://www.mississauga.ca/wp-content/uploads/2026/01/16114731/November-2025-Detailed-Building-Permit-Report.pdf ; https://services6.arcgis.com/hM5ymMLbxIyWTjn2/arcgis/rest/services/Growth_Management_%E2%80%93_Issued_Building_Permits/FeatureServer/0/query?f=json&geometry=%7B%22x%22%3A+-79.55294264636635%2C+%22y%22%3A+43.587999333284614%2C+%22spatialReference%22%3A+%7B%22wkid%22%3A+4326%7D%7D&geometryType=esriGeometryPoint&inSR=4326&spatialRel=esriSpatialRelIntersects&distance=90&units=esriSRUnit_Meter&outFields=BuildingPermitNumber%2CIssuedDate%2CBuildingPermitType%2CBuildingPermitScope%2CAddress%2CApprovedUse%2CResidentialUnits%2CNonResidentialGFA_m2&outSR=4326&returnGeometry=true"
"102-7059","city-group-16","1127 & 1129 Dixie Rd.","group-status","Proposed","Toronto Golf Club turf facility permit issued; completion unknown","Retain source massing with cited caveat","Not separately specified","true","false","false","false","November 2025 City permit identifies a new 2,193 m² maintenance building with mezzanine at 1127 Dixie. Permit proves scope, not physical start or completion.","https://www.mississauga.ca/wp-content/uploads/2026/01/16114731/November-2025-Detailed-Building-Permit-Report.pdf ; https://services6.arcgis.com/hM5ymMLbxIyWTjn2/arcgis/rest/services/Growth_Management_%E2%80%93_Issued_Building_Permits/FeatureServer/0/query?f=json&geometry=%7B%22x%22%3A+-79.55294264636635%2C+%22y%22%3A+43.587999333284614%2C+%22spatialReference%22%3A+%7B%22wkid%22%3A+4326%7D%7D&geometryType=esriGeometryPoint&inSR=4326&spatialRel=esriSpatialRelIntersects&distance=90&units=esriSRUnit_Meter&outFields=BuildingPermitNumber%2CIssuedDate%2CBuildingPermitType%2CBuildingPermitScope%2CAddress%2CApprovedUse%2CResidentialUnits%2CNonResidentialGFA_m2&outSR=4326&returnGeometry=true"
"92-4846","city-group-148","1139 Lorne Park Rd.","group-status","Proposed","Vacant redevelopment land marketed; proposed shape status unverified","Retain source version in violet; exclude from strict verified scenario","Not separately specified","true","false","false","true","June 19, 2026 listing explicitly markets vacant remediated land, not completed building. Existing municipal site-plan shape is retained as uncertain; no official cancellation was found.","https://www.zolo.ca/mississauga-real-estate/1139-lorne-park-road ; https://services6.arcgis.com/hM5ymMLbxIyWTjn2/arcgis/rest/services/Growth_Management_%E2%80%93_Issued_Building_Permits/FeatureServer/0/query?f=json&geometry=%7B%22x%22%3A+-79.61469329623921%2C+%22y%22%3A+43.53164401162314%2C+%22spatialReference%22%3A+%7B%22wkid%22%3A+4326%7D%7D&geometryType=esriGeometryPoint&inSR=4326&spatialRel=esriSpatialRelIntersects&distance=90&units=esriSRUnit_Meter&outFields=BuildingPermitNumber%2CIssuedDate%2CBuildingPermitType%2CBuildingPermitScope%2CAddress%2CApprovedUse%2CResidentialUnits%2CNonResidentialGFA_m2&outSR=4326&returnGeometry=true"
"92-4840","city-group-146","1148-1154 Mona Rd.","group-status","Proposed","Townhouse/semi-detached application; holding-removal pipeline","Retain source massing with cited caveat","Not separately specified","true","false","false","false","2025 planning rationale confirms Queenscorp Mona II identity at 1148/1154 Mona. H-OZ 25 5 current inventory concerns exact parcel. Nearby 1136/1160 Mona construction is not proof this proposal is complete.","https://www.mississauga.ca/wp-content/uploads/2025/01/09150354/oz-opa-25-2-w1-original-submission-Planning-Justification-Report.pdf ; https://services6.arcgis.com/hM5ymMLbxIyWTjn2/arcgis/rest/services/Growth_Management_%E2%80%93_Issued_Building_Permits/FeatureServer/0/query?f=json&geometry=%7B%22x%22%3A+-79.5890444982346%2C+%22y%22%3A+43.55558679144624%2C+%22spatialReference%22%3A+%7B%22wkid%22%3A+4326%7D%7D&geometryType=esriGeometryPoint&inSR=4326&spatialRel=esriSpatialRelIntersects&distance=90&units=esriSRUnit_Meter&outFields=BuildingPermitNumber%2CIssuedDate%2CBuildingPermitType%2CBuildingPermitScope%2CAddress%2CApprovedUse%2CResidentialUnits%2CNonResidentialGFA_m2&outSR=4326&returnGeometry=true"
"92-4841","city-group-146","1148-1154 Mona Rd.","group-status","Proposed","Townhouse/semi-detached application; holding-removal pipeline","Retain source massing with cited caveat","Not separately specified","true","false","false","false","2025 planning rationale confirms Queenscorp Mona II identity at 1148/1154 Mona. H-OZ 25 5 current inventory concerns exact parcel. Nearby 1136/1160 Mona construction is not proof this proposal is complete.","https://www.mississauga.ca/wp-content/uploads/2025/01/09150354/oz-opa-25-2-w1-original-submission-Planning-Justification-Report.pdf ; https://services6.arcgis.com/hM5ymMLbxIyWTjn2/arcgis/rest/services/Growth_Management_%E2%80%93_Issued_Building_Permits/FeatureServer/0/query?f=json&geometry=%7B%22x%22%3A+-79.5890444982346%2C+%22y%22%3A+43.55558679144624%2C+%22spatialReference%22%3A+%7B%22wkid%22%3A+4326%7D%7D&geometryType=esriGeometryPoint&inSR=4326&spatialRel=esriSpatialRelIntersects&distance=90&units=esriSRUnit_Meter&outFields=BuildingPermitNumber%2CIssuedDate%2CBuildingPermitType%2CBuildingPermitScope%2CAddress%2CApprovedUse%2CResidentialUnits%2CNonResidentialGFA_m2&outSR=4326&returnGeometry=true"
"92-4842","city-group-146","1148-1154 Mona Rd.","group-status","Proposed","Townhouse/semi-detached application; holding-removal pipeline","Retain source massing with cited caveat","Not separately specified","true","false","false","false","2025 planning rationale confirms Queenscorp Mona II identity at 1148/1154 Mona. H-OZ 25 5 current inventory concerns exact parcel. Nearby 1136/1160 Mona construction is not proof this proposal is complete.","https://www.mississauga.ca/wp-content/uploads/2025/01/09150354/oz-opa-25-2-w1-original-submission-Planning-Justification-Report.pdf ; https://services6.arcgis.com/hM5ymMLbxIyWTjn2/arcgis/rest/services/Growth_Management_%E2%80%93_Issued_Building_Permits/FeatureServer/0/query?f=json&geometry=%7B%22x%22%3A+-79.5890444982346%2C+%22y%22%3A+43.55558679144624%2C+%22spatialReference%22%3A+%7B%22wkid%22%3A+4326%7D%7D&geometryType=esriGeometryPoint&inSR=4326&spatialRel=esriSpatialRelIntersects&distance=90&units=esriSRUnit_Meter&outFields=BuildingPermitNumber%2CIssuedDate%2CBuildingPermitType%2CBuildingPermitScope%2CAddress%2CApprovedUse%2CResidentialUnits%2CNonResidentialGFA_m2&outSR=4326&returnGeometry=true"
"32-917","city-group-98","1150 Derry Rd. East","inventory73-status","Proposed","Application retained; current construction and completion unverified","Retain source massing with cited caveat","Not separately specified","true","false","false","false","Developer/architect portfolio identifies the five-storey office as a proposed site; no actual completion evidence found.","https://services6.arcgis.com/hM5ymMLbxIyWTjn2/arcgis/rest/services/Growth_Management_%E2%80%93_Active_Development_Applications/FeatureServer/0/query?where=OBJECTID%3D140&outFields=*&outSR=4326&f=pjson ; https://www.maharajadeveloper.com/projects"
"71-6170","dundas-1225","1225 Dundas Street East","citywide","Proposed","Under review","Exclude superseded geometry","Not separately specified","false","true","false","false","Address coordinates are approximate map pins. City snapshot meshes are source massing, not construction drawings; latest approvals and final detailed architecture may differ. Old 18-storey snapshot geometry is excluded as superseded until replaced from current 16-storey drawings.","https://www.mississauga.ca/services-and-programs/planning-and-development/development-applications/active-development-applications/1225-dundas-street-east-oz-opa-22-20-w3/ ; https://urbantoronto.ca/forum/threads/toronto-1225-dundas-street-east-65-62m-18s-smartcentres-turner-fleischer.34304/ ; https://www.mississauga.ca/wp-content/uploads/2025/09/03162624/Site-Plan-Roof-Plan-OZ-OPA-22-20-May-2026-1.pdf ; https://www.mississauga.ca/wp-content/uploads/2025/09/03153037/Statistics-1-OZ-OPA-22-20-May-2026.pdf"
"71-6171","dundas-1225","1225 Dundas Street East","citywide","Proposed","Under review","Exclude superseded geometry","Not separately specified","false","true","false","false","Address coordinates are approximate map pins. City snapshot meshes are source massing, not construction drawings; latest approvals and final detailed architecture may differ. Old 18-storey snapshot geometry is excluded as superseded until replaced from current 16-storey drawings.","https://www.mississauga.ca/services-and-programs/planning-and-development/development-applications/active-development-applications/1225-dundas-street-east-oz-opa-22-20-w3/ ; https://urbantoronto.ca/forum/threads/toronto-1225-dundas-street-east-65-62m-18s-smartcentres-turner-fleischer.34304/ ; https://www.mississauga.ca/wp-content/uploads/2025/09/03162624/Site-Plan-Roof-Plan-OZ-OPA-22-20-May-2026-1.pdf ; https://www.mississauga.ca/wp-content/uploads/2025/09/03153037/Statistics-1-OZ-OPA-22-20-May-2026.pdf"
"71-6172","dundas-1225","1225 Dundas Street East","citywide","Proposed","Under review","Exclude superseded geometry","Not separately specified","false","true","false","false","Address coordinates are approximate map pins. City snapshot meshes are source massing, not construction drawings; latest approvals and final detailed architecture may differ. Old 18-storey snapshot geometry is excluded as superseded until replaced from current 16-storey drawings.","https://www.mississauga.ca/services-and-programs/planning-and-development/development-applications/active-development-applications/1225-dundas-street-east-oz-opa-22-20-w3/ ; https://urbantoronto.ca/forum/threads/toronto-1225-dundas-street-east-65-62m-18s-smartcentres-turner-fleischer.34304/ ; https://www.mississauga.ca/wp-content/uploads/2025/09/03162624/Site-Plan-Roof-Plan-OZ-OPA-22-20-May-2026-1.pdf ; https://www.mississauga.ca/wp-content/uploads/2025/09/03153037/Statistics-1-OZ-OPA-22-20-May-2026.pdf"
"71-6173","dundas-1225","1225 Dundas Street East","citywide","Proposed","Under review","Exclude superseded geometry","Not separately specified","false","true","false","false","Address coordinates are approximate map pins. City snapshot meshes are source massing, not construction drawings; latest approvals and final detailed architecture may differ. Old 18-storey snapshot geometry is excluded as superseded until replaced from current 16-storey drawings.","https://www.mississauga.ca/services-and-programs/planning-and-development/development-applications/active-development-applications/1225-dundas-street-east-oz-opa-22-20-w3/ ; https://urbantoronto.ca/forum/threads/toronto-1225-dundas-street-east-65-62m-18s-smartcentres-turner-fleischer.34304/ ; https://www.mississauga.ca/wp-content/uploads/2025/09/03162624/Site-Plan-Roof-Plan-OZ-OPA-22-20-May-2026-1.pdf ; https://www.mississauga.ca/wp-content/uploads/2025/09/03153037/Statistics-1-OZ-OPA-22-20-May-2026.pdf"
"71-6174","dundas-1225","1225 Dundas Street East","citywide","Proposed","Under review","Exclude superseded geometry","Not separately specified","false","true","false","false","Address coordinates are approximate map pins. City snapshot meshes are source massing, not construction drawings; latest approvals and final detailed architecture may differ. Old 18-storey snapshot geometry is excluded as superseded until replaced from current 16-storey drawings.","https://www.mississauga.ca/services-and-programs/planning-and-development/development-applications/active-development-applications/1225-dundas-street-east-oz-opa-22-20-w3/ ; https://urbantoronto.ca/forum/threads/toronto-1225-dundas-street-east-65-62m-18s-smartcentres-turner-fleischer.34304/ ; https://www.mississauga.ca/wp-content/uploads/2025/09/03162624/Site-Plan-Roof-Plan-OZ-OPA-22-20-May-2026-1.pdf ; https://www.mississauga.ca/wp-content/uploads/2025/09/03153037/Statistics-1-OZ-OPA-22-20-May-2026.pdf"
"71-6175","dundas-1225","1225 Dundas Street East","citywide","Proposed","Under review","Exclude superseded geometry","Not separately specified","false","true","false","false","Address coordinates are approximate map pins. City snapshot meshes are source massing, not construction drawings; latest approvals and final detailed architecture may differ. Old 18-storey snapshot geometry is excluded as superseded until replaced from current 16-storey drawings.","https://www.mississauga.ca/services-and-programs/planning-and-development/development-applications/active-development-applications/1225-dundas-street-east-oz-opa-22-20-w3/ ; https://urbantoronto.ca/forum/threads/toronto-1225-dundas-street-east-65-62m-18s-smartcentres-turner-fleischer.34304/ ; https://www.mississauga.ca/wp-content/uploads/2025/09/03162624/Site-Plan-Roof-Plan-OZ-OPA-22-20-May-2026-1.pdf ; https://www.mississauga.ca/wp-content/uploads/2025/09/03153037/Statistics-1-OZ-OPA-22-20-May-2026.pdf"
"71-6176","dundas-1225","1225 Dundas Street East","citywide","Proposed","Under review","Exclude superseded geometry","Not separately specified","false","true","false","false","Address coordinates are approximate map pins. City snapshot meshes are source massing, not construction drawings; latest approvals and final detailed architecture may differ. Old 18-storey snapshot geometry is excluded as superseded until replaced from current 16-storey drawings.","https://www.mississauga.ca/services-and-programs/planning-and-development/development-applications/active-development-applications/1225-dundas-street-east-oz-opa-22-20-w3/ ; https://urbantoronto.ca/forum/threads/toronto-1225-dundas-street-east-65-62m-18s-smartcentres-turner-fleischer.34304/ ; https://www.mississauga.ca/wp-content/uploads/2025/09/03162624/Site-Plan-Roof-Plan-OZ-OPA-22-20-May-2026-1.pdf ; https://www.mississauga.ca/wp-content/uploads/2025/09/03153037/Statistics-1-OZ-OPA-22-20-May-2026.pdf"
"33-4082","city-group-97","125 Eglinton Ave. East, 5115 Thornwood Dr. & 5125 Thornwood Dr.","inventory73-status","Proposed","Application retained; current construction and completion unverified","Retain source massing with cited caveat","Not separately specified","true","false","false","false","Exact inventory maps source label 125 Eglinton/Thornwood to 91 Eglinton Phase application. Existing apartments or six-tower masterplan news do not certify this specific 25-storey phase. No actual completion date found.","https://services6.arcgis.com/hM5ymMLbxIyWTjn2/arcgis/rest/services/Growth_Management_%E2%80%93_Active_Development_Applications/FeatureServer/0/query?where=OBJECTID%3D186&outFields=*&outSR=4326&f=pjson ; https://pub-mississauga.escribemeetings.com/FileStream.ashx?DocumentId=36200"
"33-4083","city-group-97","125 Eglinton Ave. East, 5115 Thornwood Dr. & 5125 Thornwood Dr.","inventory73-status","Proposed","Application retained; current construction and completion unverified","Retain source massing with cited caveat","Not separately specified","true","false","false","false","Exact inventory maps source label 125 Eglinton/Thornwood to 91 Eglinton Phase application. Existing apartments or six-tower masterplan news do not certify this specific 25-storey phase. No actual completion date found.","https://services6.arcgis.com/hM5ymMLbxIyWTjn2/arcgis/rest/services/Growth_Management_%E2%80%93_Active_Development_Applications/FeatureServer/0/query?where=OBJECTID%3D186&outFields=*&outSR=4326&f=pjson ; https://pub-mississauga.escribemeetings.com/FileStream.ashx?DocumentId=36200"
"33-4084","city-group-97","125 Eglinton Ave. East, 5115 Thornwood Dr. & 5125 Thornwood Dr.","inventory73-status","Proposed","Application retained; current construction and completion unverified","Retain source massing with cited caveat","Not separately specified","true","false","false","false","Exact inventory maps source label 125 Eglinton/Thornwood to 91 Eglinton Phase application. Existing apartments or six-tower masterplan news do not certify this specific 25-storey phase. No actual completion date found.","https://services6.arcgis.com/hM5ymMLbxIyWTjn2/arcgis/rest/services/Growth_Management_%E2%80%93_Active_Development_Applications/FeatureServer/0/query?where=OBJECTID%3D186&outFields=*&outSR=4326&f=pjson ; https://pub-mississauga.escribemeetings.com/FileStream.ashx?DocumentId=36200"
"33-4085","city-group-97","125 Eglinton Ave. East, 5115 Thornwood Dr. & 5125 Thornwood Dr.","inventory73-status","Proposed","Application retained; current construction and completion unverified","Retain source massing with cited caveat","Not separately specified","true","false","false","false","Exact inventory maps source label 125 Eglinton/Thornwood to 91 Eglinton Phase application. Existing apartments or six-tower masterplan news do not certify this specific 25-storey phase. No actual completion date found.","https://services6.arcgis.com/hM5ymMLbxIyWTjn2/arcgis/rest/services/Growth_Management_%E2%80%93_Active_Development_Applications/FeatureServer/0/query?where=OBJECTID%3D186&outFields=*&outSR=4326&f=pjson ; https://pub-mississauga.escribemeetings.com/FileStream.ashx?DocumentId=36200"
"33-4086","city-group-97","125 Eglinton Ave. East, 5115 Thornwood Dr. & 5125 Thornwood Dr.","inventory73-status","Proposed","Application retained; current construction and completion unverified","Retain source massing with cited caveat","Not separately specified","true","false","false","false","Exact inventory maps source label 125 Eglinton/Thornwood to 91 Eglinton Phase application. Existing apartments or six-tower masterplan news do not certify this specific 25-storey phase. No actual completion date found.","https://services6.arcgis.com/hM5ymMLbxIyWTjn2/arcgis/rest/services/Growth_Management_%E2%80%93_Active_Development_Applications/FeatureServer/0/query?where=OBJECTID%3D186&outFields=*&outSR=4326&f=pjson ; https://pub-mississauga.escribemeetings.com/FileStream.ashx?DocumentId=36200"
"33-4087","city-group-97","125 Eglinton Ave. East, 5115 Thornwood Dr. & 5125 Thornwood Dr.","inventory73-status","Proposed","Application retained; current construction and completion unverified","Retain source massing with cited caveat","Not separately specified","true","false","false","false","Exact inventory maps source label 125 Eglinton/Thornwood to 91 Eglinton Phase application. Existing apartments or six-tower masterplan news do not certify this specific 25-storey phase. No actual completion date found.","https://services6.arcgis.com/hM5ymMLbxIyWTjn2/arcgis/rest/services/Growth_Management_%E2%80%93_Active_Development_Applications/FeatureServer/0/query?where=OBJECTID%3D186&outFields=*&outSR=4326&f=pjson ; https://pub-mississauga.escribemeetings.com/FileStream.ashx?DocumentId=36200"
"33-4088","city-group-97","125 Eglinton Ave. East, 5115 Thornwood Dr. & 5125 Thornwood Dr.","inventory73-status","Proposed","Application retained; current construction and completion unverified","Retain source massing with cited caveat","Not separately specified","true","false","false","false","Exact inventory maps source label 125 Eglinton/Thornwood to 91 Eglinton Phase application. Existing apartments or six-tower masterplan news do not certify this specific 25-storey phase. No actual completion date found.","https://services6.arcgis.com/hM5ymMLbxIyWTjn2/arcgis/rest/services/Growth_Management_%E2%80%93_Active_Development_Applications/FeatureServer/0/query?where=OBJECTID%3D186&outFields=*&outSR=4326&f=pjson ; https://pub-mississauga.escribemeetings.com/FileStream.ashx?DocumentId=36200"
"33-4089","city-group-97","125 Eglinton Ave. East, 5115 Thornwood Dr. & 5125 Thornwood Dr.","inventory73-status","Proposed","Application retained; current construction and completion unverified","Retain source massing with cited caveat","Not separately specified","true","false","false","false","Exact inventory maps source label 125 Eglinton/Thornwood to 91 Eglinton Phase application. Existing apartments or six-tower masterplan news do not certify this specific 25-storey phase. No actual completion date found.","https://services6.arcgis.com/hM5ymMLbxIyWTjn2/arcgis/rest/services/Growth_Management_%E2%80%93_Active_Development_Applications/FeatureServer/0/query?where=OBJECTID%3D186&outFields=*&outSR=4326&f=pjson ; https://pub-mississauga.escribemeetings.com/FileStream.ashx?DocumentId=36200"
"92-4847","port-credit-128-lakeshore","128 Lakeshore Road East","waterfront","Proposed","Tribunal approval in principle; revised submission","Exclude superseded geometry","Not separately specified","false","true","false","false","The November 2023 tribunal order approves eight storeys plus a technical level in principle. Source 37 m massing represents the older eleven-storey proposal.","https://www.omb.gov.on.ca/e-decisions/OLT-22-004078-NOV-03-2023.PDF ; https://www.mississauga.ca/wp-content/uploads/2025/08/28163343/Functional-Servicing-and-Stormwater-Management-Report-OZ-OPA-22-5-August-2025.pdf"
"71-6167","city-group-130","1315 Silver Spear Road infill","inventory73-status","Proposed","14-storey rezoning recommended; site plan active","Retain source massing with cited caveat","Not separately specified","true","false","false","false","The nine-storey website text is historical. The September 3, 2025 staff report and September 22 committee recommendation address 14 storeys / 255 rental homes. The report describes approximately 45 m height, consistent with source 71-6167 height field 45.05 m. The existing eight-storey building stays. Keep current massing; this establishes version consistency, not a verified construction start or complete facade accuracy.","https://chrisfonseca.ca/wp-content/uploads/2025/09/1315-Silver-Spear-V2-0392-2025-corporate-report.pdf ; https://pub-mississauga.escribemeetings.com/Meeting.aspx?Agenda=PostMinutes&Id=5c6d2952-49ba-42c9-a8f8-b0f1a7450fb4&lang=English ; https://urbantoronto.ca/database/projects/1315-silver-spear-road.48079"
"71-6168","city-group-131","1325 Burnhamthorpe Road East veterinary clinic and office","inventory73-status","Proposed","Four-storey clinic/office site plan under review","Retain source version in violet; exclude from strict verified scenario","Not separately specified","true","false","false","true","Current SP 25-22 inventory and September 2025 City staff context describe a four-storey veterinary clinic and office, not a hotel. Ward 3 records document the long-running SP 14-150 file and October 2024 resubmission. The source 16.99 m building may be the same four-storey envelope, but a current dimensioned plan has not been recovered to prove that the former Est Hotel geometry is still applicable. Rename the project, retain source as uncertain, and avoid claiming an operating clinic or confirmed cancellation of the building.","https://pub-mississauga.escribemeetings.com/filestream.ashx?DocumentId=77934 ; https://chrisfonseca.ca/1325-burnhamthorpe-road-east/ ; https://services6.arcgis.com/hM5ymMLbxIyWTjn2/arcgis/rest/services/Growth_Management_%E2%80%93_Active_Development_Applications/FeatureServer/0/query?where=OBJECTID%3D106&outFields=*&outSR=4326&f=pjson"
"71-6169","city-group-131","1325 Burnhamthorpe Road East veterinary clinic and office","inventory73-status","Proposed","Four-storey clinic/office site plan under review","Retain source version in violet; exclude from strict verified scenario","Not separately specified","true","false","false","true","Current SP 25-22 inventory and September 2025 City staff context describe a four-storey veterinary clinic and office, not a hotel. Ward 3 records document the long-running SP 14-150 file and October 2024 resubmission. The source 16.99 m building may be the same four-storey envelope, but a current dimensioned plan has not been recovered to prove that the former Est Hotel geometry is still applicable. Rename the project, retain source as uncertain, and avoid claiming an operating clinic or confirmed cancellation of the building.","https://pub-mississauga.escribemeetings.com/filestream.ashx?DocumentId=77934 ; https://chrisfonseca.ca/1325-burnhamthorpe-road-east/ ; https://services6.arcgis.com/hM5ymMLbxIyWTjn2/arcgis/rest/services/Growth_Management_%E2%80%93_Active_Development_Applications/FeatureServer/0/query?where=OBJECTID%3D106&outFields=*&outSR=4326&f=pjson"
"101-4553","city-group-168","1333 Tonolli Road","group-status","Proposed","Tonolli industrial addition permitted; completion unknown","Retain source massing with cited caveat","Not separately specified","true","false","false","false","Correct street spelling is Tonolli. April 2026 City report identifies 42 m² service/compressor room addition, transformer and silo at 1333 Tonolli. No completion evidence.","https://www.mississauga.ca/wp-content/uploads/2026/05/28095859/April-2026-Detailed-Building-Permit-Report.pdf ; https://services6.arcgis.com/hM5ymMLbxIyWTjn2/arcgis/rest/services/Growth_Management_%E2%80%93_Issued_Building_Permits/FeatureServer/0/query?f=json&geometry=%7B%22x%22%3A+-79.58113361748593%2C+%22y%22%3A+43.602865234548986%2C+%22spatialReference%22%3A+%7B%22wkid%22%3A+4326%7D%7D&geometryType=esriGeometryPoint&inSR=4326&spatialRel=esriSpatialRelIntersects&distance=90&units=esriSRUnit_Meter&outFields=BuildingPermitNumber%2CIssuedDate%2CBuildingPermitType%2CBuildingPermitScope%2CAddress%2CApprovedUse%2CResidentialUnits%2CNonResidentialGFA_m2&outSR=4326&returnGeometry=true"
"73-4275","city-group-103","1470 Williamsport Drive","inventory73-status","Proposed","Application retained; current construction and completion unverified","Retain source massing with cited caveat","Not separately specified","true","false","false","false","November 2025 recommendation concerns two 12-storey apartments sharing a six-storey podium and replacing the old rental building. Existing rental listings are not completion of the replacement.","https://services6.arcgis.com/hM5ymMLbxIyWTjn2/arcgis/rest/services/Growth_Management_%E2%80%93_Active_Development_Applications/FeatureServer/0/query?where=OBJECTID%3D121&outFields=*&outSR=4326&f=pjson ; https://www.mississauga.ca/services-and-programs/planning-and-development/development-applications/active-development-applications/1470-williamsport-drive-oz-opa-25-7-w3/ ; https://pub-mississauga.escribemeetings.com/filestream.ashx?DocumentId=79084"
"73-4276","city-group-103","1470 Williamsport Drive","inventory73-status","Proposed","Application retained; current construction and completion unverified","Retain source massing with cited caveat","Not separately specified","true","false","false","false","November 2025 recommendation concerns two 12-storey apartments sharing a six-storey podium and replacing the old rental building. Existing rental listings are not completion of the replacement.","https://services6.arcgis.com/hM5ymMLbxIyWTjn2/arcgis/rest/services/Growth_Management_%E2%80%93_Active_Development_Applications/FeatureServer/0/query?where=OBJECTID%3D121&outFields=*&outSR=4326&f=pjson ; https://www.mississauga.ca/services-and-programs/planning-and-development/development-applications/active-development-applications/1470-williamsport-drive-oz-opa-25-7-w3/ ; https://pub-mississauga.escribemeetings.com/filestream.ashx?DocumentId=79084"
"73-4277","city-group-103","1470 Williamsport Drive","inventory73-status","Proposed","Application retained; current construction and completion unverified","Retain source massing with cited caveat","Not separately specified","true","false","false","false","November 2025 recommendation concerns two 12-storey apartments sharing a six-storey podium and replacing the old rental building. Existing rental listings are not completion of the replacement.","https://services6.arcgis.com/hM5ymMLbxIyWTjn2/arcgis/rest/services/Growth_Management_%E2%80%93_Active_Development_Applications/FeatureServer/0/query?where=OBJECTID%3D121&outFields=*&outSR=4326&f=pjson ; https://www.mississauga.ca/services-and-programs/planning-and-development/development-applications/active-development-applications/1470-williamsport-drive-oz-opa-25-7-w3/ ; https://pub-mississauga.escribemeetings.com/filestream.ashx?DocumentId=79084"
"73-4278","city-group-103","1470 Williamsport Drive","inventory73-status","Proposed","Application retained; current construction and completion unverified","Retain source massing with cited caveat","Not separately specified","true","false","false","false","November 2025 recommendation concerns two 12-storey apartments sharing a six-storey podium and replacing the old rental building. Existing rental listings are not completion of the replacement.","https://services6.arcgis.com/hM5ymMLbxIyWTjn2/arcgis/rest/services/Growth_Management_%E2%80%93_Active_Development_Applications/FeatureServer/0/query?where=OBJECTID%3D121&outFields=*&outSR=4326&f=pjson ; https://www.mississauga.ca/services-and-programs/planning-and-development/development-applications/active-development-applications/1470-williamsport-drive-oz-opa-25-7-w3/ ; https://pub-mississauga.escribemeetings.com/filestream.ashx?DocumentId=79084"
"73-4279","city-group-103","1470 Williamsport Drive","inventory73-status","Proposed","Application retained; current construction and completion unverified","Retain source massing with cited caveat","Not separately specified","true","false","false","false","November 2025 recommendation concerns two 12-storey apartments sharing a six-storey podium and replacing the old rental building. Existing rental listings are not completion of the replacement.","https://services6.arcgis.com/hM5ymMLbxIyWTjn2/arcgis/rest/services/Growth_Management_%E2%80%93_Active_Development_Applications/FeatureServer/0/query?where=OBJECTID%3D121&outFields=*&outSR=4326&f=pjson ; https://www.mississauga.ca/services-and-programs/planning-and-development/development-applications/active-development-applications/1470-williamsport-drive-oz-opa-25-7-w3/ ; https://pub-mississauga.escribemeetings.com/filestream.ashx?DocumentId=79084"
"12-16997","rutledge-150","150 Rutledge Road","citywide","Proposed","Under review","Retain source massing with cited caveat","Not separately specified","true","false","false","false","Address coordinates are approximate map pins. City snapshot meshes are source massing, not construction drawings; latest approvals and final detailed architecture may differ.","https://www.mississauga.ca/services-and-programs/planning-and-development/development-applications/active-development-applications/150-rutledge-road-oz-opa-24-12-w11/"
"82-5569","city-group-177","1516 & 1526 Southdown Rd.","inventory73-status","Proposed","Application retained; current construction and completion unverified","Retain source massing with cited caveat","Not separately specified","true","false","false","false","City approval describes two-storey office at merged 1516/1526 parcel. Corporate mailing addresses and old construction-tender listings do not establish actual completion.","https://services6.arcgis.com/hM5ymMLbxIyWTjn2/arcgis/rest/services/Growth_Management_%E2%80%93_Active_Development_Applications/FeatureServer/0/query?where=OBJECTID%3D155&outFields=*&outSR=4326&f=pjson ; https://www7.mississauga.ca/documents/PublicNotices/2016/public_notice_-_OZ.15.010.W2.recommend.df.pdf"
"102-7069","city-group-19","1575 Hurontario St.","inventory73-status","Proposed","Application retained; current construction and completion unverified","Retain source massing with cited caveat","Not separately specified","true","false","false","false","City approval/current area record identifies 18 four-storey towns. Old 42-unit marketing/planning references are superseded in the description; no current completion evidence found.","https://services6.arcgis.com/hM5ymMLbxIyWTjn2/arcgis/rest/services/Growth_Management_%E2%80%93_Active_Development_Applications/FeatureServer/0/query?where=OBJECTID%3D184&outFields=*&outSR=4326&f=pjson ; https://www.mississauga.ca/publication/oz-opa-17-021-w1-1575-hurontario-street/ ; https://pub-mississauga.escribemeetings.com/filestream.ashx?DocumentId=68876"
"102-7070","city-group-19","1575 Hurontario St.","inventory73-status","Proposed","Application retained; current construction and completion unverified","Retain source massing with cited caveat","Not separately specified","true","false","false","false","City approval/current area record identifies 18 four-storey towns. Old 42-unit marketing/planning references are superseded in the description; no current completion evidence found.","https://services6.arcgis.com/hM5ymMLbxIyWTjn2/arcgis/rest/services/Growth_Management_%E2%80%93_Active_Development_Applications/FeatureServer/0/query?where=OBJECTID%3D184&outFields=*&outSR=4326&f=pjson ; https://www.mississauga.ca/publication/oz-opa-17-021-w1-1575-hurontario-street/ ; https://pub-mississauga.escribemeetings.com/filestream.ashx?DocumentId=68876"
"91-5023","city-group-79","1646 Dundas St. West","inventory73-status","Proposed","Emerson House remains a marketed proposal; construction and completion unverified","Retain source version in violet; exclude from strict verified scenario","Not separately specified","true","false","false","true","The official project page still invites registration and describes planned residences without a construction or occupancy milestone. UrbanToronto lists an eight-storey proposal, while current broker listings describe seven storeys and 91 units. The City application contains 167 units. These differences require a revised drawing match before treating the source mesh as current architectural geometry. A property portal forecast or marketing phrase does not establish that the building is built.","https://services6.arcgis.com/hM5ymMLbxIyWTjn2/arcgis/rest/services/Growth_Management_%E2%80%93_Active_Development_Applications/FeatureServer/0/query?where=OBJECTID%3D22&outFields=*&outSR=4326&f=pjson ; https://www.emersonhouseresidences.com/project/ ; https://urbantoronto.ca/database/projects/emerson-house.51025 ; https://www.talkcondo.com/mississauga/emerson-house-condos/"
"102-7071","port-credit-170-lakeshore","170 Lakeshore Road East","waterfront","Proposed","Tribunal approval in principle","Exclude superseded geometry","Not separately specified","false","true","false","false","The February 2025 tribunal order changes the tower to a twelve-storey slab; both height and footprint are revised. Source height 56.6 m is the original tower.","https://www.omb.gov.on.ca/e-decisions/OLT-22-004584-FEB-24-2025.PDF ; https://pub-mississauga.escribemeetings.com/filestream.ashx?DocumentId=37403"
"102-7072","port-credit-170-lakeshore","170 Lakeshore Road East","waterfront","Proposed","Tribunal approval in principle","Exclude superseded geometry","Not separately specified","false","true","false","false","The February 2025 tribunal order changes the tower to a twelve-storey slab; both height and footprint are revised. Source height 56.6 m is the original tower.","https://www.omb.gov.on.ca/e-decisions/OLT-22-004584-FEB-24-2025.PDF ; https://pub-mississauga.escribemeetings.com/filestream.ashx?DocumentId=37403"
"42-812","city-group-11","1700 Derry Rd.","inventory73-status","Proposed","Application retained; current construction and completion unverified","Retain source massing with cited caveat","Not separately specified","true","false","false","false","Peel planning evidence describes future warehousing and office expansion; old service-station use is separate. No current completion confirmation was found.","https://services6.arcgis.com/hM5ymMLbxIyWTjn2/arcgis/rest/services/Growth_Management_%E2%80%93_Active_Development_Applications/FeatureServer/0/query?where=OBJECTID%3D168&outFields=*&outSR=4326&f=pjson ; https://peelregion.ca/sites/default/files/2024-08/esr.pdf"
"42-813","city-group-11","1700 Derry Rd.","inventory73-status","Proposed","Application retained; current construction and completion unverified","Retain source massing with cited caveat","Not separately specified","true","false","false","false","Peel planning evidence describes future warehousing and office expansion; old service-station use is separate. No current completion confirmation was found.","https://services6.arcgis.com/hM5ymMLbxIyWTjn2/arcgis/rest/services/Growth_Management_%E2%80%93_Active_Development_Applications/FeatureServer/0/query?where=OBJECTID%3D168&outFields=*&outSR=4326&f=pjson ; https://peelregion.ca/sites/default/files/2024-08/esr.pdf"
"42-814","city-group-11","1700 Derry Rd.","inventory73-status","Proposed","Application retained; current construction and completion unverified","Retain source massing with cited caveat","Not separately specified","true","false","false","false","Peel planning evidence describes future warehousing and office expansion; old service-station use is separate. No current completion confirmation was found.","https://services6.arcgis.com/hM5ymMLbxIyWTjn2/arcgis/rest/services/Growth_Management_%E2%80%93_Active_Development_Applications/FeatureServer/0/query?where=OBJECTID%3D168&outFields=*&outSR=4326&f=pjson ; https://peelregion.ca/sites/default/files/2024-08/esr.pdf"
"73-4297","city-group-109","1750 Bloor Street and 3315 Fieldgate Drive","inventory73-status","Proposed","Application retained; current construction and completion unverified","Retain source massing with cited caveat","Not separately specified","true","false","false","false","Exact City application address is 1750 Bloor, not source name 1720. Ward 3 describes minor changes following zoning approval. Existing rental listings at 1750 do not establish the new infill apartment complete.","https://services6.arcgis.com/hM5ymMLbxIyWTjn2/arcgis/rest/services/Growth_Management_%E2%80%93_Active_Development_Applications/FeatureServer/0/query?where=OBJECTID%3D25&outFields=*&outSR=4326&f=pjson ; https://chrisfonseca.ca/1750bloor3315fieldgatedrive/"
"73-4298","city-group-109","1750 Bloor Street and 3315 Fieldgate Drive","inventory73-status","Proposed","Application retained; current construction and completion unverified","Retain source massing with cited caveat","Not separately specified","true","false","false","false","Exact City application address is 1750 Bloor, not source name 1720. Ward 3 describes minor changes following zoning approval. Existing rental listings at 1750 do not establish the new infill apartment complete.","https://services6.arcgis.com/hM5ymMLbxIyWTjn2/arcgis/rest/services/Growth_Management_%E2%80%93_Active_Development_Applications/FeatureServer/0/query?where=OBJECTID%3D25&outFields=*&outSR=4326&f=pjson ; https://chrisfonseca.ca/1750bloor3315fieldgatedrive/"
"73-4299","city-group-109","1750 Bloor Street and 3315 Fieldgate Drive","inventory73-status","Proposed","Application retained; current construction and completion unverified","Retain source massing with cited caveat","Not separately specified","true","false","false","false","Exact City application address is 1750 Bloor, not source name 1720. Ward 3 describes minor changes following zoning approval. Existing rental listings at 1750 do not establish the new infill apartment complete.","https://services6.arcgis.com/hM5ymMLbxIyWTjn2/arcgis/rest/services/Growth_Management_%E2%80%93_Active_Development_Applications/FeatureServer/0/query?where=OBJECTID%3D25&outFields=*&outSR=4326&f=pjson ; https://chrisfonseca.ca/1750bloor3315fieldgatedrive/"
"73-4300","bloor-1785","1785 Bloor Street infill","citywide","Proposed","Under review","Retain source massing with cited caveat","Not separately specified","true","false","false","false","Address coordinates are approximate map pins. City snapshot meshes are source massing, not construction drawings; latest approvals and final detailed architecture may differ.","https://www.mississauga.ca/services-and-programs/planning-and-development/development-applications/active-development-applications/1785-bloor-street-oz-opa-22-14-w3/"
"73-4301","bloor-1785","1785 Bloor Street infill","citywide","Proposed","Under review","Retain source massing with cited caveat","Not separately specified","true","false","false","false","Address coordinates are approximate map pins. City snapshot meshes are source massing, not construction drawings; latest approvals and final detailed architecture may differ.","https://www.mississauga.ca/services-and-programs/planning-and-development/development-applications/active-development-applications/1785-bloor-street-oz-opa-22-14-w3/"
"61-3211","city-group-179","1786 Polaris Way / Riverbank Place","group-status","Proposed","Riverbank Place / Polaris townhouse proposal","Retain source massing with cited caveat","Not separately specified","true","false","false","false","Source label Mississauga Road South does not mean waterfront. Coordinates and exact application bridge to 1786 Polaris Way, east of Mississauga Road south of Eglinton. 2025 applicant rationale proposes 32 towns and four semi-detached units. Current developer markets Riverbank Place; start/completion unverified.","https://www.mississauga.ca/wp-content/uploads/2025/02/03102220/Planning-Rationale-Report-February-2025.pdf ; https://www.kingridgedevelopments.ca/current-projects ; https://services6.arcgis.com/hM5ymMLbxIyWTjn2/arcgis/rest/services/Growth_Management_%E2%80%93_Issued_Building_Permits/FeatureServer/0/query?f=json&geometry=%7B%22x%22%3A+-79.6934370296482%2C+%22y%22%3A+43.56758743543183%2C+%22spatialReference%22%3A+%7B%22wkid%22%3A+4326%7D%7D&geometryType=esriGeometryPoint&inSR=4326&spatialRel=esriSpatialRelIntersects&distance=90&units=esriSRUnit_Meter&outFields=BuildingPermitNumber%2CIssuedDate%2CBuildingPermitType%2CBuildingPermitScope%2CAddress%2CApprovedUse%2CResidentialUnits%2CNonResidentialGFA_m2&outSR=4326&returnGeometry=true"
"61-3212","city-group-179","1786 Polaris Way / Riverbank Place","group-status","Proposed","Riverbank Place / Polaris townhouse proposal","Retain source massing with cited caveat","Not separately specified","true","false","false","false","Source label Mississauga Road South does not mean waterfront. Coordinates and exact application bridge to 1786 Polaris Way, east of Mississauga Road south of Eglinton. 2025 applicant rationale proposes 32 towns and four semi-detached units. Current developer markets Riverbank Place; start/completion unverified.","https://www.mississauga.ca/wp-content/uploads/2025/02/03102220/Planning-Rationale-Report-February-2025.pdf ; https://www.kingridgedevelopments.ca/current-projects ; https://services6.arcgis.com/hM5ymMLbxIyWTjn2/arcgis/rest/services/Growth_Management_%E2%80%93_Issued_Building_Permits/FeatureServer/0/query?f=json&geometry=%7B%22x%22%3A+-79.6934370296482%2C+%22y%22%3A+43.56758743543183%2C+%22spatialReference%22%3A+%7B%22wkid%22%3A+4326%7D%7D&geometryType=esriGeometryPoint&inSR=4326&spatialRel=esriSpatialRelIntersects&distance=90&units=esriSRUnit_Meter&outFields=BuildingPermitNumber%2CIssuedDate%2CBuildingPermitType%2CBuildingPermitScope%2CAddress%2CApprovedUse%2CResidentialUnits%2CNonResidentialGFA_m2&outSR=4326&returnGeometry=true"
"61-3213","city-group-179","1786 Polaris Way / Riverbank Place","group-status","Proposed","Riverbank Place / Polaris townhouse proposal","Retain source massing with cited caveat","Not separately specified","true","false","false","false","Source label Mississauga Road South does not mean waterfront. Coordinates and exact application bridge to 1786 Polaris Way, east of Mississauga Road south of Eglinton. 2025 applicant rationale proposes 32 towns and four semi-detached units. Current developer markets Riverbank Place; start/completion unverified.","https://www.mississauga.ca/wp-content/uploads/2025/02/03102220/Planning-Rationale-Report-February-2025.pdf ; https://www.kingridgedevelopments.ca/current-projects ; https://services6.arcgis.com/hM5ymMLbxIyWTjn2/arcgis/rest/services/Growth_Management_%E2%80%93_Issued_Building_Permits/FeatureServer/0/query?f=json&geometry=%7B%22x%22%3A+-79.6934370296482%2C+%22y%22%3A+43.56758743543183%2C+%22spatialReference%22%3A+%7B%22wkid%22%3A+4326%7D%7D&geometryType=esriGeometryPoint&inSR=4326&spatialRel=esriSpatialRelIntersects&distance=90&units=esriSRUnit_Meter&outFields=BuildingPermitNumber%2CIssuedDate%2CBuildingPermitType%2CBuildingPermitScope%2CAddress%2CApprovedUse%2CResidentialUnits%2CNonResidentialGFA_m2&outSR=4326&returnGeometry=true"
"61-3214","city-group-179","1786 Polaris Way / Riverbank Place","group-status","Proposed","Riverbank Place / Polaris townhouse proposal","Retain source massing with cited caveat","Not separately specified","true","false","false","false","Source label Mississauga Road South does not mean waterfront. Coordinates and exact application bridge to 1786 Polaris Way, east of Mississauga Road south of Eglinton. 2025 applicant rationale proposes 32 towns and four semi-detached units. Current developer markets Riverbank Place; start/completion unverified.","https://www.mississauga.ca/wp-content/uploads/2025/02/03102220/Planning-Rationale-Report-February-2025.pdf ; https://www.kingridgedevelopments.ca/current-projects ; https://services6.arcgis.com/hM5ymMLbxIyWTjn2/arcgis/rest/services/Growth_Management_%E2%80%93_Issued_Building_Permits/FeatureServer/0/query?f=json&geometry=%7B%22x%22%3A+-79.6934370296482%2C+%22y%22%3A+43.56758743543183%2C+%22spatialReference%22%3A+%7B%22wkid%22%3A+4326%7D%7D&geometryType=esriGeometryPoint&inSR=4326&spatialRel=esriSpatialRelIntersects&distance=90&units=esriSRUnit_Meter&outFields=BuildingPermitNumber%2CIssuedDate%2CBuildingPermitType%2CBuildingPermitScope%2CAddress%2CApprovedUse%2CResidentialUnits%2CNonResidentialGFA_m2&outSR=4326&returnGeometry=true"
"61-3215","city-group-179","1786 Polaris Way / Riverbank Place","group-status","Proposed","Riverbank Place / Polaris townhouse proposal","Retain source massing with cited caveat","Not separately specified","true","false","false","false","Source label Mississauga Road South does not mean waterfront. Coordinates and exact application bridge to 1786 Polaris Way, east of Mississauga Road south of Eglinton. 2025 applicant rationale proposes 32 towns and four semi-detached units. Current developer markets Riverbank Place; start/completion unverified.","https://www.mississauga.ca/wp-content/uploads/2025/02/03102220/Planning-Rationale-Report-February-2025.pdf ; https://www.kingridgedevelopments.ca/current-projects ; https://services6.arcgis.com/hM5ymMLbxIyWTjn2/arcgis/rest/services/Growth_Management_%E2%80%93_Issued_Building_Permits/FeatureServer/0/query?f=json&geometry=%7B%22x%22%3A+-79.6934370296482%2C+%22y%22%3A+43.56758743543183%2C+%22spatialReference%22%3A+%7B%22wkid%22%3A+4326%7D%7D&geometryType=esriGeometryPoint&inSR=4326&spatialRel=esriSpatialRelIntersects&distance=90&units=esriSRUnit_Meter&outFields=BuildingPermitNumber%2CIssuedDate%2CBuildingPermitType%2CBuildingPermitScope%2CAddress%2CApprovedUse%2CResidentialUnits%2CNonResidentialGFA_m2&outSR=4326&returnGeometry=true"
"61-3216","city-group-179","1786 Polaris Way / Riverbank Place","group-status","Proposed","Riverbank Place / Polaris townhouse proposal","Retain source massing with cited caveat","Not separately specified","true","false","false","false","Source label Mississauga Road South does not mean waterfront. Coordinates and exact application bridge to 1786 Polaris Way, east of Mississauga Road south of Eglinton. 2025 applicant rationale proposes 32 towns and four semi-detached units. Current developer markets Riverbank Place; start/completion unverified.","https://www.mississauga.ca/wp-content/uploads/2025/02/03102220/Planning-Rationale-Report-February-2025.pdf ; https://www.kingridgedevelopments.ca/current-projects ; https://services6.arcgis.com/hM5ymMLbxIyWTjn2/arcgis/rest/services/Growth_Management_%E2%80%93_Issued_Building_Permits/FeatureServer/0/query?f=json&geometry=%7B%22x%22%3A+-79.6934370296482%2C+%22y%22%3A+43.56758743543183%2C+%22spatialReference%22%3A+%7B%22wkid%22%3A+4326%7D%7D&geometryType=esriGeometryPoint&inSR=4326&spatialRel=esriSpatialRelIntersects&distance=90&units=esriSRUnit_Meter&outFields=BuildingPermitNumber%2CIssuedDate%2CBuildingPermitType%2CBuildingPermitScope%2CAddress%2CApprovedUse%2CResidentialUnits%2CNonResidentialGFA_m2&outSR=4326&returnGeometry=true"
"61-3217","city-group-179","1786 Polaris Way / Riverbank Place","group-status","Proposed","Riverbank Place / Polaris townhouse proposal","Retain source massing with cited caveat","Not separately specified","true","false","false","false","Source label Mississauga Road South does not mean waterfront. Coordinates and exact application bridge to 1786 Polaris Way, east of Mississauga Road south of Eglinton. 2025 applicant rationale proposes 32 towns and four semi-detached units. Current developer markets Riverbank Place; start/completion unverified.","https://www.mississauga.ca/wp-content/uploads/2025/02/03102220/Planning-Rationale-Report-February-2025.pdf ; https://www.kingridgedevelopments.ca/current-projects ; https://services6.arcgis.com/hM5ymMLbxIyWTjn2/arcgis/rest/services/Growth_Management_%E2%80%93_Issued_Building_Permits/FeatureServer/0/query?f=json&geometry=%7B%22x%22%3A+-79.6934370296482%2C+%22y%22%3A+43.56758743543183%2C+%22spatialReference%22%3A+%7B%22wkid%22%3A+4326%7D%7D&geometryType=esriGeometryPoint&inSR=4326&spatialRel=esriSpatialRelIntersects&distance=90&units=esriSRUnit_Meter&outFields=BuildingPermitNumber%2CIssuedDate%2CBuildingPermitType%2CBuildingPermitScope%2CAddress%2CApprovedUse%2CResidentialUnits%2CNonResidentialGFA_m2&outSR=4326&returnGeometry=true"
"61-3218","city-group-179","1786 Polaris Way / Riverbank Place","group-status","Proposed","Riverbank Place / Polaris townhouse proposal","Retain source massing with cited caveat","Not separately specified","true","false","false","false","Source label Mississauga Road South does not mean waterfront. Coordinates and exact application bridge to 1786 Polaris Way, east of Mississauga Road south of Eglinton. 2025 applicant rationale proposes 32 towns and four semi-detached units. Current developer markets Riverbank Place; start/completion unverified.","https://www.mississauga.ca/wp-content/uploads/2025/02/03102220/Planning-Rationale-Report-February-2025.pdf ; https://www.kingridgedevelopments.ca/current-projects ; https://services6.arcgis.com/hM5ymMLbxIyWTjn2/arcgis/rest/services/Growth_Management_%E2%80%93_Issued_Building_Permits/FeatureServer/0/query?f=json&geometry=%7B%22x%22%3A+-79.6934370296482%2C+%22y%22%3A+43.56758743543183%2C+%22spatialReference%22%3A+%7B%22wkid%22%3A+4326%7D%7D&geometryType=esriGeometryPoint&inSR=4326&spatialRel=esriSpatialRelIntersects&distance=90&units=esriSRUnit_Meter&outFields=BuildingPermitNumber%2CIssuedDate%2CBuildingPermitType%2CBuildingPermitScope%2CAddress%2CApprovedUse%2CResidentialUnits%2CNonResidentialGFA_m2&outSR=4326&returnGeometry=true"
"63-6194","180-burnhamthorpe","180 Burnhamthorpe Road West","downtown","Proposed","proposed-version-conflict","Retain source version in violet; exclude from strict verified scenario","false","true","false","false","true","The City active-application register as of June 30, 2026 describes two towers of 40 and 60 storeys with an eight-storey podium. A published 2023 revision gives 71 and 46 storeys, with heights of 230.15 m and 155.40 m. Municipal mesh attributes of 135.995 m and 195.595 m do not match that revision. The current register may retain older wording; no dated approved elevation resolves the conflict. Retain the source meshes with a version warning and remove the preliminary definitive supersession claim.","https://services6.arcgis.com/hM5ymMLbxIyWTjn2/arcgis/rest/services/Growth_Management_%E2%80%93_Active_Development_Applications/FeatureServer/0 ; https://urbantoronto.ca/forum/threads/toronto-180-burnhamthorpe-road-west-230-15m-71s-emblem-developments-arcadis.32151/page-4"
"63-6195","180-burnhamthorpe","180 Burnhamthorpe Road West","downtown","Proposed","proposed-version-conflict","Retain source version in violet; exclude from strict verified scenario","false","true","false","false","true","The City active-application register as of June 30, 2026 describes two towers of 40 and 60 storeys with an eight-storey podium. A published 2023 revision gives 71 and 46 storeys, with heights of 230.15 m and 155.40 m. Municipal mesh attributes of 135.995 m and 195.595 m do not match that revision. The current register may retain older wording; no dated approved elevation resolves the conflict. Retain the source meshes with a version warning and remove the preliminary definitive supersession claim.","https://services6.arcgis.com/hM5ymMLbxIyWTjn2/arcgis/rest/services/Growth_Management_%E2%80%93_Active_Development_Applications/FeatureServer/0 ; https://urbantoronto.ca/forum/threads/toronto-180-burnhamthorpe-road-west-230-15m-71s-emblem-developments-arcadis.32151/page-4"
"63-6196","180-burnhamthorpe","180 Burnhamthorpe Road West","downtown","Proposed","proposed-version-conflict","Retain source version in violet; exclude from strict verified scenario","false","true","false","false","true","The City active-application register as of June 30, 2026 describes two towers of 40 and 60 storeys with an eight-storey podium. A published 2023 revision gives 71 and 46 storeys, with heights of 230.15 m and 155.40 m. Municipal mesh attributes of 135.995 m and 195.595 m do not match that revision. The current register may retain older wording; no dated approved elevation resolves the conflict. Retain the source meshes with a version warning and remove the preliminary definitive supersession claim.","https://services6.arcgis.com/hM5ymMLbxIyWTjn2/arcgis/rest/services/Growth_Management_%E2%80%93_Active_Development_Applications/FeatureServer/0 ; https://urbantoronto.ca/forum/threads/toronto-180-burnhamthorpe-road-west-230-15m-71s-emblem-developments-arcadis.32151/page-4"
"73-4294","city-group-108","1840-1850 Bloor St.","inventory73-status","Proposed","Application retained; current construction and completion unverified","Retain source massing with cited caveat","Not separately specified","true","false","false","false","Ward councillor posted an August 27, 2026 adjustment update for proposed infill. Existing two rental buildings remain separate; their occupied units do not complete the additions.","https://services6.arcgis.com/hM5ymMLbxIyWTjn2/arcgis/rest/services/Growth_Management_%E2%80%93_Active_Development_Applications/FeatureServer/0/query?where=OBJECTID%3D166&outFields=*&outSR=4326&f=pjson ; https://chrisfonseca.ca/oz-20-003-w3-1840-1850-bloor-street/"
"73-4295","city-group-108","1840-1850 Bloor St.","inventory73-status","Proposed","Application retained; current construction and completion unverified","Retain source massing with cited caveat","Not separately specified","true","false","false","false","Ward councillor posted an August 27, 2026 adjustment update for proposed infill. Existing two rental buildings remain separate; their occupied units do not complete the additions.","https://services6.arcgis.com/hM5ymMLbxIyWTjn2/arcgis/rest/services/Growth_Management_%E2%80%93_Active_Development_Applications/FeatureServer/0/query?where=OBJECTID%3D166&outFields=*&outSR=4326&f=pjson ; https://chrisfonseca.ca/oz-20-003-w3-1840-1850-bloor-street/"
"73-4296","city-group-108","1840-1850 Bloor St.","inventory73-status","Proposed","Application retained; current construction and completion unverified","Retain source massing with cited caveat","Not separately specified","true","false","false","false","Ward councillor posted an August 27, 2026 adjustment update for proposed infill. Existing two rental buildings remain separate; their occupied units do not complete the additions.","https://services6.arcgis.com/hM5ymMLbxIyWTjn2/arcgis/rest/services/Growth_Management_%E2%80%93_Active_Development_Applications/FeatureServer/0/query?where=OBJECTID%3D166&outFields=*&outSR=4326&f=pjson ; https://chrisfonseca.ca/oz-20-003-w3-1840-1850-bloor-street/"
"12-17051","city-group-122","190 Rutledge Road","inventory73-status","Proposed","Application retained; current construction and completion unverified","Retain source massing with cited caveat","Not separately specified","true","false","false","false","Exact City SP 21-155 is at 190 Rutledge, not source name 180. February 2025 City context describes the five-storey application. No completion date found.","https://services6.arcgis.com/hM5ymMLbxIyWTjn2/arcgis/rest/services/Growth_Management_%E2%80%93_Active_Development_Applications/FeatureServer/0/query?where=OBJECTID%3D45&outFields=*&outSR=4326&f=pjson ; https://pub-mississauga.escribemeetings.com/filestream.ashx?DocumentId=68848"
"73-4304","dundas-1995","1995 Dundas Street East","citywide","Proposed","Under review","Retain source massing with cited caveat","Not separately specified","true","false","false","false","Address coordinates are approximate map pins. City snapshot meshes are source massing, not construction drawings; latest approvals and final detailed architecture may differ.","https://www.mississauga.ca/services-and-programs/planning-and-development/development-applications/active-development-applications/1995-dundas-street-east-oz-opa-25-5-w3-and-21t-m-25-1-w3/ ; https://landealgroup.com/1995-dundas/"
"73-4305","dundas-1995","1995 Dundas Street East","citywide","Proposed","Under review","Retain source massing with cited caveat","Not separately specified","true","false","false","false","Address coordinates are approximate map pins. City snapshot meshes are source massing, not construction drawings; latest approvals and final detailed architecture may differ.","https://www.mississauga.ca/services-and-programs/planning-and-development/development-applications/active-development-applications/1995-dundas-street-east-oz-opa-25-5-w3-and-21t-m-25-1-w3/ ; https://landealgroup.com/1995-dundas/"
"73-4306","dundas-1995","1995 Dundas Street East","citywide","Proposed","Under review","Retain source massing with cited caveat","Not separately specified","true","false","false","false","Address coordinates are approximate map pins. City snapshot meshes are source massing, not construction drawings; latest approvals and final detailed architecture may differ.","https://www.mississauga.ca/services-and-programs/planning-and-development/development-applications/active-development-applications/1995-dundas-street-east-oz-opa-25-5-w3-and-21t-m-25-1-w3/ ; https://landealgroup.com/1995-dundas/"
"73-4307","dundas-1995","1995 Dundas Street East","citywide","Proposed","Under review","Retain source massing with cited caveat","Not separately specified","true","false","false","false","Address coordinates are approximate map pins. City snapshot meshes are source massing, not construction drawings; latest approvals and final detailed architecture may differ.","https://www.mississauga.ca/services-and-programs/planning-and-development/development-applications/active-development-applications/1995-dundas-street-east-oz-opa-25-5-w3-and-21t-m-25-1-w3/ ; https://landealgroup.com/1995-dundas/"
"73-4308","dundas-1995","1995 Dundas Street East","citywide","Proposed","Under review","Retain source massing with cited caveat","Not separately specified","true","false","false","false","Address coordinates are approximate map pins. City snapshot meshes are source massing, not construction drawings; latest approvals and final detailed architecture may differ.","https://www.mississauga.ca/services-and-programs/planning-and-development/development-applications/active-development-applications/1995-dundas-street-east-oz-opa-25-5-w3-and-21t-m-25-1-w3/ ; https://landealgroup.com/1995-dundas/"
"33-4077","city-group-94","20 Traders Boulevard East","group-status","Proposed","Seven-storey extended-stay hotel proposed; completion unknown","Retain source massing with cited caveat","Not separately specified","true","false","false","false","2025 City report identifies a seven-storey hotel on the vacant northeast portion of 5787 Hurontario / 20 Traders. Old banquet-hall operation does not complete the hotel.","https://pub-mississauga.escribemeetings.com/filestream.ashx?DocumentId=71758 ; https://services6.arcgis.com/hM5ymMLbxIyWTjn2/arcgis/rest/services/Growth_Management_%E2%80%93_Issued_Building_Permits/FeatureServer/0/query?f=json&geometry=%7B%22x%22%3A+-79.67334697497482%2C+%22y%22%3A+43.62370213060333%2C+%22spatialReference%22%3A+%7B%22wkid%22%3A+4326%7D%7D&geometryType=esriGeometryPoint&inSR=4326&spatialRel=esriSpatialRelIntersects&distance=90&units=esriSRUnit_Meter&outFields=BuildingPermitNumber%2CIssuedDate%2CBuildingPermitType%2CBuildingPermitScope%2CAddress%2CApprovedUse%2CResidentialUnits%2CNonResidentialGFA_m2&outSR=4326&returnGeometry=true"
"101-4564","city-group-174","2040 Camilla Rd.","inventory73-status","Proposed","20/Twenty Towns proposal; publicly reported pause, present delivery unverified","Retain source version in violet; exclude from strict verified scenario","Not separately specified","true","false","false","true","The developer portfolio describes the current development proposal as 148 urban townhouses. UrbanToronto page 4 reports a pause and buyer releases in November 2023, with site inactivity still reported in April–May 2024. Page 5 includes a July 3, 2024 report that nothing was built. These are dated community reports, not official cancellation notices. The exact 148-unit application remains in the June 2026 municipal pipeline snapshot. Broker text saying completed in 2021 conflicts with its own preconstruction language, later site reports, and the developer proposal description. Do not use 2021 as actual completion.","https://services6.arcgis.com/hM5ymMLbxIyWTjn2/arcgis/rest/services/Growth_Management_%E2%80%93_Active_Development_Applications/FeatureServer/0/query?where=OBJECTID%3D124&outFields=*&outSR=4326&f=pjson ; https://consulatedevelopment.com/portfolio-item/twenty20-towns-mississauga/ ; https://urbantoronto.ca/forum/threads/toronto-20-twenty-towns-m-3s-consulate-gmb.28450/page-4 ; https://urbantoronto.ca/forum/threads/toronto-20-twenty-towns-m-3s-consulate-gmb.28450/page-5"
"101-4565","city-group-174","2040 Camilla Rd.","inventory73-status","Proposed","20/Twenty Towns proposal; publicly reported pause, present delivery unverified","Retain source version in violet; exclude from strict verified scenario","Not separately specified","true","false","false","true","The developer portfolio describes the current development proposal as 148 urban townhouses. UrbanToronto page 4 reports a pause and buyer releases in November 2023, with site inactivity still reported in April–May 2024. Page 5 includes a July 3, 2024 report that nothing was built. These are dated community reports, not official cancellation notices. The exact 148-unit application remains in the June 2026 municipal pipeline snapshot. Broker text saying completed in 2021 conflicts with its own preconstruction language, later site reports, and the developer proposal description. Do not use 2021 as actual completion.","https://services6.arcgis.com/hM5ymMLbxIyWTjn2/arcgis/rest/services/Growth_Management_%E2%80%93_Active_Development_Applications/FeatureServer/0/query?where=OBJECTID%3D124&outFields=*&outSR=4326&f=pjson ; https://consulatedevelopment.com/portfolio-item/twenty20-towns-mississauga/ ; https://urbantoronto.ca/forum/threads/toronto-20-twenty-towns-m-3s-consulate-gmb.28450/page-4 ; https://urbantoronto.ca/forum/threads/toronto-20-twenty-towns-m-3s-consulate-gmb.28450/page-5"
"101-4566","city-group-174","2040 Camilla Rd.","inventory73-status","Proposed","20/Twenty Towns proposal; publicly reported pause, present delivery unverified","Retain source version in violet; exclude from strict verified scenario","Not separately specified","true","false","false","true","The developer portfolio describes the current development proposal as 148 urban townhouses. UrbanToronto page 4 reports a pause and buyer releases in November 2023, with site inactivity still reported in April–May 2024. Page 5 includes a July 3, 2024 report that nothing was built. These are dated community reports, not official cancellation notices. The exact 148-unit application remains in the June 2026 municipal pipeline snapshot. Broker text saying completed in 2021 conflicts with its own preconstruction language, later site reports, and the developer proposal description. Do not use 2021 as actual completion.","https://services6.arcgis.com/hM5ymMLbxIyWTjn2/arcgis/rest/services/Growth_Management_%E2%80%93_Active_Development_Applications/FeatureServer/0/query?where=OBJECTID%3D124&outFields=*&outSR=4326&f=pjson ; https://consulatedevelopment.com/portfolio-item/twenty20-towns-mississauga/ ; https://urbantoronto.ca/forum/threads/toronto-20-twenty-towns-m-3s-consulate-gmb.28450/page-4 ; https://urbantoronto.ca/forum/threads/toronto-20-twenty-towns-m-3s-consulate-gmb.28450/page-5"
"101-4567","city-group-174","2040 Camilla Rd.","inventory73-status","Proposed","20/Twenty Towns proposal; publicly reported pause, present delivery unverified","Retain source version in violet; exclude from strict verified scenario","Not separately specified","true","false","false","true","The developer portfolio describes the current development proposal as 148 urban townhouses. UrbanToronto page 4 reports a pause and buyer releases in November 2023, with site inactivity still reported in April–May 2024. Page 5 includes a July 3, 2024 report that nothing was built. These are dated community reports, not official cancellation notices. The exact 148-unit application remains in the June 2026 municipal pipeline snapshot. Broker text saying completed in 2021 conflicts with its own preconstruction language, later site reports, and the developer proposal description. Do not use 2021 as actual completion.","https://services6.arcgis.com/hM5ymMLbxIyWTjn2/arcgis/rest/services/Growth_Management_%E2%80%93_Active_Development_Applications/FeatureServer/0/query?where=OBJECTID%3D124&outFields=*&outSR=4326&f=pjson ; https://consulatedevelopment.com/portfolio-item/twenty20-towns-mississauga/ ; https://urbantoronto.ca/forum/threads/toronto-20-twenty-towns-m-3s-consulate-gmb.28450/page-4 ; https://urbantoronto.ca/forum/threads/toronto-20-twenty-towns-m-3s-consulate-gmb.28450/page-5"
"101-4568","city-group-174","2040 Camilla Rd.","inventory73-status","Proposed","20/Twenty Towns proposal; publicly reported pause, present delivery unverified","Retain source version in violet; exclude from strict verified scenario","Not separately specified","true","false","false","true","The developer portfolio describes the current development proposal as 148 urban townhouses. UrbanToronto page 4 reports a pause and buyer releases in November 2023, with site inactivity still reported in April–May 2024. Page 5 includes a July 3, 2024 report that nothing was built. These are dated community reports, not official cancellation notices. The exact 148-unit application remains in the June 2026 municipal pipeline snapshot. Broker text saying completed in 2021 conflicts with its own preconstruction language, later site reports, and the developer proposal description. Do not use 2021 as actual completion.","https://services6.arcgis.com/hM5ymMLbxIyWTjn2/arcgis/rest/services/Growth_Management_%E2%80%93_Active_Development_Applications/FeatureServer/0/query?where=OBJECTID%3D124&outFields=*&outSR=4326&f=pjson ; https://consulatedevelopment.com/portfolio-item/twenty20-towns-mississauga/ ; https://urbantoronto.ca/forum/threads/toronto-20-twenty-towns-m-3s-consulate-gmb.28450/page-4 ; https://urbantoronto.ca/forum/threads/toronto-20-twenty-towns-m-3s-consulate-gmb.28450/page-5"
"82-5563","clarkson-royal-windsor","2077–2105 Royal Windsor Drive","waterfront","Proposed","Under review; October 2024 revised design","Retain current source geometry","Not separately specified","true","false","false","false","All four source tower heights match the October 2024 dimensioned site plan: 111.73, 99.73, 111.80 and 81.80 m. Despite its source label Clarkson GO, this is the private Royal Windsor proposal, not the provincial TOC.","https://www.mississauga.ca/services-and-programs/planning-and-development/development-applications/active-development-applications/2077-to-2105-royal-windsor-drive-oz-opa-22-31-w2/ ; https://www.mississauga.ca/wp-content/uploads/2024/11/14160222/context-plan-and-site-plan-october-2024-oz-opa-22-31-w2.pdf"
"82-5564","clarkson-royal-windsor","2077–2105 Royal Windsor Drive","waterfront","Proposed","Under review; October 2024 revised design","Retain current source geometry","Not separately specified","true","false","false","false","All four source tower heights match the October 2024 dimensioned site plan: 111.73, 99.73, 111.80 and 81.80 m. Despite its source label Clarkson GO, this is the private Royal Windsor proposal, not the provincial TOC.","https://www.mississauga.ca/services-and-programs/planning-and-development/development-applications/active-development-applications/2077-to-2105-royal-windsor-drive-oz-opa-22-31-w2/ ; https://www.mississauga.ca/wp-content/uploads/2024/11/14160222/context-plan-and-site-plan-october-2024-oz-opa-22-31-w2.pdf"
"82-5565","clarkson-royal-windsor","2077–2105 Royal Windsor Drive","waterfront","Proposed","Under review; October 2024 revised design","Retain current source geometry","Not separately specified","true","false","false","false","All four source tower heights match the October 2024 dimensioned site plan: 111.73, 99.73, 111.80 and 81.80 m. Despite its source label Clarkson GO, this is the private Royal Windsor proposal, not the provincial TOC.","https://www.mississauga.ca/services-and-programs/planning-and-development/development-applications/active-development-applications/2077-to-2105-royal-windsor-drive-oz-opa-22-31-w2/ ; https://www.mississauga.ca/wp-content/uploads/2024/11/14160222/context-plan-and-site-plan-october-2024-oz-opa-22-31-w2.pdf"
"82-5566","clarkson-royal-windsor","2077–2105 Royal Windsor Drive","waterfront","Proposed","Under review; October 2024 revised design","Retain current source geometry","Not separately specified","true","false","false","false","All four source tower heights match the October 2024 dimensioned site plan: 111.73, 99.73, 111.80 and 81.80 m. Despite its source label Clarkson GO, this is the private Royal Windsor proposal, not the provincial TOC.","https://www.mississauga.ca/services-and-programs/planning-and-development/development-applications/active-development-applications/2077-to-2105-royal-windsor-drive-oz-opa-22-31-w2/ ; https://www.mississauga.ca/wp-content/uploads/2024/11/14160222/context-plan-and-site-plan-october-2024-oz-opa-22-31-w2.pdf"
"82-5567","clarkson-royal-windsor","2077–2105 Royal Windsor Drive","waterfront","Proposed","Under review; October 2024 revised design","Retain current source geometry","Not separately specified","true","false","false","false","All four source tower heights match the October 2024 dimensioned site plan: 111.73, 99.73, 111.80 and 81.80 m. Despite its source label Clarkson GO, this is the private Royal Windsor proposal, not the provincial TOC.","https://www.mississauga.ca/services-and-programs/planning-and-development/development-applications/active-development-applications/2077-to-2105-royal-windsor-drive-oz-opa-22-31-w2/ ; https://www.mississauga.ca/wp-content/uploads/2024/11/14160222/context-plan-and-site-plan-october-2024-oz-opa-22-31-w2.pdf"
"82-5568","clarkson-royal-windsor","2077–2105 Royal Windsor Drive","waterfront","Proposed","Under review; October 2024 revised design","Retain current source geometry","Not separately specified","true","false","false","false","All four source tower heights match the October 2024 dimensioned site plan: 111.73, 99.73, 111.80 and 81.80 m. Despite its source label Clarkson GO, this is the private Royal Windsor proposal, not the provincial TOC.","https://www.mississauga.ca/services-and-programs/planning-and-development/development-applications/active-development-applications/2077-to-2105-royal-windsor-drive-oz-opa-22-31-w2/ ; https://www.mississauga.ca/wp-content/uploads/2024/11/14160222/context-plan-and-site-plan-october-2024-oz-opa-22-31-w2.pdf"
"81-2832","city-group-26","2225 Erin Mills Parkway / Sheridan Centre","group-status","Proposed","OLT zoning approval; current delivery unknown","Retain source massing with cited caveat","Not separately specified","true","false","false","false","Source label 255 Erin Mills Parkway is incorrect. Exact OZ/OPA 23-4 is Sheridan Centre at 2225 Erin Mills Parkway. Dec 5, 2025 final order approves zoning for Zones A/G after June 2025 OPA order. Two 15-storey buildings/620 units are the case description, not a completion claim.","https://www7.mississauga.ca/Departments/PB/OfficialDocs/OLT-24-000064-DEC-05-2025-ORD.pdf ; https://services6.arcgis.com/hM5ymMLbxIyWTjn2/arcgis/rest/services/Growth_Management_%E2%80%93_Issued_Building_Permits/FeatureServer/0/query?f=json&geometry=%7B%22x%22%3A+-79.65558154067479%2C+%22y%22%3A+43.5304403316596%2C+%22spatialReference%22%3A+%7B%22wkid%22%3A+4326%7D%7D&geometryType=esriGeometryPoint&inSR=4326&spatialRel=esriSpatialRelIntersects&distance=90&units=esriSRUnit_Meter&outFields=BuildingPermitNumber%2CIssuedDate%2CBuildingPermitType%2CBuildingPermitScope%2CAddress%2CApprovedUse%2CResidentialUnits%2CNonResidentialGFA_m2&outSR=4326&returnGeometry=true"
"81-2833","city-group-27","2225 Erin Mills Parkway / Sheridan Centre","group-status","Proposed","OLT zoning approval; current delivery unknown","Retain source massing with cited caveat","Not separately specified","true","false","false","false","Source label 255 Erin Mills Parkway is incorrect. Exact OZ/OPA 23-4 is Sheridan Centre at 2225 Erin Mills Parkway. Dec 5, 2025 final order approves zoning for Zones A/G after June 2025 OPA order. Two 15-storey buildings/620 units are the case description, not a completion claim.","https://www7.mississauga.ca/Departments/PB/OfficialDocs/OLT-24-000064-DEC-05-2025-ORD.pdf ; https://services6.arcgis.com/hM5ymMLbxIyWTjn2/arcgis/rest/services/Growth_Management_%E2%80%93_Issued_Building_Permits/FeatureServer/0/query?f=json&geometry=%7B%22x%22%3A+-79.6519606491568%2C+%22y%22%3A+43.53042656151245%2C+%22spatialReference%22%3A+%7B%22wkid%22%3A+4326%7D%7D&geometryType=esriGeometryPoint&inSR=4326&spatialRel=esriSpatialRelIntersects&distance=90&units=esriSRUnit_Meter&outFields=BuildingPermitNumber%2CIssuedDate%2CBuildingPermitType%2CBuildingPermitScope%2CAddress%2CApprovedUse%2CResidentialUnits%2CNonResidentialGFA_m2&outSR=4326&returnGeometry=true"
"81-2831","city-group-25","2251 North Sheridan Way","inventory73-status","Proposed","Application retained; current construction and completion unverified","Retain source version in violet; exclude from strict verified scenario","Not separately specified","true","false","false","true","Owner leasing page calls this a new development and retains a stale proposed-construction-2020 label despite immediate suite availability. This conflict is insufficient to certify construction/occupancy.","https://services6.arcgis.com/hM5ymMLbxIyWTjn2/arcgis/rest/services/Growth_Management_%E2%80%93_Active_Development_Applications/FeatureServer/0/query?where=OBJECTID%3D69&outFields=*&outSR=4326&f=pjson ; https://morguardleasing.com/building/2251-north-sheridan-way/"
"13-11440","city-group-72","2350 Argentia Rd.","group-status","Proposed","New industrial redevelopment permitted; completion unknown","Retain source massing with cited caveat","Not separately specified","true","false","false","false","City April 2026 permit is a 24,688 m² one-storey shell at 2350 Argentia merging 2330/2360 parcels. August/September 2026 leasing describes a new redevelopment, not a completion certificate.","https://www.mississauga.ca/wp-content/uploads/2026/05/28095859/April-2026-Detailed-Building-Permit-Report.pdf ; https://www.commercialcafe.com/commercial-property/us/on/mississauga/2350-argentia-road-redevelopment/ ; https://services6.arcgis.com/hM5ymMLbxIyWTjn2/arcgis/rest/services/Growth_Management_%E2%80%93_Issued_Building_Permits/FeatureServer/0/query?f=json&geometry=%7B%22x%22%3A+-79.75119618707814%2C+%22y%22%3A+43.59847998135103%2C+%22spatialReference%22%3A+%7B%22wkid%22%3A+4326%7D%7D&geometryType=esriGeometryPoint&inSR=4326&spatialRel=esriSpatialRelIntersects&distance=90&units=esriSRUnit_Meter&outFields=BuildingPermitNumber%2CIssuedDate%2CBuildingPermitType%2CBuildingPermitScope%2CAddress%2CApprovedUse%2CResidentialUnits%2CNonResidentialGFA_m2&outSR=4326&returnGeometry=true"
"101-4554","city-group-169","2365 and 2403 Dixie Road","inventory73-status","Proposed","Application retained; current construction and completion unverified","Retain source massing with cited caveat","Not separately specified","true","false","false","false","Exact application identifies 2365 and 2403 Dixie, not source typo 2401. No current completion evidence found for the two new industrial buildings. Foreign similarly numbered addresses were rejected.","https://services6.arcgis.com/hM5ymMLbxIyWTjn2/arcgis/rest/services/Growth_Management_%E2%80%93_Active_Development_Applications/FeatureServer/0/query?where=OBJECTID%3D56&outFields=*&outSR=4326&f=pjson"
"101-4555","city-group-169","2365 and 2403 Dixie Road","inventory73-status","Proposed","Application retained; current construction and completion unverified","Retain source massing with cited caveat","Not separately specified","true","false","false","false","Exact application identifies 2365 and 2403 Dixie, not source typo 2401. No current completion evidence found for the two new industrial buildings. Foreign similarly numbered addresses were rejected.","https://services6.arcgis.com/hM5ymMLbxIyWTjn2/arcgis/rest/services/Growth_Management_%E2%80%93_Active_Development_Applications/FeatureServer/0/query?where=OBJECTID%3D56&outFields=*&outSR=4326&f=pjson"
"11-5533","city-group-128","2388 Meadowpine Blvd.","group-status","Proposed","Under construction; tenant-delivery forecast","Retain source massing with cited caveat","Not separately specified","true","false","false","false","City permit October 31, 2025 identifies a 3,296 m² shell. June/August 2026 leasing explicitly says under construction; contractor update describes enclosure and slab work, expecting December tenant delivery. Relative-date social text does not establish a precise completion date.","https://www.mississauga.ca/wp-content/uploads/2025/12/11151311/BLDGDetail-Oct2025.pdf ; https://www.zolo.ca/mississauga-real-estate/2388-meadowpine-boulevard/1 ; https://ca.linkedin.com/in/david-petrozza-5957b04b ; https://services6.arcgis.com/hM5ymMLbxIyWTjn2/arcgis/rest/services/Growth_Management_%E2%80%93_Issued_Building_Permits/FeatureServer/0/query?f=json&geometry=%7B%22x%22%3A+-79.77270929168303%2C+%22y%22%3A+43.60451827534449%2C+%22spatialReference%22%3A+%7B%22wkid%22%3A+4326%7D%7D&geometryType=esriGeometryPoint&inSR=4326&spatialRel=esriSpatialRelIntersects&distance=90&units=esriSRUnit_Meter&outFields=BuildingPermitNumber%2CIssuedDate%2CBuildingPermitType%2CBuildingPermitScope%2CAddress%2CApprovedUse%2CResidentialUnits%2CNonResidentialGFA_m2&outSR=4326&returnGeometry=true"
"81-2826","city-group-24","2395 Speakman Dr.","inventory73-status","Proposed","Application retained; current construction and completion unverified","Retain source version in violet; exclude from strict verified scenario","Not separately specified","true","false","false","true","2026 land marketing describes data-centre development potential, while older source concept is a five-building science campus. An old brokerage 2028 year-built field is a forecast, not completion. No official cancellation established.","https://services6.arcgis.com/hM5ymMLbxIyWTjn2/arcgis/rest/services/Growth_Management_%E2%80%93_Active_Development_Applications/FeatureServer/0/query?where=OBJECTID%3D7&outFields=*&outSR=4326&f=pjson ; https://www.zolo.ca/mississauga-real-estate/2395-speakman-drive/opt-1 ; https://www.loopnet.com/Listing/2395-Speakman-Dr-Mississauga-ON/26691148/"
"81-2827","city-group-24","2395 Speakman Dr.","inventory73-status","Proposed","Application retained; current construction and completion unverified","Retain source version in violet; exclude from strict verified scenario","Not separately specified","true","false","false","true","2026 land marketing describes data-centre development potential, while older source concept is a five-building science campus. An old brokerage 2028 year-built field is a forecast, not completion. No official cancellation established.","https://services6.arcgis.com/hM5ymMLbxIyWTjn2/arcgis/rest/services/Growth_Management_%E2%80%93_Active_Development_Applications/FeatureServer/0/query?where=OBJECTID%3D7&outFields=*&outSR=4326&f=pjson ; https://www.zolo.ca/mississauga-real-estate/2395-speakman-drive/opt-1 ; https://www.loopnet.com/Listing/2395-Speakman-Dr-Mississauga-ON/26691148/"
"81-2828","city-group-24","2395 Speakman Dr.","inventory73-status","Proposed","Application retained; current construction and completion unverified","Retain source version in violet; exclude from strict verified scenario","Not separately specified","true","false","false","true","2026 land marketing describes data-centre development potential, while older source concept is a five-building science campus. An old brokerage 2028 year-built field is a forecast, not completion. No official cancellation established.","https://services6.arcgis.com/hM5ymMLbxIyWTjn2/arcgis/rest/services/Growth_Management_%E2%80%93_Active_Development_Applications/FeatureServer/0/query?where=OBJECTID%3D7&outFields=*&outSR=4326&f=pjson ; https://www.zolo.ca/mississauga-real-estate/2395-speakman-drive/opt-1 ; https://www.loopnet.com/Listing/2395-Speakman-Dr-Mississauga-ON/26691148/"
"81-2829","city-group-24","2395 Speakman Dr.","inventory73-status","Proposed","Application retained; current construction and completion unverified","Retain source version in violet; exclude from strict verified scenario","Not separately specified","true","false","false","true","2026 land marketing describes data-centre development potential, while older source concept is a five-building science campus. An old brokerage 2028 year-built field is a forecast, not completion. No official cancellation established.","https://services6.arcgis.com/hM5ymMLbxIyWTjn2/arcgis/rest/services/Growth_Management_%E2%80%93_Active_Development_Applications/FeatureServer/0/query?where=OBJECTID%3D7&outFields=*&outSR=4326&f=pjson ; https://www.zolo.ca/mississauga-real-estate/2395-speakman-drive/opt-1 ; https://www.loopnet.com/Listing/2395-Speakman-Dr-Mississauga-ON/26691148/"
"81-2830","city-group-24","2395 Speakman Dr.","inventory73-status","Proposed","Application retained; current construction and completion unverified","Retain source version in violet; exclude from strict verified scenario","Not separately specified","true","false","false","true","2026 land marketing describes data-centre development potential, while older source concept is a five-building science campus. An old brokerage 2028 year-built field is a forecast, not completion. No official cancellation established.","https://services6.arcgis.com/hM5ymMLbxIyWTjn2/arcgis/rest/services/Growth_Management_%E2%80%93_Active_Development_Applications/FeatureServer/0/query?where=OBJECTID%3D7&outFields=*&outSR=4326&f=pjson ; https://www.zolo.ca/mississauga-real-estate/2395-speakman-drive/opt-1 ; https://www.loopnet.com/Listing/2395-Speakman-Dr-Mississauga-ON/26691148/"
"13-11439","city-group-71","2480 Argentia Rd.","inventory73-status","Proposed","Application retained; current construction and completion unverified","Retain source massing with cited caveat","Not separately specified","true","false","false","false","January 2026 City comments consider the proposed storage development. The established Access Storage business and auction activity at the same address do not prove this new four-storey building complete.","https://services6.arcgis.com/hM5ymMLbxIyWTjn2/arcgis/rest/services/Growth_Management_%E2%80%93_Active_Development_Applications/FeatureServer/0/query?where=OBJECTID%3D153&outFields=*&outSR=4326&f=pjson ; https://pub-mississauga.escribemeetings.com/filestream.ashx?DocumentId=81207"
"91-5025","city-group-81","2515-2532 Argyle Rd.","group-status","Proposed","Townhouse proposal retained; current delivery unknown","Retain source version in violet; exclude from strict verified scenario","Not separately specified","true","false","false","true","City historical evidence identifies 2515, 2522 and 2532 Argyle under OZ 18/017, 112 stacked/back-to-back towns and prior appeal. No current build-out or final approval established for SP 24 16.","https://pub-mississauga.escribemeetings.com/filestream.ashx?DocumentId=9927 ; https://services6.arcgis.com/hM5ymMLbxIyWTjn2/arcgis/rest/services/Growth_Management_%E2%80%93_Issued_Building_Permits/FeatureServer/0/query?f=json&geometry=%7B%22x%22%3A+-79.61896264843541%2C+%22y%22%3A+43.57337653683028%2C+%22spatialReference%22%3A+%7B%22wkid%22%3A+4326%7D%7D&geometryType=esriGeometryPoint&inSR=4326&spatialRel=esriSpatialRelIntersects&distance=90&units=esriSRUnit_Meter&outFields=BuildingPermitNumber%2CIssuedDate%2CBuildingPermitType%2CBuildingPermitScope%2CAddress%2CApprovedUse%2CResidentialUnits%2CNonResidentialGFA_m2&outSR=4326&returnGeometry=true"
"91-5026","city-group-81","2515-2532 Argyle Rd.","group-status","Proposed","Townhouse proposal retained; current delivery unknown","Retain source version in violet; exclude from strict verified scenario","Not separately specified","true","false","false","true","City historical evidence identifies 2515, 2522 and 2532 Argyle under OZ 18/017, 112 stacked/back-to-back towns and prior appeal. No current build-out or final approval established for SP 24 16.","https://pub-mississauga.escribemeetings.com/filestream.ashx?DocumentId=9927 ; https://services6.arcgis.com/hM5ymMLbxIyWTjn2/arcgis/rest/services/Growth_Management_%E2%80%93_Issued_Building_Permits/FeatureServer/0/query?f=json&geometry=%7B%22x%22%3A+-79.61896264843541%2C+%22y%22%3A+43.57337653683028%2C+%22spatialReference%22%3A+%7B%22wkid%22%3A+4326%7D%7D&geometryType=esriGeometryPoint&inSR=4326&spatialRel=esriSpatialRelIntersects&distance=90&units=esriSRUnit_Meter&outFields=BuildingPermitNumber%2CIssuedDate%2CBuildingPermitType%2CBuildingPermitScope%2CAddress%2CApprovedUse%2CResidentialUnits%2CNonResidentialGFA_m2&outSR=4326&returnGeometry=true"
"91-5027","city-group-81","2515-2532 Argyle Rd.","group-status","Proposed","Townhouse proposal retained; current delivery unknown","Retain source version in violet; exclude from strict verified scenario","Not separately specified","true","false","false","true","City historical evidence identifies 2515, 2522 and 2532 Argyle under OZ 18/017, 112 stacked/back-to-back towns and prior appeal. No current build-out or final approval established for SP 24 16.","https://pub-mississauga.escribemeetings.com/filestream.ashx?DocumentId=9927 ; https://services6.arcgis.com/hM5ymMLbxIyWTjn2/arcgis/rest/services/Growth_Management_%E2%80%93_Issued_Building_Permits/FeatureServer/0/query?f=json&geometry=%7B%22x%22%3A+-79.61896264843541%2C+%22y%22%3A+43.57337653683028%2C+%22spatialReference%22%3A+%7B%22wkid%22%3A+4326%7D%7D&geometryType=esriGeometryPoint&inSR=4326&spatialRel=esriSpatialRelIntersects&distance=90&units=esriSRUnit_Meter&outFields=BuildingPermitNumber%2CIssuedDate%2CBuildingPermitType%2CBuildingPermitScope%2CAddress%2CApprovedUse%2CResidentialUnits%2CNonResidentialGFA_m2&outSR=4326&returnGeometry=true"
"91-5028","city-group-81","2515-2532 Argyle Rd.","group-status","Proposed","Townhouse proposal retained; current delivery unknown","Retain source version in violet; exclude from strict verified scenario","Not separately specified","true","false","false","true","City historical evidence identifies 2515, 2522 and 2532 Argyle under OZ 18/017, 112 stacked/back-to-back towns and prior appeal. No current build-out or final approval established for SP 24 16.","https://pub-mississauga.escribemeetings.com/filestream.ashx?DocumentId=9927 ; https://services6.arcgis.com/hM5ymMLbxIyWTjn2/arcgis/rest/services/Growth_Management_%E2%80%93_Issued_Building_Permits/FeatureServer/0/query?f=json&geometry=%7B%22x%22%3A+-79.61896264843541%2C+%22y%22%3A+43.57337653683028%2C+%22spatialReference%22%3A+%7B%22wkid%22%3A+4326%7D%7D&geometryType=esriGeometryPoint&inSR=4326&spatialRel=esriSpatialRelIntersects&distance=90&units=esriSRUnit_Meter&outFields=BuildingPermitNumber%2CIssuedDate%2CBuildingPermitType%2CBuildingPermitScope%2CAddress%2CApprovedUse%2CResidentialUnits%2CNonResidentialGFA_m2&outSR=4326&returnGeometry=true"
"101-4556","city-group-170","2525 Dixie Rd.","group-status","Proposed","Replacement site-plan application retained; completion unknown","Retain source massing with cited caveat","Not separately specified","true","false","false","false","Exact 2525 Dixie address and parcel link SP 19 125 to SP 26 4. Historical gasoline/convenience/carwash proposal remains a source version; the newer submission requires drawing review.","https://services6.arcgis.com/hM5ymMLbxIyWTjn2/arcgis/rest/services/Growth_Management_%E2%80%93_Issued_Building_Permits/FeatureServer/0/query?f=json&geometry=%7B%22x%22%3A+-79.58125236248952%2C+%22y%22%3A+43.608436682879436%2C+%22spatialReference%22%3A+%7B%22wkid%22%3A+4326%7D%7D&geometryType=esriGeometryPoint&inSR=4326&spatialRel=esriSpatialRelIntersects&distance=90&units=esriSRUnit_Meter&outFields=BuildingPermitNumber%2CIssuedDate%2CBuildingPermitType%2CBuildingPermitScope%2CAddress%2CApprovedUse%2CResidentialUnits%2CNonResidentialGFA_m2&outSR=4326&returnGeometry=true"
"101-4557","city-group-170","2525 Dixie Rd.","group-status","Proposed","Replacement site-plan application retained; completion unknown","Retain source massing with cited caveat","Not separately specified","true","false","false","false","Exact 2525 Dixie address and parcel link SP 19 125 to SP 26 4. Historical gasoline/convenience/carwash proposal remains a source version; the newer submission requires drawing review.","https://services6.arcgis.com/hM5ymMLbxIyWTjn2/arcgis/rest/services/Growth_Management_%E2%80%93_Issued_Building_Permits/FeatureServer/0/query?f=json&geometry=%7B%22x%22%3A+-79.58125236248952%2C+%22y%22%3A+43.608436682879436%2C+%22spatialReference%22%3A+%7B%22wkid%22%3A+4326%7D%7D&geometryType=esriGeometryPoint&inSR=4326&spatialRel=esriSpatialRelIntersects&distance=90&units=esriSRUnit_Meter&outFields=BuildingPermitNumber%2CIssuedDate%2CBuildingPermitType%2CBuildingPermitScope%2CAddress%2CApprovedUse%2CResidentialUnits%2CNonResidentialGFA_m2&outSR=4326&returnGeometry=true"
"101-4558","city-group-170","2525 Dixie Rd.","group-status","Proposed","Replacement site-plan application retained; completion unknown","Retain source massing with cited caveat","Not separately specified","true","false","false","false","Exact 2525 Dixie address and parcel link SP 19 125 to SP 26 4. Historical gasoline/convenience/carwash proposal remains a source version; the newer submission requires drawing review.","https://services6.arcgis.com/hM5ymMLbxIyWTjn2/arcgis/rest/services/Growth_Management_%E2%80%93_Issued_Building_Permits/FeatureServer/0/query?f=json&geometry=%7B%22x%22%3A+-79.58125236248952%2C+%22y%22%3A+43.608436682879436%2C+%22spatialReference%22%3A+%7B%22wkid%22%3A+4326%7D%7D&geometryType=esriGeometryPoint&inSR=4326&spatialRel=esriSpatialRelIntersects&distance=90&units=esriSRUnit_Meter&outFields=BuildingPermitNumber%2CIssuedDate%2CBuildingPermitType%2CBuildingPermitScope%2CAddress%2CApprovedUse%2CResidentialUnits%2CNonResidentialGFA_m2&outSR=4326&returnGeometry=true"
"12-16985","erin-centre-2555","2555 Erin Centre Boulevard","citywide","Proposed","Under review","Retain source massing with cited caveat","Not separately specified","true","false","false","false","Address coordinates are approximate map pins. City snapshot meshes are source massing, not construction drawings; latest approvals and final detailed architecture may differ.","https://www.mississauga.ca/services-and-programs/planning-and-development/development-applications/active-development-applications/2555-erin-centre-boulevard-oz-opa-25-6-w11/ ; https://urbantoronto.ca/database/projects/2555-erin-centre-boulevard.58240"
"12-16986","erin-centre-2555","2555 Erin Centre Boulevard","citywide","Proposed","Under review","Retain source massing with cited caveat","Not separately specified","true","false","false","false","Address coordinates are approximate map pins. City snapshot meshes are source massing, not construction drawings; latest approvals and final detailed architecture may differ.","https://www.mississauga.ca/services-and-programs/planning-and-development/development-applications/active-development-applications/2555-erin-centre-boulevard-oz-opa-25-6-w11/ ; https://urbantoronto.ca/database/projects/2555-erin-centre-boulevard.58240"
"12-16987","erin-centre-2555","2555 Erin Centre Boulevard","citywide","Proposed","Under review","Retain source massing with cited caveat","Not separately specified","true","false","false","false","Address coordinates are approximate map pins. City snapshot meshes are source massing, not construction drawings; latest approvals and final detailed architecture may differ.","https://www.mississauga.ca/services-and-programs/planning-and-development/development-applications/active-development-applications/2555-erin-centre-boulevard-oz-opa-25-6-w11/ ; https://urbantoronto.ca/database/projects/2555-erin-centre-boulevard.58240"
"12-16988","erin-centre-2555","2555 Erin Centre Boulevard","citywide","Proposed","Under review","Retain source massing with cited caveat","Not separately specified","true","false","false","false","Address coordinates are approximate map pins. City snapshot meshes are source massing, not construction drawings; latest approvals and final detailed architecture may differ.","https://www.mississauga.ca/services-and-programs/planning-and-development/development-applications/active-development-applications/2555-erin-centre-boulevard-oz-opa-25-6-w11/ ; https://urbantoronto.ca/database/projects/2555-erin-centre-boulevard.58240"
"12-16989","erin-centre-2555","2555 Erin Centre Boulevard","citywide","Proposed","Under review","Retain source massing with cited caveat","Not separately specified","true","false","false","false","Address coordinates are approximate map pins. City snapshot meshes are source massing, not construction drawings; latest approvals and final detailed architecture may differ.","https://www.mississauga.ca/services-and-programs/planning-and-development/development-applications/active-development-applications/2555-erin-centre-boulevard-oz-opa-25-6-w11/ ; https://urbantoronto.ca/database/projects/2555-erin-centre-boulevard.58240"
"12-16990","erin-centre-2555","2555 Erin Centre Boulevard","citywide","Proposed","Under review","Retain source massing with cited caveat","Not separately specified","true","false","false","false","Address coordinates are approximate map pins. City snapshot meshes are source massing, not construction drawings; latest approvals and final detailed architecture may differ.","https://www.mississauga.ca/services-and-programs/planning-and-development/development-applications/active-development-applications/2555-erin-centre-boulevard-oz-opa-25-6-w11/ ; https://urbantoronto.ca/database/projects/2555-erin-centre-boulevard.58240"
"91-5020","argyle-2570","2570–2590 Argyle Road","citywide","Proposed","Site plan under review","Retain source massing with cited caveat","Not separately specified","true","false","false","false","No floor count is inferred from the mesh height. Existing apartment buildings must remain in the base model.","https://services6.arcgis.com/hM5ymMLbxIyWTjn2/arcgis/rest/services/Growth_Management_%E2%80%93_Active_Development_Applications/FeatureServer/0/query?where=OBJECTID%3D112&outFields=*&outSR=4326&f=pjson ; https://services6.arcgis.com/hM5ymMLbxIyWTjn2/arcgis/rest/services/LOD2_Buildings_Scene/SceneServer"
"91-5021","argyle-2570","2570–2590 Argyle Road","citywide","Proposed","Site plan under review","Retain source massing with cited caveat","Not separately specified","true","false","false","false","No floor count is inferred from the mesh height. Existing apartment buildings must remain in the base model.","https://services6.arcgis.com/hM5ymMLbxIyWTjn2/arcgis/rest/services/Growth_Management_%E2%80%93_Active_Development_Applications/FeatureServer/0/query?where=OBJECTID%3D112&outFields=*&outSR=4326&f=pjson ; https://services6.arcgis.com/hM5ymMLbxIyWTjn2/arcgis/rest/services/LOD2_Buildings_Scene/SceneServer"
"11-5532","city-group-127","2585 Meadowpine Blvd.","inventory73-status","Proposed","Application retained; current construction and completion unverified","Retain source massing with cited caveat","Not separately specified","true","false","false","false","A 2002 building-completion certificate relates to the original facility, not the current three-storey addition. Current employer listings do not establish addition completion.","https://services6.arcgis.com/hM5ymMLbxIyWTjn2/arcgis/rest/services/Growth_Management_%E2%80%93_Active_Development_Applications/FeatureServer/0/query?where=OBJECTID%3D87&outFields=*&outSR=4326&f=pjson"
"82-5553","city-group-175","2620 Chalkwell Close","group-status","Proposed","Zoning approved; site-plan approval reported; delivery unverified","Retain source massing with cited caveat","Not separately specified","true","false","false","false","May 14, 2025 by-law permits 166 four-storey back-to-back homes in ten blocks, superseding earlier 180-unit twelve-block proposal. Community association reports February 2026 site-plan approval and expected spring construction; actual completion not established.","https://www.mississauga.ca/wp-content/uploads/2025/05/20100326/OZ-OPA-24-3-W2-Notice-of-Passing-a-Zoning-By-law-public-notice.pdf ; https://www.parkroyalca.org/site-plan-approved-for-chalkwell-close-townhouse-development/ ; https://services6.arcgis.com/hM5ymMLbxIyWTjn2/arcgis/rest/services/Growth_Management_%E2%80%93_Issued_Building_Permits/FeatureServer/0/query?f=json&geometry=%7B%22x%22%3A+-79.65505016679248%2C+%22y%22%3A+43.50876095293326%2C+%22spatialReference%22%3A+%7B%22wkid%22%3A+4326%7D%7D&geometryType=esriGeometryPoint&inSR=4326&spatialRel=esriSpatialRelIntersects&distance=90&units=esriSRUnit_Meter&outFields=BuildingPermitNumber%2CIssuedDate%2CBuildingPermitType%2CBuildingPermitScope%2CAddress%2CApprovedUse%2CResidentialUnits%2CNonResidentialGFA_m2&outSR=4326&returnGeometry=true"
"82-5554","city-group-175","2620 Chalkwell Close","group-status","Proposed","Zoning approved; site-plan approval reported; delivery unverified","Retain source massing with cited caveat","Not separately specified","true","false","false","false","May 14, 2025 by-law permits 166 four-storey back-to-back homes in ten blocks, superseding earlier 180-unit twelve-block proposal. Community association reports February 2026 site-plan approval and expected spring construction; actual completion not established.","https://www.mississauga.ca/wp-content/uploads/2025/05/20100326/OZ-OPA-24-3-W2-Notice-of-Passing-a-Zoning-By-law-public-notice.pdf ; https://www.parkroyalca.org/site-plan-approved-for-chalkwell-close-townhouse-development/ ; https://services6.arcgis.com/hM5ymMLbxIyWTjn2/arcgis/rest/services/Growth_Management_%E2%80%93_Issued_Building_Permits/FeatureServer/0/query?f=json&geometry=%7B%22x%22%3A+-79.65505016679248%2C+%22y%22%3A+43.50876095293326%2C+%22spatialReference%22%3A+%7B%22wkid%22%3A+4326%7D%7D&geometryType=esriGeometryPoint&inSR=4326&spatialRel=esriSpatialRelIntersects&distance=90&units=esriSRUnit_Meter&outFields=BuildingPermitNumber%2CIssuedDate%2CBuildingPermitType%2CBuildingPermitScope%2CAddress%2CApprovedUse%2CResidentialUnits%2CNonResidentialGFA_m2&outSR=4326&returnGeometry=true"
"82-5555","city-group-175","2620 Chalkwell Close","group-status","Proposed","Zoning approved; site-plan approval reported; delivery unverified","Retain source massing with cited caveat","Not separately specified","true","false","false","false","May 14, 2025 by-law permits 166 four-storey back-to-back homes in ten blocks, superseding earlier 180-unit twelve-block proposal. Community association reports February 2026 site-plan approval and expected spring construction; actual completion not established.","https://www.mississauga.ca/wp-content/uploads/2025/05/20100326/OZ-OPA-24-3-W2-Notice-of-Passing-a-Zoning-By-law-public-notice.pdf ; https://www.parkroyalca.org/site-plan-approved-for-chalkwell-close-townhouse-development/ ; https://services6.arcgis.com/hM5ymMLbxIyWTjn2/arcgis/rest/services/Growth_Management_%E2%80%93_Issued_Building_Permits/FeatureServer/0/query?f=json&geometry=%7B%22x%22%3A+-79.65505016679248%2C+%22y%22%3A+43.50876095293326%2C+%22spatialReference%22%3A+%7B%22wkid%22%3A+4326%7D%7D&geometryType=esriGeometryPoint&inSR=4326&spatialRel=esriSpatialRelIntersects&distance=90&units=esriSRUnit_Meter&outFields=BuildingPermitNumber%2CIssuedDate%2CBuildingPermitType%2CBuildingPermitScope%2CAddress%2CApprovedUse%2CResidentialUnits%2CNonResidentialGFA_m2&outSR=4326&returnGeometry=true"
"82-5556","city-group-175","2620 Chalkwell Close","group-status","Proposed","Zoning approved; site-plan approval reported; delivery unverified","Retain source massing with cited caveat","Not separately specified","true","false","false","false","May 14, 2025 by-law permits 166 four-storey back-to-back homes in ten blocks, superseding earlier 180-unit twelve-block proposal. Community association reports February 2026 site-plan approval and expected spring construction; actual completion not established.","https://www.mississauga.ca/wp-content/uploads/2025/05/20100326/OZ-OPA-24-3-W2-Notice-of-Passing-a-Zoning-By-law-public-notice.pdf ; https://www.parkroyalca.org/site-plan-approved-for-chalkwell-close-townhouse-development/ ; https://services6.arcgis.com/hM5ymMLbxIyWTjn2/arcgis/rest/services/Growth_Management_%E2%80%93_Issued_Building_Permits/FeatureServer/0/query?f=json&geometry=%7B%22x%22%3A+-79.65505016679248%2C+%22y%22%3A+43.50876095293326%2C+%22spatialReference%22%3A+%7B%22wkid%22%3A+4326%7D%7D&geometryType=esriGeometryPoint&inSR=4326&spatialRel=esriSpatialRelIntersects&distance=90&units=esriSRUnit_Meter&outFields=BuildingPermitNumber%2CIssuedDate%2CBuildingPermitType%2CBuildingPermitScope%2CAddress%2CApprovedUse%2CResidentialUnits%2CNonResidentialGFA_m2&outSR=4326&returnGeometry=true"
"82-5557","city-group-175","2620 Chalkwell Close","group-status","Proposed","Zoning approved; site-plan approval reported; delivery unverified","Retain source massing with cited caveat","Not separately specified","true","false","false","false","May 14, 2025 by-law permits 166 four-storey back-to-back homes in ten blocks, superseding earlier 180-unit twelve-block proposal. Community association reports February 2026 site-plan approval and expected spring construction; actual completion not established.","https://www.mississauga.ca/wp-content/uploads/2025/05/20100326/OZ-OPA-24-3-W2-Notice-of-Passing-a-Zoning-By-law-public-notice.pdf ; https://www.parkroyalca.org/site-plan-approved-for-chalkwell-close-townhouse-development/ ; https://services6.arcgis.com/hM5ymMLbxIyWTjn2/arcgis/rest/services/Growth_Management_%E2%80%93_Issued_Building_Permits/FeatureServer/0/query?f=json&geometry=%7B%22x%22%3A+-79.65505016679248%2C+%22y%22%3A+43.50876095293326%2C+%22spatialReference%22%3A+%7B%22wkid%22%3A+4326%7D%7D&geometryType=esriGeometryPoint&inSR=4326&spatialRel=esriSpatialRelIntersects&distance=90&units=esriSRUnit_Meter&outFields=BuildingPermitNumber%2CIssuedDate%2CBuildingPermitType%2CBuildingPermitScope%2CAddress%2CApprovedUse%2CResidentialUnits%2CNonResidentialGFA_m2&outSR=4326&returnGeometry=true"
"82-5558","city-group-175","2620 Chalkwell Close","group-status","Proposed","Zoning approved; site-plan approval reported; delivery unverified","Retain source massing with cited caveat","Not separately specified","true","false","false","false","May 14, 2025 by-law permits 166 four-storey back-to-back homes in ten blocks, superseding earlier 180-unit twelve-block proposal. Community association reports February 2026 site-plan approval and expected spring construction; actual completion not established.","https://www.mississauga.ca/wp-content/uploads/2025/05/20100326/OZ-OPA-24-3-W2-Notice-of-Passing-a-Zoning-By-law-public-notice.pdf ; https://www.parkroyalca.org/site-plan-approved-for-chalkwell-close-townhouse-development/ ; https://services6.arcgis.com/hM5ymMLbxIyWTjn2/arcgis/rest/services/Growth_Management_%E2%80%93_Issued_Building_Permits/FeatureServer/0/query?f=json&geometry=%7B%22x%22%3A+-79.65505016679248%2C+%22y%22%3A+43.50876095293326%2C+%22spatialReference%22%3A+%7B%22wkid%22%3A+4326%7D%7D&geometryType=esriGeometryPoint&inSR=4326&spatialRel=esriSpatialRelIntersects&distance=90&units=esriSRUnit_Meter&outFields=BuildingPermitNumber%2CIssuedDate%2CBuildingPermitType%2CBuildingPermitScope%2CAddress%2CApprovedUse%2CResidentialUnits%2CNonResidentialGFA_m2&outSR=4326&returnGeometry=true"
"82-5559","city-group-175","2620 Chalkwell Close","group-status","Proposed","Zoning approved; site-plan approval reported; delivery unverified","Retain source massing with cited caveat","Not separately specified","true","false","false","false","May 14, 2025 by-law permits 166 four-storey back-to-back homes in ten blocks, superseding earlier 180-unit twelve-block proposal. Community association reports February 2026 site-plan approval and expected spring construction; actual completion not established.","https://www.mississauga.ca/wp-content/uploads/2025/05/20100326/OZ-OPA-24-3-W2-Notice-of-Passing-a-Zoning-By-law-public-notice.pdf ; https://www.parkroyalca.org/site-plan-approved-for-chalkwell-close-townhouse-development/ ; https://services6.arcgis.com/hM5ymMLbxIyWTjn2/arcgis/rest/services/Growth_Management_%E2%80%93_Issued_Building_Permits/FeatureServer/0/query?f=json&geometry=%7B%22x%22%3A+-79.65505016679248%2C+%22y%22%3A+43.50876095293326%2C+%22spatialReference%22%3A+%7B%22wkid%22%3A+4326%7D%7D&geometryType=esriGeometryPoint&inSR=4326&spatialRel=esriSpatialRelIntersects&distance=90&units=esriSRUnit_Meter&outFields=BuildingPermitNumber%2CIssuedDate%2CBuildingPermitType%2CBuildingPermitScope%2CAddress%2CApprovedUse%2CResidentialUnits%2CNonResidentialGFA_m2&outSR=4326&returnGeometry=true"
"82-5560","city-group-175","2620 Chalkwell Close","group-status","Proposed","Zoning approved; site-plan approval reported; delivery unverified","Retain source massing with cited caveat","Not separately specified","true","false","false","false","May 14, 2025 by-law permits 166 four-storey back-to-back homes in ten blocks, superseding earlier 180-unit twelve-block proposal. Community association reports February 2026 site-plan approval and expected spring construction; actual completion not established.","https://www.mississauga.ca/wp-content/uploads/2025/05/20100326/OZ-OPA-24-3-W2-Notice-of-Passing-a-Zoning-By-law-public-notice.pdf ; https://www.parkroyalca.org/site-plan-approved-for-chalkwell-close-townhouse-development/ ; https://services6.arcgis.com/hM5ymMLbxIyWTjn2/arcgis/rest/services/Growth_Management_%E2%80%93_Issued_Building_Permits/FeatureServer/0/query?f=json&geometry=%7B%22x%22%3A+-79.65505016679248%2C+%22y%22%3A+43.50876095293326%2C+%22spatialReference%22%3A+%7B%22wkid%22%3A+4326%7D%7D&geometryType=esriGeometryPoint&inSR=4326&spatialRel=esriSpatialRelIntersects&distance=90&units=esriSRUnit_Meter&outFields=BuildingPermitNumber%2CIssuedDate%2CBuildingPermitType%2CBuildingPermitScope%2CAddress%2CApprovedUse%2CResidentialUnits%2CNonResidentialGFA_m2&outSR=4326&returnGeometry=true"
"82-5561","city-group-175","2620 Chalkwell Close","group-status","Proposed","Zoning approved; site-plan approval reported; delivery unverified","Retain source massing with cited caveat","Not separately specified","true","false","false","false","May 14, 2025 by-law permits 166 four-storey back-to-back homes in ten blocks, superseding earlier 180-unit twelve-block proposal. Community association reports February 2026 site-plan approval and expected spring construction; actual completion not established.","https://www.mississauga.ca/wp-content/uploads/2025/05/20100326/OZ-OPA-24-3-W2-Notice-of-Passing-a-Zoning-By-law-public-notice.pdf ; https://www.parkroyalca.org/site-plan-approved-for-chalkwell-close-townhouse-development/ ; https://services6.arcgis.com/hM5ymMLbxIyWTjn2/arcgis/rest/services/Growth_Management_%E2%80%93_Issued_Building_Permits/FeatureServer/0/query?f=json&geometry=%7B%22x%22%3A+-79.65505016679248%2C+%22y%22%3A+43.50876095293326%2C+%22spatialReference%22%3A+%7B%22wkid%22%3A+4326%7D%7D&geometryType=esriGeometryPoint&inSR=4326&spatialRel=esriSpatialRelIntersects&distance=90&units=esriSRUnit_Meter&outFields=BuildingPermitNumber%2CIssuedDate%2CBuildingPermitType%2CBuildingPermitScope%2CAddress%2CApprovedUse%2CResidentialUnits%2CNonResidentialGFA_m2&outSR=4326&returnGeometry=true"
"82-5562","city-group-175","2620 Chalkwell Close","group-status","Proposed","Zoning approved; site-plan approval reported; delivery unverified","Retain source massing with cited caveat","Not separately specified","true","false","false","false","May 14, 2025 by-law permits 166 four-storey back-to-back homes in ten blocks, superseding earlier 180-unit twelve-block proposal. Community association reports February 2026 site-plan approval and expected spring construction; actual completion not established.","https://www.mississauga.ca/wp-content/uploads/2025/05/20100326/OZ-OPA-24-3-W2-Notice-of-Passing-a-Zoning-By-law-public-notice.pdf ; https://www.parkroyalca.org/site-plan-approved-for-chalkwell-close-townhouse-development/ ; https://services6.arcgis.com/hM5ymMLbxIyWTjn2/arcgis/rest/services/Growth_Management_%E2%80%93_Issued_Building_Permits/FeatureServer/0/query?f=json&geometry=%7B%22x%22%3A+-79.65505016679248%2C+%22y%22%3A+43.50876095293326%2C+%22spatialReference%22%3A+%7B%22wkid%22%3A+4326%7D%7D&geometryType=esriGeometryPoint&inSR=4326&spatialRel=esriSpatialRelIntersects&distance=90&units=esriSRUnit_Meter&outFields=BuildingPermitNumber%2CIssuedDate%2CBuildingPermitType%2CBuildingPermitScope%2CAddress%2CApprovedUse%2CResidentialUnits%2CNonResidentialGFA_m2&outSR=4326&returnGeometry=true"
"41-7743","city-group-160","2815 Thamesgate Dr.","inventory73-status","Proposed","Application retained; current construction and completion unverified","Retain source massing with cited caveat","Not separately specified","true","false","false","false","An operating sports-apparel business at 2815 Thamesgate is not completion evidence for the proposed five-storey office/warehouse. No exact delivery evidence found.","https://services6.arcgis.com/hM5ymMLbxIyWTjn2/arcgis/rest/services/Growth_Management_%E2%80%93_Active_Development_Applications/FeatureServer/0/query?where=OBJECTID%3D47&outFields=*&outSR=4326&f=pjson ; https://www.maraudersports.co/pages/sport-uniforms"
"22-14224","city-group-58","29 Queen St. South","inventory73-status","Proposed","Application retained; current construction and completion unverified","Retain source massing with cited caveat","Not separately specified","true","false","false","false","City February 2025 context identifies SP 23-1 as an in-process two-storey mixed-use application. Prior medical/legal tenancy is not completion of the demolition/replacement scheme.","https://services6.arcgis.com/hM5ymMLbxIyWTjn2/arcgis/rest/services/Growth_Management_%E2%80%93_Active_Development_Applications/FeatureServer/0/query?where=OBJECTID%3D33&outFields=*&outSR=4326&f=pjson ; https://pub-mississauga.escribemeetings.com/filestream.ashx?DocumentId=68851"
"91-5016","city-group-76","2935 & 2955 Mississauga Rd.","inventory73-status","Proposed","Application retained; current construction and completion unverified","Retain source massing with cited caveat","Not separately specified","true","false","false","false","Current City application remains a 12-storey apartment plus stacked towns, with May 2026 heritage material. No verified construction or completion date was found.","https://services6.arcgis.com/hM5ymMLbxIyWTjn2/arcgis/rest/services/Growth_Management_%E2%80%93_Active_Development_Applications/FeatureServer/0/query?where=OBJECTID%3D60&outFields=*&outSR=4326&f=pjson ; https://www.mississauga.ca/services-and-programs/planning-and-development/development-applications/active-development-applications/2935-and-2955-mississauga-road-oz-opa-22-6-w8/"
"91-5017","city-group-76","2935 & 2955 Mississauga Rd.","inventory73-status","Proposed","Application retained; current construction and completion unverified","Retain source massing with cited caveat","Not separately specified","true","false","false","false","Current City application remains a 12-storey apartment plus stacked towns, with May 2026 heritage material. No verified construction or completion date was found.","https://services6.arcgis.com/hM5ymMLbxIyWTjn2/arcgis/rest/services/Growth_Management_%E2%80%93_Active_Development_Applications/FeatureServer/0/query?where=OBJECTID%3D60&outFields=*&outSR=4326&f=pjson ; https://www.mississauga.ca/services-and-programs/planning-and-development/development-applications/active-development-applications/2935-and-2955-mississauga-road-oz-opa-22-6-w8/"
"91-5018","city-group-76","2935 & 2955 Mississauga Rd.","inventory73-status","Proposed","Application retained; current construction and completion unverified","Retain source massing with cited caveat","Not separately specified","true","false","false","false","Current City application remains a 12-storey apartment plus stacked towns, with May 2026 heritage material. No verified construction or completion date was found.","https://services6.arcgis.com/hM5ymMLbxIyWTjn2/arcgis/rest/services/Growth_Management_%E2%80%93_Active_Development_Applications/FeatureServer/0/query?where=OBJECTID%3D60&outFields=*&outSR=4326&f=pjson ; https://www.mississauga.ca/services-and-programs/planning-and-development/development-applications/active-development-applications/2935-and-2955-mississauga-road-oz-opa-22-6-w8/"
"91-5019","city-group-76","2935 & 2955 Mississauga Rd.","inventory73-status","Proposed","Application retained; current construction and completion unverified","Retain source massing with cited caveat","Not separately specified","true","false","false","false","Current City application remains a 12-storey apartment plus stacked towns, with May 2026 heritage material. No verified construction or completion date was found.","https://services6.arcgis.com/hM5ymMLbxIyWTjn2/arcgis/rest/services/Growth_Management_%E2%80%93_Active_Development_Applications/FeatureServer/0/query?where=OBJECTID%3D60&outFields=*&outSR=4326&f=pjson ; https://www.mississauga.ca/services-and-programs/planning-and-development/development-applications/active-development-applications/2935-and-2955-mississauga-road-oz-opa-22-6-w8/"
"63-6211","city-group-50","30 Eglinton Avenue West","inventory73-status","Proposed","OLT zoning approval; earlier tall source design superseded","Exclude superseded geometry","Not separately specified","false","true","false","false","The May 25, 2026 OLT order corrects the January 10, 2024 final zoning order only to retain interim office/commercial uses. Its attached Schedule RA5-62 sets zoning envelopes A4: 29 storeys / 93.5 m; B: 36 storeys / 113.1 m; C4: 31 storeys / 100 m. These are zoning limits, not architectural tower counts. Sajecki Planning and UrbanToronto describe the revised architectural proposal as 28, 32 and 34 storeys. The City inventory still carries the older 45/45/37-storey description; source tower fields 141.4, 142.9 and 117.8 m belong to that taller version. Exclude its complete eight-component future assembly until current architectural geometry is sourced. Existing office and heritage context remain.","https://www7.mississauga.ca/Departments/PB/OfficialDocs/OLT-22-004548-MAY-25-2026-ORD.pdf ; https://www7.mississauga.ca/Departments/PB/OfficialDocs/OLT-22-004548-JAN-10-2024-ORD.pdf ; https://sajeckiplanning.squarespace.com/projects/30-eglinton-avenue-west ; https://toronto.skyrisecities.com/database/projects/30-eglinton-avenue-west.48013"
"63-6212","city-group-50","30 Eglinton Avenue West","inventory73-status","Proposed","OLT zoning approval; earlier tall source design superseded","Exclude superseded geometry","Not separately specified","false","true","false","false","The May 25, 2026 OLT order corrects the January 10, 2024 final zoning order only to retain interim office/commercial uses. Its attached Schedule RA5-62 sets zoning envelopes A4: 29 storeys / 93.5 m; B: 36 storeys / 113.1 m; C4: 31 storeys / 100 m. These are zoning limits, not architectural tower counts. Sajecki Planning and UrbanToronto describe the revised architectural proposal as 28, 32 and 34 storeys. The City inventory still carries the older 45/45/37-storey description; source tower fields 141.4, 142.9 and 117.8 m belong to that taller version. Exclude its complete eight-component future assembly until current architectural geometry is sourced. Existing office and heritage context remain.","https://www7.mississauga.ca/Departments/PB/OfficialDocs/OLT-22-004548-MAY-25-2026-ORD.pdf ; https://www7.mississauga.ca/Departments/PB/OfficialDocs/OLT-22-004548-JAN-10-2024-ORD.pdf ; https://sajeckiplanning.squarespace.com/projects/30-eglinton-avenue-west ; https://toronto.skyrisecities.com/database/projects/30-eglinton-avenue-west.48013"
"63-6213","city-group-50","30 Eglinton Avenue West","inventory73-status","Proposed","OLT zoning approval; earlier tall source design superseded","Exclude superseded geometry","Not separately specified","false","true","false","false","The May 25, 2026 OLT order corrects the January 10, 2024 final zoning order only to retain interim office/commercial uses. Its attached Schedule RA5-62 sets zoning envelopes A4: 29 storeys / 93.5 m; B: 36 storeys / 113.1 m; C4: 31 storeys / 100 m. These are zoning limits, not architectural tower counts. Sajecki Planning and UrbanToronto describe the revised architectural proposal as 28, 32 and 34 storeys. The City inventory still carries the older 45/45/37-storey description; source tower fields 141.4, 142.9 and 117.8 m belong to that taller version. Exclude its complete eight-component future assembly until current architectural geometry is sourced. Existing office and heritage context remain.","https://www7.mississauga.ca/Departments/PB/OfficialDocs/OLT-22-004548-MAY-25-2026-ORD.pdf ; https://www7.mississauga.ca/Departments/PB/OfficialDocs/OLT-22-004548-JAN-10-2024-ORD.pdf ; https://sajeckiplanning.squarespace.com/projects/30-eglinton-avenue-west ; https://toronto.skyrisecities.com/database/projects/30-eglinton-avenue-west.48013"
"63-6214","city-group-50","30 Eglinton Avenue West","inventory73-status","Proposed","OLT zoning approval; earlier tall source design superseded","Exclude superseded geometry","Not separately specified","false","true","false","false","The May 25, 2026 OLT order corrects the January 10, 2024 final zoning order only to retain interim office/commercial uses. Its attached Schedule RA5-62 sets zoning envelopes A4: 29 storeys / 93.5 m; B: 36 storeys / 113.1 m; C4: 31 storeys / 100 m. These are zoning limits, not architectural tower counts. Sajecki Planning and UrbanToronto describe the revised architectural proposal as 28, 32 and 34 storeys. The City inventory still carries the older 45/45/37-storey description; source tower fields 141.4, 142.9 and 117.8 m belong to that taller version. Exclude its complete eight-component future assembly until current architectural geometry is sourced. Existing office and heritage context remain.","https://www7.mississauga.ca/Departments/PB/OfficialDocs/OLT-22-004548-MAY-25-2026-ORD.pdf ; https://www7.mississauga.ca/Departments/PB/OfficialDocs/OLT-22-004548-JAN-10-2024-ORD.pdf ; https://sajeckiplanning.squarespace.com/projects/30-eglinton-avenue-west ; https://toronto.skyrisecities.com/database/projects/30-eglinton-avenue-west.48013"
"63-6215","city-group-50","30 Eglinton Avenue West","inventory73-status","Proposed","OLT zoning approval; earlier tall source design superseded","Exclude superseded geometry","Not separately specified","false","true","false","false","The May 25, 2026 OLT order corrects the January 10, 2024 final zoning order only to retain interim office/commercial uses. Its attached Schedule RA5-62 sets zoning envelopes A4: 29 storeys / 93.5 m; B: 36 storeys / 113.1 m; C4: 31 storeys / 100 m. These are zoning limits, not architectural tower counts. Sajecki Planning and UrbanToronto describe the revised architectural proposal as 28, 32 and 34 storeys. The City inventory still carries the older 45/45/37-storey description; source tower fields 141.4, 142.9 and 117.8 m belong to that taller version. Exclude its complete eight-component future assembly until current architectural geometry is sourced. Existing office and heritage context remain.","https://www7.mississauga.ca/Departments/PB/OfficialDocs/OLT-22-004548-MAY-25-2026-ORD.pdf ; https://www7.mississauga.ca/Departments/PB/OfficialDocs/OLT-22-004548-JAN-10-2024-ORD.pdf ; https://sajeckiplanning.squarespace.com/projects/30-eglinton-avenue-west ; https://toronto.skyrisecities.com/database/projects/30-eglinton-avenue-west.48013"
"63-6216","city-group-50","30 Eglinton Avenue West","inventory73-status","Proposed","OLT zoning approval; earlier tall source design superseded","Exclude superseded geometry","Not separately specified","false","true","false","false","The May 25, 2026 OLT order corrects the January 10, 2024 final zoning order only to retain interim office/commercial uses. Its attached Schedule RA5-62 sets zoning envelopes A4: 29 storeys / 93.5 m; B: 36 storeys / 113.1 m; C4: 31 storeys / 100 m. These are zoning limits, not architectural tower counts. Sajecki Planning and UrbanToronto describe the revised architectural proposal as 28, 32 and 34 storeys. The City inventory still carries the older 45/45/37-storey description; source tower fields 141.4, 142.9 and 117.8 m belong to that taller version. Exclude its complete eight-component future assembly until current architectural geometry is sourced. Existing office and heritage context remain.","https://www7.mississauga.ca/Departments/PB/OfficialDocs/OLT-22-004548-MAY-25-2026-ORD.pdf ; https://www7.mississauga.ca/Departments/PB/OfficialDocs/OLT-22-004548-JAN-10-2024-ORD.pdf ; https://sajeckiplanning.squarespace.com/projects/30-eglinton-avenue-west ; https://toronto.skyrisecities.com/database/projects/30-eglinton-avenue-west.48013"
"63-6217","city-group-50","30 Eglinton Avenue West","inventory73-status","Proposed","OLT zoning approval; earlier tall source design superseded","Exclude superseded geometry","Not separately specified","false","true","false","false","The May 25, 2026 OLT order corrects the January 10, 2024 final zoning order only to retain interim office/commercial uses. Its attached Schedule RA5-62 sets zoning envelopes A4: 29 storeys / 93.5 m; B: 36 storeys / 113.1 m; C4: 31 storeys / 100 m. These are zoning limits, not architectural tower counts. Sajecki Planning and UrbanToronto describe the revised architectural proposal as 28, 32 and 34 storeys. The City inventory still carries the older 45/45/37-storey description; source tower fields 141.4, 142.9 and 117.8 m belong to that taller version. Exclude its complete eight-component future assembly until current architectural geometry is sourced. Existing office and heritage context remain.","https://www7.mississauga.ca/Departments/PB/OfficialDocs/OLT-22-004548-MAY-25-2026-ORD.pdf ; https://www7.mississauga.ca/Departments/PB/OfficialDocs/OLT-22-004548-JAN-10-2024-ORD.pdf ; https://sajeckiplanning.squarespace.com/projects/30-eglinton-avenue-west ; https://toronto.skyrisecities.com/database/projects/30-eglinton-avenue-west.48013"
"63-6218","city-group-50","30 Eglinton Avenue West","inventory73-status","Proposed","OLT zoning approval; earlier tall source design superseded","Exclude superseded geometry","Not separately specified","false","true","false","false","The May 25, 2026 OLT order corrects the January 10, 2024 final zoning order only to retain interim office/commercial uses. Its attached Schedule RA5-62 sets zoning envelopes A4: 29 storeys / 93.5 m; B: 36 storeys / 113.1 m; C4: 31 storeys / 100 m. These are zoning limits, not architectural tower counts. Sajecki Planning and UrbanToronto describe the revised architectural proposal as 28, 32 and 34 storeys. The City inventory still carries the older 45/45/37-storey description; source tower fields 141.4, 142.9 and 117.8 m belong to that taller version. Exclude its complete eight-component future assembly until current architectural geometry is sourced. Existing office and heritage context remain.","https://www7.mississauga.ca/Departments/PB/OfficialDocs/OLT-22-004548-MAY-25-2026-ORD.pdf ; https://www7.mississauga.ca/Departments/PB/OfficialDocs/OLT-22-004548-JAN-10-2024-ORD.pdf ; https://sajeckiplanning.squarespace.com/projects/30-eglinton-avenue-west ; https://toronto.skyrisecities.com/database/projects/30-eglinton-avenue-west.48013"
"72-6127","kirwin-3016","3016–3034 Kirwin Avenue / Little John Lane","citywide","Proposed","Application retained in June 2026 pipeline","Retain source massing with cited caveat","Not separately specified","true","false","false","false","Address changes do not imply a new project. Exact OZ 21-5 identity matches the City mesh; detailed architectural currency remains unverified.","https://services6.arcgis.com/hM5ymMLbxIyWTjn2/arcgis/rest/services/Growth_Management_%E2%80%93_Active_Development_Applications/FeatureServer/0/query?where=OBJECTID%3D144&outFields=*&outSR=4326&f=pjson ; https://peelregion.ca/sites/default/files/2024-10/kirwin-ave-EA-appendix-K-contact-list-project-notifications.pdf"
"72-6114","hurontario-3085","3085 Hurontario Street","citywide","Proposed","Under review","Retain source massing with cited caveat","Not separately specified","true","false","false","false","Address coordinates are approximate map pins. City snapshot meshes are source massing, not construction drawings; latest approvals and final detailed architecture may differ.","https://www.mississauga.ca/services-and-programs/planning-and-development/development-applications/active-development-applications/3085-hurontario-street-oz-opa-21-11-w7/ ; https://urbantoronto.ca/forum/threads/toronto-3085-hurontario-street-131-9m-39s-mattamy-homes-3xn.32690/page-3"
"72-6116","hurontario-3085","3085 Hurontario Street","citywide","Proposed","Under review","Retain source massing with cited caveat","Not separately specified","true","false","false","false","Address coordinates are approximate map pins. City snapshot meshes are source massing, not construction drawings; latest approvals and final detailed architecture may differ.","https://www.mississauga.ca/services-and-programs/planning-and-development/development-applications/active-development-applications/3085-hurontario-street-oz-opa-21-11-w7/ ; https://urbantoronto.ca/forum/threads/toronto-3085-hurontario-street-131-9m-39s-mattamy-homes-3xn.32690/page-3"
"72-6117","hurontario-3085","3085 Hurontario Street","citywide","Proposed","Under review","Retain source massing with cited caveat","Not separately specified","true","false","false","false","Address coordinates are approximate map pins. City snapshot meshes are source massing, not construction drawings; latest approvals and final detailed architecture may differ.","https://www.mississauga.ca/services-and-programs/planning-and-development/development-applications/active-development-applications/3085-hurontario-street-oz-opa-21-11-w7/ ; https://urbantoronto.ca/forum/threads/toronto-3085-hurontario-street-131-9m-39s-mattamy-homes-3xn.32690/page-3"
"72-6119","hurontario-3085","3085 Hurontario Street","citywide","Proposed","Under review","Retain source massing with cited caveat","Not separately specified","true","false","false","false","Address coordinates are approximate map pins. City snapshot meshes are source massing, not construction drawings; latest approvals and final detailed architecture may differ.","https://www.mississauga.ca/services-and-programs/planning-and-development/development-applications/active-development-applications/3085-hurontario-street-oz-opa-21-11-w7/ ; https://urbantoronto.ca/forum/threads/toronto-3085-hurontario-street-131-9m-39s-mattamy-homes-3xn.32690/page-3"
"72-6120","hurontario-3085","3085 Hurontario Street","citywide","Proposed","Under review","Retain source massing with cited caveat","Not separately specified","true","false","false","false","Address coordinates are approximate map pins. City snapshot meshes are source massing, not construction drawings; latest approvals and final detailed architecture may differ.","https://www.mississauga.ca/services-and-programs/planning-and-development/development-applications/active-development-applications/3085-hurontario-street-oz-opa-21-11-w7/ ; https://urbantoronto.ca/forum/threads/toronto-3085-hurontario-street-131-9m-39s-mattamy-homes-3xn.32690/page-3"
"72-6121","hurontario-3085","3085 Hurontario Street","citywide","Proposed","Under review","Retain source massing with cited caveat","Not separately specified","true","false","false","false","Address coordinates are approximate map pins. City snapshot meshes are source massing, not construction drawings; latest approvals and final detailed architecture may differ.","https://www.mississauga.ca/services-and-programs/planning-and-development/development-applications/active-development-applications/3085-hurontario-street-oz-opa-21-11-w7/ ; https://urbantoronto.ca/forum/threads/toronto-3085-hurontario-street-131-9m-39s-mattamy-homes-3xn.32690/page-3"
"72-6122","hurontario-3085","3085 Hurontario Street","citywide","Proposed","Under review","Retain source massing with cited caveat","Not separately specified","true","false","false","false","Address coordinates are approximate map pins. City snapshot meshes are source massing, not construction drawings; latest approvals and final detailed architecture may differ.","https://www.mississauga.ca/services-and-programs/planning-and-development/development-applications/active-development-applications/3085-hurontario-street-oz-opa-21-11-w7/ ; https://urbantoronto.ca/forum/threads/toronto-3085-hurontario-street-131-9m-39s-mattamy-homes-3xn.32690/page-3"
"72-6123","hurontario-3085","3085 Hurontario Street","citywide","Proposed","Under review","Retain source massing with cited caveat","Not separately specified","true","false","false","false","Address coordinates are approximate map pins. City snapshot meshes are source massing, not construction drawings; latest approvals and final detailed architecture may differ.","https://www.mississauga.ca/services-and-programs/planning-and-development/development-applications/active-development-applications/3085-hurontario-street-oz-opa-21-11-w7/ ; https://urbantoronto.ca/forum/threads/toronto-3085-hurontario-street-131-9m-39s-mattamy-homes-3xn.32690/page-3"
"72-6124","hurontario-3085","3085 Hurontario Street","citywide","Proposed","Under review","Retain source massing with cited caveat","Not separately specified","true","false","false","false","Address coordinates are approximate map pins. City snapshot meshes are source massing, not construction drawings; latest approvals and final detailed architecture may differ.","https://www.mississauga.ca/services-and-programs/planning-and-development/development-applications/active-development-applications/3085-hurontario-street-oz-opa-21-11-w7/ ; https://urbantoronto.ca/forum/threads/toronto-3085-hurontario-street-131-9m-39s-mattamy-homes-3xn.32690/page-3"
"72-6125","hurontario-3085","3085 Hurontario Street","citywide","Proposed","Under review","Retain source massing with cited caveat","Not separately specified","true","false","false","false","Address coordinates are approximate map pins. City snapshot meshes are source massing, not construction drawings; latest approvals and final detailed architecture may differ.","https://www.mississauga.ca/services-and-programs/planning-and-development/development-applications/active-development-applications/3085-hurontario-street-oz-opa-21-11-w7/ ; https://urbantoronto.ca/forum/threads/toronto-3085-hurontario-street-131-9m-39s-mattamy-homes-3xn.32690/page-3"
"72-6126","hurontario-3085","3085 Hurontario Street","citywide","Proposed","Under review","Retain source massing with cited caveat","Not separately specified","true","false","false","false","Address coordinates are approximate map pins. City snapshot meshes are source massing, not construction drawings; latest approvals and final detailed architecture may differ.","https://www.mississauga.ca/services-and-programs/planning-and-development/development-applications/active-development-applications/3085-hurontario-street-oz-opa-21-11-w7/ ; https://urbantoronto.ca/forum/threads/toronto-3085-hurontario-street-131-9m-39s-mattamy-homes-3xn.32690/page-3"
"71-6177","city-group-133","3111 & 3123 Cawthra Rd.","group-status","Proposed","Under construction / phased move-in; actual completion unverified","Retain source massing with cited caveat","Not separately specified","true","false","false","false","Official Kingridge page says construction underway and mid-2026 move-in. Current secondary portal says complete; exact actual handover unverified. City 2025 permits at 3111 Cawthra and Front Royal support phase identity.","https://www.kingridgedevelopments.ca/current-projects ; https://liqwd.ca/projects/cawthra-road-towns-64f0c2 ; https://services6.arcgis.com/hM5ymMLbxIyWTjn2/arcgis/rest/services/Growth_Management_%E2%80%93_Issued_Building_Permits/FeatureServer/0/query?f=json&geometry=%7B%22x%22%3A+-79.6027937693409%2C+%22y%22%3A+43.597559045815025%2C+%22spatialReference%22%3A+%7B%22wkid%22%3A+4326%7D%7D&geometryType=esriGeometryPoint&inSR=4326&spatialRel=esriSpatialRelIntersects&distance=90&units=esriSRUnit_Meter&outFields=BuildingPermitNumber%2CIssuedDate%2CBuildingPermitType%2CBuildingPermitScope%2CAddress%2CApprovedUse%2CResidentialUnits%2CNonResidentialGFA_m2&outSR=4326&returnGeometry=true"
"71-6178","city-group-133","3111 & 3123 Cawthra Rd.","group-status","Proposed","Under construction / phased move-in; actual completion unverified","Retain source massing with cited caveat","Not separately specified","true","false","false","false","Official Kingridge page says construction underway and mid-2026 move-in. Current secondary portal says complete; exact actual handover unverified. City 2025 permits at 3111 Cawthra and Front Royal support phase identity.","https://www.kingridgedevelopments.ca/current-projects ; https://liqwd.ca/projects/cawthra-road-towns-64f0c2 ; https://services6.arcgis.com/hM5ymMLbxIyWTjn2/arcgis/rest/services/Growth_Management_%E2%80%93_Issued_Building_Permits/FeatureServer/0/query?f=json&geometry=%7B%22x%22%3A+-79.6027937693409%2C+%22y%22%3A+43.597559045815025%2C+%22spatialReference%22%3A+%7B%22wkid%22%3A+4326%7D%7D&geometryType=esriGeometryPoint&inSR=4326&spatialRel=esriSpatialRelIntersects&distance=90&units=esriSRUnit_Meter&outFields=BuildingPermitNumber%2CIssuedDate%2CBuildingPermitType%2CBuildingPermitScope%2CAddress%2CApprovedUse%2CResidentialUnits%2CNonResidentialGFA_m2&outSR=4326&returnGeometry=true"
"71-6179","city-group-133","3111 & 3123 Cawthra Rd.","group-status","Proposed","Under construction / phased move-in; actual completion unverified","Retain source massing with cited caveat","Not separately specified","true","false","false","false","Official Kingridge page says construction underway and mid-2026 move-in. Current secondary portal says complete; exact actual handover unverified. City 2025 permits at 3111 Cawthra and Front Royal support phase identity.","https://www.kingridgedevelopments.ca/current-projects ; https://liqwd.ca/projects/cawthra-road-towns-64f0c2 ; https://services6.arcgis.com/hM5ymMLbxIyWTjn2/arcgis/rest/services/Growth_Management_%E2%80%93_Issued_Building_Permits/FeatureServer/0/query?f=json&geometry=%7B%22x%22%3A+-79.6027937693409%2C+%22y%22%3A+43.597559045815025%2C+%22spatialReference%22%3A+%7B%22wkid%22%3A+4326%7D%7D&geometryType=esriGeometryPoint&inSR=4326&spatialRel=esriSpatialRelIntersects&distance=90&units=esriSRUnit_Meter&outFields=BuildingPermitNumber%2CIssuedDate%2CBuildingPermitType%2CBuildingPermitScope%2CAddress%2CApprovedUse%2CResidentialUnits%2CNonResidentialGFA_m2&outSR=4326&returnGeometry=true"
"71-6180","city-group-133","3111 & 3123 Cawthra Rd.","group-status","Proposed","Under construction / phased move-in; actual completion unverified","Retain source massing with cited caveat","Not separately specified","true","false","false","false","Official Kingridge page says construction underway and mid-2026 move-in. Current secondary portal says complete; exact actual handover unverified. City 2025 permits at 3111 Cawthra and Front Royal support phase identity.","https://www.kingridgedevelopments.ca/current-projects ; https://liqwd.ca/projects/cawthra-road-towns-64f0c2 ; https://services6.arcgis.com/hM5ymMLbxIyWTjn2/arcgis/rest/services/Growth_Management_%E2%80%93_Issued_Building_Permits/FeatureServer/0/query?f=json&geometry=%7B%22x%22%3A+-79.6027937693409%2C+%22y%22%3A+43.597559045815025%2C+%22spatialReference%22%3A+%7B%22wkid%22%3A+4326%7D%7D&geometryType=esriGeometryPoint&inSR=4326&spatialRel=esriSpatialRelIntersects&distance=90&units=esriSRUnit_Meter&outFields=BuildingPermitNumber%2CIssuedDate%2CBuildingPermitType%2CBuildingPermitScope%2CAddress%2CApprovedUse%2CResidentialUnits%2CNonResidentialGFA_m2&outSR=4326&returnGeometry=true"
"71-6181","city-group-133","3111 & 3123 Cawthra Rd.","group-status","Proposed","Under construction / phased move-in; actual completion unverified","Retain source massing with cited caveat","Not separately specified","true","false","false","false","Official Kingridge page says construction underway and mid-2026 move-in. Current secondary portal says complete; exact actual handover unverified. City 2025 permits at 3111 Cawthra and Front Royal support phase identity.","https://www.kingridgedevelopments.ca/current-projects ; https://liqwd.ca/projects/cawthra-road-towns-64f0c2 ; https://services6.arcgis.com/hM5ymMLbxIyWTjn2/arcgis/rest/services/Growth_Management_%E2%80%93_Issued_Building_Permits/FeatureServer/0/query?f=json&geometry=%7B%22x%22%3A+-79.6027937693409%2C+%22y%22%3A+43.597559045815025%2C+%22spatialReference%22%3A+%7B%22wkid%22%3A+4326%7D%7D&geometryType=esriGeometryPoint&inSR=4326&spatialRel=esriSpatialRelIntersects&distance=90&units=esriSRUnit_Meter&outFields=BuildingPermitNumber%2CIssuedDate%2CBuildingPermitType%2CBuildingPermitScope%2CAddress%2CApprovedUse%2CResidentialUnits%2CNonResidentialGFA_m2&outSR=4326&returnGeometry=true"
"71-6182","city-group-133","3111 & 3123 Cawthra Rd.","group-status","Proposed","Under construction / phased move-in; actual completion unverified","Retain source massing with cited caveat","Not separately specified","true","false","false","false","Official Kingridge page says construction underway and mid-2026 move-in. Current secondary portal says complete; exact actual handover unverified. City 2025 permits at 3111 Cawthra and Front Royal support phase identity.","https://www.kingridgedevelopments.ca/current-projects ; https://liqwd.ca/projects/cawthra-road-towns-64f0c2 ; https://services6.arcgis.com/hM5ymMLbxIyWTjn2/arcgis/rest/services/Growth_Management_%E2%80%93_Issued_Building_Permits/FeatureServer/0/query?f=json&geometry=%7B%22x%22%3A+-79.6027937693409%2C+%22y%22%3A+43.597559045815025%2C+%22spatialReference%22%3A+%7B%22wkid%22%3A+4326%7D%7D&geometryType=esriGeometryPoint&inSR=4326&spatialRel=esriSpatialRelIntersects&distance=90&units=esriSRUnit_Meter&outFields=BuildingPermitNumber%2CIssuedDate%2CBuildingPermitType%2CBuildingPermitScope%2CAddress%2CApprovedUse%2CResidentialUnits%2CNonResidentialGFA_m2&outSR=4326&returnGeometry=true"
"71-6183","city-group-133","3111 & 3123 Cawthra Rd.","group-status","Proposed","Under construction / phased move-in; actual completion unverified","Retain source massing with cited caveat","Not separately specified","true","false","false","false","Official Kingridge page says construction underway and mid-2026 move-in. Current secondary portal says complete; exact actual handover unverified. City 2025 permits at 3111 Cawthra and Front Royal support phase identity.","https://www.kingridgedevelopments.ca/current-projects ; https://liqwd.ca/projects/cawthra-road-towns-64f0c2 ; https://services6.arcgis.com/hM5ymMLbxIyWTjn2/arcgis/rest/services/Growth_Management_%E2%80%93_Issued_Building_Permits/FeatureServer/0/query?f=json&geometry=%7B%22x%22%3A+-79.6027937693409%2C+%22y%22%3A+43.597559045815025%2C+%22spatialReference%22%3A+%7B%22wkid%22%3A+4326%7D%7D&geometryType=esriGeometryPoint&inSR=4326&spatialRel=esriSpatialRelIntersects&distance=90&units=esriSRUnit_Meter&outFields=BuildingPermitNumber%2CIssuedDate%2CBuildingPermitType%2CBuildingPermitScope%2CAddress%2CApprovedUse%2CResidentialUnits%2CNonResidentialGFA_m2&outSR=4326&returnGeometry=true"
"71-6184","city-group-133","3111 & 3123 Cawthra Rd.","group-status","Proposed","Under construction / phased move-in; actual completion unverified","Retain source massing with cited caveat","Not separately specified","true","false","false","false","Official Kingridge page says construction underway and mid-2026 move-in. Current secondary portal says complete; exact actual handover unverified. City 2025 permits at 3111 Cawthra and Front Royal support phase identity.","https://www.kingridgedevelopments.ca/current-projects ; https://liqwd.ca/projects/cawthra-road-towns-64f0c2 ; https://services6.arcgis.com/hM5ymMLbxIyWTjn2/arcgis/rest/services/Growth_Management_%E2%80%93_Issued_Building_Permits/FeatureServer/0/query?f=json&geometry=%7B%22x%22%3A+-79.6027937693409%2C+%22y%22%3A+43.597559045815025%2C+%22spatialReference%22%3A+%7B%22wkid%22%3A+4326%7D%7D&geometryType=esriGeometryPoint&inSR=4326&spatialRel=esriSpatialRelIntersects&distance=90&units=esriSRUnit_Meter&outFields=BuildingPermitNumber%2CIssuedDate%2CBuildingPermitType%2CBuildingPermitScope%2CAddress%2CApprovedUse%2CResidentialUnits%2CNonResidentialGFA_m2&outSR=4326&returnGeometry=true"
"72-6112","hurontario-3115","3115 Hurontario / Dam residential tower","citywide","Proposed","Under review","Retain source massing with cited caveat","Not separately specified","true","false","false","false","Address coordinates are approximate map pins. City snapshot meshes are source massing, not construction drawings; latest approvals and final detailed architecture may differ. Floor-count convention excludes the mechanical penthouse from occupied-storey total; 133 m City massing is not proof of full latest architectural fidelity.","https://www.mississauga.ca/services-and-programs/planning-and-development/development-applications/active-development-applications/3115-hurontario-street-oz-opa-22-24-w7/ ; https://urbantoronto.ca/database/projects/3115-hurontario-street.50337 ; https://www.mississauga.ca/wp-content/uploads/2026/03/25130055/Context-Plan-Project-Statistics-OZ-OPA-22-24-W7-March-2026.pdf ; https://www.mississauga.ca/wp-content/uploads/2026/03/25130050/Building-Elevations-North-East-OZ-OPA-22-24-W7-March-2026.pdf"
"72-6113","hurontario-3115","3115 Hurontario / Dam residential tower","citywide","Proposed","Under review","Retain source massing with cited caveat","Not separately specified","true","false","false","false","Address coordinates are approximate map pins. City snapshot meshes are source massing, not construction drawings; latest approvals and final detailed architecture may differ. Floor-count convention excludes the mechanical penthouse from occupied-storey total; 133 m City massing is not proof of full latest architectural fidelity.","https://www.mississauga.ca/services-and-programs/planning-and-development/development-applications/active-development-applications/3115-hurontario-street-oz-opa-22-24-w7/ ; https://urbantoronto.ca/database/projects/3115-hurontario-street.50337 ; https://www.mississauga.ca/wp-content/uploads/2026/03/25130055/Context-Plan-Project-Statistics-OZ-OPA-22-24-W7-March-2026.pdf ; https://www.mississauga.ca/wp-content/uploads/2026/03/25130050/Building-Elevations-North-East-OZ-OPA-22-24-W7-March-2026.pdf"
"72-6115","hurontario-3115","3115 Hurontario / Dam residential tower","citywide","Proposed","Under review","Retain source massing with cited caveat","Not separately specified","true","false","false","false","Address coordinates are approximate map pins. City snapshot meshes are source massing, not construction drawings; latest approvals and final detailed architecture may differ. Floor-count convention excludes the mechanical penthouse from occupied-storey total; 133 m City massing is not proof of full latest architectural fidelity.","https://www.mississauga.ca/services-and-programs/planning-and-development/development-applications/active-development-applications/3115-hurontario-street-oz-opa-22-24-w7/ ; https://urbantoronto.ca/database/projects/3115-hurontario-street.50337 ; https://www.mississauga.ca/wp-content/uploads/2026/03/25130055/Context-Plan-Project-Statistics-OZ-OPA-22-24-W7-March-2026.pdf ; https://www.mississauga.ca/wp-content/uploads/2026/03/25130050/Building-Elevations-North-East-OZ-OPA-22-24-W7-March-2026.pdf"
"72-6118","hurontario-3115","3115 Hurontario / Dam residential tower","citywide","Proposed","Under review","Retain source massing with cited caveat","Not separately specified","true","false","false","false","Address coordinates are approximate map pins. City snapshot meshes are source massing, not construction drawings; latest approvals and final detailed architecture may differ. Floor-count convention excludes the mechanical penthouse from occupied-storey total; 133 m City massing is not proof of full latest architectural fidelity.","https://www.mississauga.ca/services-and-programs/planning-and-development/development-applications/active-development-applications/3115-hurontario-street-oz-opa-22-24-w7/ ; https://urbantoronto.ca/database/projects/3115-hurontario-street.50337 ; https://www.mississauga.ca/wp-content/uploads/2026/03/25130055/Context-Plan-Project-Statistics-OZ-OPA-22-24-W7-March-2026.pdf ; https://www.mississauga.ca/wp-content/uploads/2026/03/25130050/Building-Elevations-North-East-OZ-OPA-22-24-W7-March-2026.pdf"
"63-6175","325-burnhamthorpe","325 Burnhamthorpe Road West /YMCA lands","downtown","Proposed","proposed","Retain source massing with cited caveat","false","true","false","false","false","No later authoritative evidence of cancellation or replacement found. Retain as proposed source geometry with date and uncertainty visible.","https://www.mississauga.ca/publication/opa-21-21-w4-325-burnhamthorpe-road-west/ ; https://www.mississauga.ca/wp-content/uploads/2022/03/07173622/W4_325_Planning_Opinion_Letter_Feb2022.pdf ; https://www.skyscrapercenter.com/complex/5850 ; https://urbantoronto.ca/news/2026/03/mississauga-offers-vision-living-arts-centre-precinct-redevelopment.60529"
"63-6176","325-burnhamthorpe","325 Burnhamthorpe Road West /YMCA lands","downtown","Proposed","proposed","Retain source massing with cited caveat","false","true","false","false","false","No later authoritative evidence of cancellation or replacement found. Retain as proposed source geometry with date and uncertainty visible.","https://www.mississauga.ca/publication/opa-21-21-w4-325-burnhamthorpe-road-west/ ; https://www.mississauga.ca/wp-content/uploads/2022/03/07173622/W4_325_Planning_Opinion_Letter_Feb2022.pdf ; https://www.skyscrapercenter.com/complex/5850 ; https://urbantoronto.ca/news/2026/03/mississauga-offers-vision-living-arts-centre-precinct-redevelopment.60529"
"63-6177","325-burnhamthorpe","325 Burnhamthorpe Road West /YMCA lands","downtown","Proposed","proposed","Retain source massing with cited caveat","false","true","false","false","false","No later authoritative evidence of cancellation or replacement found. Retain as proposed source geometry with date and uncertainty visible.","https://www.mississauga.ca/publication/opa-21-21-w4-325-burnhamthorpe-road-west/ ; https://www.mississauga.ca/wp-content/uploads/2022/03/07173622/W4_325_Planning_Opinion_Letter_Feb2022.pdf ; https://www.skyscrapercenter.com/complex/5850 ; https://urbantoronto.ca/news/2026/03/mississauga-offers-vision-living-arts-centre-precinct-redevelopment.60529"
"63-6178","325-burnhamthorpe","325 Burnhamthorpe Road West /YMCA lands","downtown","Proposed","proposed","Retain source massing with cited caveat","false","true","false","false","false","No later authoritative evidence of cancellation or replacement found. Retain as proposed source geometry with date and uncertainty visible.","https://www.mississauga.ca/publication/opa-21-21-w4-325-burnhamthorpe-road-west/ ; https://www.mississauga.ca/wp-content/uploads/2022/03/07173622/W4_325_Planning_Opinion_Letter_Feb2022.pdf ; https://www.skyscrapercenter.com/complex/5850 ; https://urbantoronto.ca/news/2026/03/mississauga-offers-vision-living-arts-centre-precinct-redevelopment.60529"
"63-6179","325-burnhamthorpe","325 Burnhamthorpe Road West /YMCA lands","downtown","Proposed","proposed","Retain source massing with cited caveat","false","true","false","false","false","No later authoritative evidence of cancellation or replacement found. Retain as proposed source geometry with date and uncertainty visible.","https://www.mississauga.ca/publication/opa-21-21-w4-325-burnhamthorpe-road-west/ ; https://www.mississauga.ca/wp-content/uploads/2022/03/07173622/W4_325_Planning_Opinion_Letter_Feb2022.pdf ; https://www.skyscrapercenter.com/complex/5850 ; https://urbantoronto.ca/news/2026/03/mississauga-offers-vision-living-arts-centre-precinct-redevelopment.60529"
"63-6180","325-burnhamthorpe","325 Burnhamthorpe Road West /YMCA lands","downtown","Proposed","proposed","Retain source massing with cited caveat","false","true","false","false","false","No later authoritative evidence of cancellation or replacement found. Retain as proposed source geometry with date and uncertainty visible.","https://www.mississauga.ca/publication/opa-21-21-w4-325-burnhamthorpe-road-west/ ; https://www.mississauga.ca/wp-content/uploads/2022/03/07173622/W4_325_Planning_Opinion_Letter_Feb2022.pdf ; https://www.skyscrapercenter.com/complex/5850 ; https://urbantoronto.ca/news/2026/03/mississauga-offers-vision-living-arts-centre-precinct-redevelopment.60529"
"63-6181","325-burnhamthorpe","325 Burnhamthorpe Road West /YMCA lands","downtown","Proposed","proposed","Retain source massing with cited caveat","false","true","false","false","false","No later authoritative evidence of cancellation or replacement found. Retain as proposed source geometry with date and uncertainty visible.","https://www.mississauga.ca/publication/opa-21-21-w4-325-burnhamthorpe-road-west/ ; https://www.mississauga.ca/wp-content/uploads/2022/03/07173622/W4_325_Planning_Opinion_Letter_Feb2022.pdf ; https://www.skyscrapercenter.com/complex/5850 ; https://urbantoronto.ca/news/2026/03/mississauga-offers-vision-living-arts-centre-precinct-redevelopment.60529"
"63-6182","325-burnhamthorpe","325 Burnhamthorpe Road West /YMCA lands","downtown","Proposed","proposed","Retain source massing with cited caveat","false","true","false","false","false","No later authoritative evidence of cancellation or replacement found. Retain as proposed source geometry with date and uncertainty visible.","https://www.mississauga.ca/publication/opa-21-21-w4-325-burnhamthorpe-road-west/ ; https://www.mississauga.ca/wp-content/uploads/2022/03/07173622/W4_325_Planning_Opinion_Letter_Feb2022.pdf ; https://www.skyscrapercenter.com/complex/5850 ; https://urbantoronto.ca/news/2026/03/mississauga-offers-vision-living-arts-centre-precinct-redevelopment.60529"
"63-6183","325-burnhamthorpe","325 Burnhamthorpe Road West /YMCA lands","downtown","Proposed","proposed","Retain source massing with cited caveat","false","true","false","false","false","No later authoritative evidence of cancellation or replacement found. Retain as proposed source geometry with date and uncertainty visible.","https://www.mississauga.ca/publication/opa-21-21-w4-325-burnhamthorpe-road-west/ ; https://www.mississauga.ca/wp-content/uploads/2022/03/07173622/W4_325_Planning_Opinion_Letter_Feb2022.pdf ; https://www.skyscrapercenter.com/complex/5850 ; https://urbantoronto.ca/news/2026/03/mississauga-offers-vision-living-arts-centre-precinct-redevelopment.60529"
"63-6184","325-burnhamthorpe","325 Burnhamthorpe Road West /YMCA lands","downtown","Proposed","proposed","Retain source massing with cited caveat","false","true","false","false","false","No later authoritative evidence of cancellation or replacement found. Retain as proposed source geometry with date and uncertainty visible.","https://www.mississauga.ca/publication/opa-21-21-w4-325-burnhamthorpe-road-west/ ; https://www.mississauga.ca/wp-content/uploads/2022/03/07173622/W4_325_Planning_Opinion_Letter_Feb2022.pdf ; https://www.skyscrapercenter.com/complex/5850 ; https://urbantoronto.ca/news/2026/03/mississauga-offers-vision-living-arts-centre-precinct-redevelopment.60529"
"63-6185","325-burnhamthorpe","325 Burnhamthorpe Road West /YMCA lands","downtown","Proposed","proposed","Retain source massing with cited caveat","false","true","false","false","false","No later authoritative evidence of cancellation or replacement found. Retain as proposed source geometry with date and uncertainty visible.","https://www.mississauga.ca/publication/opa-21-21-w4-325-burnhamthorpe-road-west/ ; https://www.mississauga.ca/wp-content/uploads/2022/03/07173622/W4_325_Planning_Opinion_Letter_Feb2022.pdf ; https://www.skyscrapercenter.com/complex/5850 ; https://urbantoronto.ca/news/2026/03/mississauga-offers-vision-living-arts-centre-precinct-redevelopment.60529"
"63-6186","325-burnhamthorpe","325 Burnhamthorpe Road West /YMCA lands","downtown","Proposed","proposed","Retain source massing with cited caveat","false","true","false","false","false","No later authoritative evidence of cancellation or replacement found. Retain as proposed source geometry with date and uncertainty visible.","https://www.mississauga.ca/publication/opa-21-21-w4-325-burnhamthorpe-road-west/ ; https://www.mississauga.ca/wp-content/uploads/2022/03/07173622/W4_325_Planning_Opinion_Letter_Feb2022.pdf ; https://www.skyscrapercenter.com/complex/5850 ; https://urbantoronto.ca/news/2026/03/mississauga-offers-vision-living-arts-centre-precinct-redevelopment.60529"
"63-6187","325-burnhamthorpe","325 Burnhamthorpe Road West /YMCA lands","downtown","Proposed","proposed","Retain source massing with cited caveat","false","true","false","false","false","No later authoritative evidence of cancellation or replacement found. Retain as proposed source geometry with date and uncertainty visible.","https://www.mississauga.ca/publication/opa-21-21-w4-325-burnhamthorpe-road-west/ ; https://www.mississauga.ca/wp-content/uploads/2022/03/07173622/W4_325_Planning_Opinion_Letter_Feb2022.pdf ; https://www.skyscrapercenter.com/complex/5850 ; https://urbantoronto.ca/news/2026/03/mississauga-offers-vision-living-arts-centre-precinct-redevelopment.60529"
"63-6188","325-burnhamthorpe","325 Burnhamthorpe Road West /YMCA lands","downtown","Proposed","proposed","Retain source massing with cited caveat","false","true","false","false","false","No later authoritative evidence of cancellation or replacement found. Retain as proposed source geometry with date and uncertainty visible.","https://www.mississauga.ca/publication/opa-21-21-w4-325-burnhamthorpe-road-west/ ; https://www.mississauga.ca/wp-content/uploads/2022/03/07173622/W4_325_Planning_Opinion_Letter_Feb2022.pdf ; https://www.skyscrapercenter.com/complex/5850 ; https://urbantoronto.ca/news/2026/03/mississauga-offers-vision-living-arts-centre-precinct-redevelopment.60529"
"101-4563","city-group-173","329 North Service Rd.","inventory73-status","Proposed","Application retained; current construction and completion unverified","Retain source massing with cited caveat","Not separately specified","true","false","false","false","2022 City adjustment comments concern the proposed gas station/convenience/drive-through. The pre-existing car-repair operation does not establish this replacement complete.","https://services6.arcgis.com/hM5ymMLbxIyWTjn2/arcgis/rest/services/Growth_Management_%E2%80%93_Active_Development_Applications/FeatureServer/0/query?where=OBJECTID%3D28&outFields=*&outSR=4326&f=pjson ; https://pub-mississauga.escribemeetings.com/filestream.ashx?DocumentId=23930"
"22-14226","city-group-60","333 Matheson Blvd. West","inventory73-status","Proposed","Application retained; current construction and completion unverified","Retain source massing with cited caveat","Not separately specified","true","false","false","false","Current job/business listings at the established 333 Matheson address do not establish that the industrial addition was completed. No exact addition completion evidence found.","https://services6.arcgis.com/hM5ymMLbxIyWTjn2/arcgis/rest/services/Growth_Management_%E2%80%93_Active_Development_Applications/FeatureServer/0/query?where=OBJECTID%3D101&outFields=*&outSR=4326&f=pjson"
"62-5930","city-group-6","3350 Wolfedale Road","inventory73-status","Proposed","Application retained; current construction and completion unverified","Retain source massing with cited caveat","Not separately specified","true","false","false","false","Correct exact application address is 3350 Wolfedale, not source name 3550. Owner describes the existing 1989 building; Clutch operation and prior baseball occupancy do not certify the proposed replacement warehouse.","https://services6.arcgis.com/hM5ymMLbxIyWTjn2/arcgis/rest/services/Growth_Management_%E2%80%93_Active_Development_Applications/FeatureServer/0/query?where=OBJECTID%3D108&outFields=*&outSR=4326&f=pjson ; https://nicolawealth.com/real-estate/our-properties/3350-wolfedale ; https://www.objbaseball.com/news/press-release"
"72-6168","city-group-91","3355 Hurontario St.","inventory73-status","Proposed","Application retained; current construction and completion unverified","Retain source massing with cited caveat","Not separately specified","true","false","false","false","City/Peel 2023 correspondence identifies the residential MZO. Existing commercial rentals at this address do not establish delivery of the two high-rise towers; current completion unknown.","https://services6.arcgis.com/hM5ymMLbxIyWTjn2/arcgis/rest/services/Growth_Management_%E2%80%93_Active_Development_Applications/FeatureServer/0/query?where=OBJECTID%3D48&outFields=*&outSR=4326&f=pjson ; https://pub-peelregion.escribemeetings.com/filestream.ashx?DocumentId=31473 ; https://kaneff.com/commercial/"
"72-6169","city-group-91","3355 Hurontario St.","inventory73-status","Proposed","Application retained; current construction and completion unverified","Retain source massing with cited caveat","Not separately specified","true","false","false","false","City/Peel 2023 correspondence identifies the residential MZO. Existing commercial rentals at this address do not establish delivery of the two high-rise towers; current completion unknown.","https://services6.arcgis.com/hM5ymMLbxIyWTjn2/arcgis/rest/services/Growth_Management_%E2%80%93_Active_Development_Applications/FeatureServer/0/query?where=OBJECTID%3D48&outFields=*&outSR=4326&f=pjson ; https://pub-peelregion.escribemeetings.com/filestream.ashx?DocumentId=31473 ; https://kaneff.com/commercial/"
"72-6170","city-group-91","3355 Hurontario St.","inventory73-status","Proposed","Application retained; current construction and completion unverified","Retain source massing with cited caveat","Not separately specified","true","false","false","false","City/Peel 2023 correspondence identifies the residential MZO. Existing commercial rentals at this address do not establish delivery of the two high-rise towers; current completion unknown.","https://services6.arcgis.com/hM5ymMLbxIyWTjn2/arcgis/rest/services/Growth_Management_%E2%80%93_Active_Development_Applications/FeatureServer/0/query?where=OBJECTID%3D48&outFields=*&outSR=4326&f=pjson ; https://pub-peelregion.escribemeetings.com/filestream.ashx?DocumentId=31473 ; https://kaneff.com/commercial/"
"63-6208","city-group-49","3420-3442 Hurontario St.","inventory73-status","Proposed","Application retained; current construction and completion unverified","Retain source massing with cited caveat","Not separately specified","true","false","false","false","Exact-site marketing retains two mixed-use towers; no dated primary start or completion evidence found. Existing retail does not establish tower delivery.","https://services6.arcgis.com/hM5ymMLbxIyWTjn2/arcgis/rest/services/Growth_Management_%E2%80%93_Active_Development_Applications/FeatureServer/0/query?where=OBJECTID%3D27&outFields=*&outSR=4326&f=pjson"
"63-6209","city-group-49","3420-3442 Hurontario St.","inventory73-status","Proposed","Application retained; current construction and completion unverified","Retain source massing with cited caveat","Not separately specified","true","false","false","false","Exact-site marketing retains two mixed-use towers; no dated primary start or completion evidence found. Existing retail does not establish tower delivery.","https://services6.arcgis.com/hM5ymMLbxIyWTjn2/arcgis/rest/services/Growth_Management_%E2%80%93_Active_Development_Applications/FeatureServer/0/query?where=OBJECTID%3D27&outFields=*&outSR=4326&f=pjson"
"63-6210","city-group-49","3420-3442 Hurontario St.","inventory73-status","Proposed","Application retained; current construction and completion unverified","Retain source massing with cited caveat","Not separately specified","true","false","false","false","Exact-site marketing retains two mixed-use towers; no dated primary start or completion evidence found. Existing retail does not establish tower delivery.","https://services6.arcgis.com/hM5ymMLbxIyWTjn2/arcgis/rest/services/Growth_Management_%E2%80%93_Active_Development_Applications/FeatureServer/0/query?where=OBJECTID%3D27&outFields=*&outSR=4326&f=pjson"
"52-5087","city-group-75","3425 Winston Churchill Blvd.","inventory73-status","Proposed","Application retained; current construction and completion unverified","Retain source massing with cited caveat","Not separately specified","true","false","false","false","2025 adjustment proceedings address this site. The longstanding Petro-Canada station/retail operation does not certify the replacement convenience store and drive-through.","https://services6.arcgis.com/hM5ymMLbxIyWTjn2/arcgis/rest/services/Growth_Management_%E2%80%93_Active_Development_Applications/FeatureServer/0/query?where=OBJECTID%3D93&outFields=*&outSR=4326&f=pjson ; https://pub-mississauga.escribemeetings.com/FileStream.ashx?DocumentId=78989"
"62-5931","city-group-7","3440 Wolfedale Rd.","inventory73-status","Proposed","Application retained; current construction and completion unverified","Retain source massing with cited caveat","Not separately specified","true","false","false","false","October 2024 City comments identify SP 22-142 as industrial expansion. Longstanding operator records at this address do not complete the addition.","https://services6.arcgis.com/hM5ymMLbxIyWTjn2/arcgis/rest/services/Growth_Management_%E2%80%93_Active_Development_Applications/FeatureServer/0/query?where=OBJECTID%3D66&outFields=*&outSR=4326&f=pjson ; https://pub-mississauga.escribemeetings.com/filestream.ashx?DocumentId=62710"
"72-6166","city-group-90","3575 Kaneff Crescent infill tower","inventory73-status","Proposed","40-storey proposal; appealed","Retain source massing with cited caveat","Not separately specified","true","false","false","false","The current City application and June 8, 2023 Turner Fleischer elevation show 40 storeys and 467 homes. Elevation A301 explicitly marks building height 123.75 m, matching source 72-6166 exactly; the 33-storey inventory description is stale. This height reaches the mechanical floor at elevation 258.10 from Floor 1 at 134.35. A further 6 m mechanical enclosure/parapet reaches 264.10, so 123.75 m is not the complete architectural tip height. Preserve the source massing, qualify its roof detail, and do not infer construction from a July 2026 chilled-water replacement certificate for the existing building.","https://www.mississauga.ca/services-and-programs/planning-and-development/development-applications/active-development-applications/3575-kaneff-crescent-oz-20-7-w4/ ; https://www.mississauga.ca/wp-content/uploads/2024/12/23110723/OPA-OZ-20-007-W4-Elevations-1-of-2-July-2023.pdf ; https://urbantoronto.ca/forum/threads/toronto-3575-kaneff-crescent-123-8m-40s-kaneff-turner-fleischer.26264/ ; https://canada.constructconnect.com/dcn/certificates-and-notices/99B335FF-38B7-4DA8-BA55-54AEED089AE3"
"72-6167","city-group-90","3575 Kaneff Crescent infill tower","inventory73-status","Proposed","40-storey proposal; appealed","Retain source massing with cited caveat","Not separately specified","true","false","false","false","The current City application and June 8, 2023 Turner Fleischer elevation show 40 storeys and 467 homes. Elevation A301 explicitly marks building height 123.75 m, matching source 72-6166 exactly; the 33-storey inventory description is stale. This height reaches the mechanical floor at elevation 258.10 from Floor 1 at 134.35. A further 6 m mechanical enclosure/parapet reaches 264.10, so 123.75 m is not the complete architectural tip height. Preserve the source massing, qualify its roof detail, and do not infer construction from a July 2026 chilled-water replacement certificate for the existing building.","https://www.mississauga.ca/services-and-programs/planning-and-development/development-applications/active-development-applications/3575-kaneff-crescent-oz-20-7-w4/ ; https://www.mississauga.ca/wp-content/uploads/2024/12/23110723/OPA-OZ-20-007-W4-Elevations-1-of-2-July-2023.pdf ; https://urbantoronto.ca/forum/threads/toronto-3575-kaneff-crescent-123-8m-40s-kaneff-turner-fleischer.26264/ ; https://canada.constructconnect.com/dcn/certificates-and-notices/99B335FF-38B7-4DA8-BA55-54AEED089AE3"
"63-6202","3600-hurontario","3600 Hurontario Street /Enfield Place II","downtown","Proposed","proposed","Retain source massing with cited caveat","false","true","false","false","false","No later authoritative evidence of cancellation or replacement found. Retain as proposed source geometry with date and uncertainty visible.","https://urbantoronto.ca/database/projects/3600-hurontario-street.49725 ; https://pub-mississauga.escribemeetings.com/filestream.ashx?DocumentId=54200"
"63-6203","3600-hurontario","3600 Hurontario Street /Enfield Place II","downtown","Proposed","proposed","Retain source massing with cited caveat","false","true","false","false","false","Related historic site name; adjacent to SP 25-3 geometry. Potential second phase or version, not a separately verified second tower. Requires site-plan reconciliation.","https://urbantoronto.ca/database/projects/3600-hurontario-street.49725 ; https://pub-mississauga.escribemeetings.com/filestream.ashx?DocumentId=54200"
"63-6204","3600-hurontario","3600 Hurontario Street /Enfield Place II","downtown","Proposed","proposed","Retain source massing with cited caveat","false","true","false","false","false","No later authoritative evidence of cancellation or replacement found. Retain as proposed source geometry with date and uncertainty visible.","https://urbantoronto.ca/database/projects/3600-hurontario-street.49725 ; https://pub-mississauga.escribemeetings.com/filestream.ashx?DocumentId=54200"
"63-6205","3600-hurontario","3600 Hurontario Street /Enfield Place II","downtown","Proposed","proposed","Retain source massing with cited caveat","false","true","false","false","false","No later authoritative evidence of cancellation or replacement found. Retain as proposed source geometry with date and uncertainty visible.","https://urbantoronto.ca/database/projects/3600-hurontario-street.49725 ; https://pub-mississauga.escribemeetings.com/filestream.ashx?DocumentId=54200"
"23-6931","city-group-0","376 & 390 Derry Rd. West","group-status","Proposed","Residential subdivision retained; 2026 site activity","Retain source massing with cited caveat","Not separately specified","true","false","false","false","Exact 376/390 Derry address and subdivision description bridge original OZ/OPA 24-2 to June 2026 SP 25 67 and H-OZ 25 3. March 30, 2026 permit at 376 Derry is only a 90 m² commercial-other building, not proof all townhomes are under construction.","https://www.mississauga.ca/wp-content/uploads/2024/03/12150904/OZ-OPA-24-2-W11-and-21T-M-24-1-W11-Notice.pdf ; https://services6.arcgis.com/hM5ymMLbxIyWTjn2/arcgis/rest/services/Growth_Management_%E2%80%93_Issued_Building_Permits/FeatureServer/0/query?f=json&geometry=%7B%22x%22%3A+-79.7140332209533%2C+%22y%22%3A+43.637168434637324%2C+%22spatialReference%22%3A+%7B%22wkid%22%3A+4326%7D%7D&geometryType=esriGeometryPoint&inSR=4326&spatialRel=esriSpatialRelIntersects&distance=90&units=esriSRUnit_Meter&outFields=BuildingPermitNumber%2CIssuedDate%2CBuildingPermitType%2CBuildingPermitScope%2CAddress%2CApprovedUse%2CResidentialUnits%2CNonResidentialGFA_m2&outSR=4326&returnGeometry=true"
"23-6932","city-group-0","376 & 390 Derry Rd. West","group-status","Proposed","Residential subdivision retained; 2026 site activity","Retain source massing with cited caveat","Not separately specified","true","false","false","false","Exact 376/390 Derry address and subdivision description bridge original OZ/OPA 24-2 to June 2026 SP 25 67 and H-OZ 25 3. March 30, 2026 permit at 376 Derry is only a 90 m² commercial-other building, not proof all townhomes are under construction.","https://www.mississauga.ca/wp-content/uploads/2024/03/12150904/OZ-OPA-24-2-W11-and-21T-M-24-1-W11-Notice.pdf ; https://services6.arcgis.com/hM5ymMLbxIyWTjn2/arcgis/rest/services/Growth_Management_%E2%80%93_Issued_Building_Permits/FeatureServer/0/query?f=json&geometry=%7B%22x%22%3A+-79.7140332209533%2C+%22y%22%3A+43.637168434637324%2C+%22spatialReference%22%3A+%7B%22wkid%22%3A+4326%7D%7D&geometryType=esriGeometryPoint&inSR=4326&spatialRel=esriSpatialRelIntersects&distance=90&units=esriSRUnit_Meter&outFields=BuildingPermitNumber%2CIssuedDate%2CBuildingPermitType%2CBuildingPermitScope%2CAddress%2CApprovedUse%2CResidentialUnits%2CNonResidentialGFA_m2&outSR=4326&returnGeometry=true"
"23-6933","city-group-0","376 & 390 Derry Rd. West","group-status","Proposed","Residential subdivision retained; 2026 site activity","Retain source massing with cited caveat","Not separately specified","true","false","false","false","Exact 376/390 Derry address and subdivision description bridge original OZ/OPA 24-2 to June 2026 SP 25 67 and H-OZ 25 3. March 30, 2026 permit at 376 Derry is only a 90 m² commercial-other building, not proof all townhomes are under construction.","https://www.mississauga.ca/wp-content/uploads/2024/03/12150904/OZ-OPA-24-2-W11-and-21T-M-24-1-W11-Notice.pdf ; https://services6.arcgis.com/hM5ymMLbxIyWTjn2/arcgis/rest/services/Growth_Management_%E2%80%93_Issued_Building_Permits/FeatureServer/0/query?f=json&geometry=%7B%22x%22%3A+-79.7140332209533%2C+%22y%22%3A+43.637168434637324%2C+%22spatialReference%22%3A+%7B%22wkid%22%3A+4326%7D%7D&geometryType=esriGeometryPoint&inSR=4326&spatialRel=esriSpatialRelIntersects&distance=90&units=esriSRUnit_Meter&outFields=BuildingPermitNumber%2CIssuedDate%2CBuildingPermitType%2CBuildingPermitScope%2CAddress%2CApprovedUse%2CResidentialUnits%2CNonResidentialGFA_m2&outSR=4326&returnGeometry=true"
"23-6934","city-group-0","376 & 390 Derry Rd. West","group-status","Proposed","Residential subdivision retained; 2026 site activity","Retain source massing with cited caveat","Not separately specified","true","false","false","false","Exact 376/390 Derry address and subdivision description bridge original OZ/OPA 24-2 to June 2026 SP 25 67 and H-OZ 25 3. March 30, 2026 permit at 376 Derry is only a 90 m² commercial-other building, not proof all townhomes are under construction.","https://www.mississauga.ca/wp-content/uploads/2024/03/12150904/OZ-OPA-24-2-W11-and-21T-M-24-1-W11-Notice.pdf ; https://services6.arcgis.com/hM5ymMLbxIyWTjn2/arcgis/rest/services/Growth_Management_%E2%80%93_Issued_Building_Permits/FeatureServer/0/query?f=json&geometry=%7B%22x%22%3A+-79.7140332209533%2C+%22y%22%3A+43.637168434637324%2C+%22spatialReference%22%3A+%7B%22wkid%22%3A+4326%7D%7D&geometryType=esriGeometryPoint&inSR=4326&spatialRel=esriSpatialRelIntersects&distance=90&units=esriSRUnit_Meter&outFields=BuildingPermitNumber%2CIssuedDate%2CBuildingPermitType%2CBuildingPermitScope%2CAddress%2CApprovedUse%2CResidentialUnits%2CNonResidentialGFA_m2&outSR=4326&returnGeometry=true"
"23-6935","city-group-0","376 & 390 Derry Rd. West","group-status","Proposed","Residential subdivision retained; 2026 site activity","Retain source massing with cited caveat","Not separately specified","true","false","false","false","Exact 376/390 Derry address and subdivision description bridge original OZ/OPA 24-2 to June 2026 SP 25 67 and H-OZ 25 3. March 30, 2026 permit at 376 Derry is only a 90 m² commercial-other building, not proof all townhomes are under construction.","https://www.mississauga.ca/wp-content/uploads/2024/03/12150904/OZ-OPA-24-2-W11-and-21T-M-24-1-W11-Notice.pdf ; https://services6.arcgis.com/hM5ymMLbxIyWTjn2/arcgis/rest/services/Growth_Management_%E2%80%93_Issued_Building_Permits/FeatureServer/0/query?f=json&geometry=%7B%22x%22%3A+-79.7140332209533%2C+%22y%22%3A+43.637168434637324%2C+%22spatialReference%22%3A+%7B%22wkid%22%3A+4326%7D%7D&geometryType=esriGeometryPoint&inSR=4326&spatialRel=esriSpatialRelIntersects&distance=90&units=esriSRUnit_Meter&outFields=BuildingPermitNumber%2CIssuedDate%2CBuildingPermitType%2CBuildingPermitScope%2CAddress%2CApprovedUse%2CResidentialUnits%2CNonResidentialGFA_m2&outSR=4326&returnGeometry=true"
"23-6936","city-group-0","376 & 390 Derry Rd. West","group-status","Proposed","Residential subdivision retained; 2026 site activity","Retain source massing with cited caveat","Not separately specified","true","false","false","false","Exact 376/390 Derry address and subdivision description bridge original OZ/OPA 24-2 to June 2026 SP 25 67 and H-OZ 25 3. March 30, 2026 permit at 376 Derry is only a 90 m² commercial-other building, not proof all townhomes are under construction.","https://www.mississauga.ca/wp-content/uploads/2024/03/12150904/OZ-OPA-24-2-W11-and-21T-M-24-1-W11-Notice.pdf ; https://services6.arcgis.com/hM5ymMLbxIyWTjn2/arcgis/rest/services/Growth_Management_%E2%80%93_Issued_Building_Permits/FeatureServer/0/query?f=json&geometry=%7B%22x%22%3A+-79.7140332209533%2C+%22y%22%3A+43.637168434637324%2C+%22spatialReference%22%3A+%7B%22wkid%22%3A+4326%7D%7D&geometryType=esriGeometryPoint&inSR=4326&spatialRel=esriSpatialRelIntersects&distance=90&units=esriSRUnit_Meter&outFields=BuildingPermitNumber%2CIssuedDate%2CBuildingPermitType%2CBuildingPermitScope%2CAddress%2CApprovedUse%2CResidentialUnits%2CNonResidentialGFA_m2&outSR=4326&returnGeometry=true"
"23-6937","city-group-0","376 & 390 Derry Rd. West","group-status","Proposed","Residential subdivision retained; 2026 site activity","Retain source massing with cited caveat","Not separately specified","true","false","false","false","Exact 376/390 Derry address and subdivision description bridge original OZ/OPA 24-2 to June 2026 SP 25 67 and H-OZ 25 3. March 30, 2026 permit at 376 Derry is only a 90 m² commercial-other building, not proof all townhomes are under construction.","https://www.mississauga.ca/wp-content/uploads/2024/03/12150904/OZ-OPA-24-2-W11-and-21T-M-24-1-W11-Notice.pdf ; https://services6.arcgis.com/hM5ymMLbxIyWTjn2/arcgis/rest/services/Growth_Management_%E2%80%93_Issued_Building_Permits/FeatureServer/0/query?f=json&geometry=%7B%22x%22%3A+-79.7140332209533%2C+%22y%22%3A+43.637168434637324%2C+%22spatialReference%22%3A+%7B%22wkid%22%3A+4326%7D%7D&geometryType=esriGeometryPoint&inSR=4326&spatialRel=esriSpatialRelIntersects&distance=90&units=esriSRUnit_Meter&outFields=BuildingPermitNumber%2CIssuedDate%2CBuildingPermitType%2CBuildingPermitScope%2CAddress%2CApprovedUse%2CResidentialUnits%2CNonResidentialGFA_m2&outSR=4326&returnGeometry=true"
"23-6938","city-group-0","376 & 390 Derry Rd. West","group-status","Proposed","Residential subdivision retained; 2026 site activity","Retain source massing with cited caveat","Not separately specified","true","false","false","false","Exact 376/390 Derry address and subdivision description bridge original OZ/OPA 24-2 to June 2026 SP 25 67 and H-OZ 25 3. March 30, 2026 permit at 376 Derry is only a 90 m² commercial-other building, not proof all townhomes are under construction.","https://www.mississauga.ca/wp-content/uploads/2024/03/12150904/OZ-OPA-24-2-W11-and-21T-M-24-1-W11-Notice.pdf ; https://services6.arcgis.com/hM5ymMLbxIyWTjn2/arcgis/rest/services/Growth_Management_%E2%80%93_Issued_Building_Permits/FeatureServer/0/query?f=json&geometry=%7B%22x%22%3A+-79.7140332209533%2C+%22y%22%3A+43.637168434637324%2C+%22spatialReference%22%3A+%7B%22wkid%22%3A+4326%7D%7D&geometryType=esriGeometryPoint&inSR=4326&spatialRel=esriSpatialRelIntersects&distance=90&units=esriSRUnit_Meter&outFields=BuildingPermitNumber%2CIssuedDate%2CBuildingPermitType%2CBuildingPermitScope%2CAddress%2CApprovedUse%2CResidentialUnits%2CNonResidentialGFA_m2&outSR=4326&returnGeometry=true"
"23-6939","city-group-0","376 & 390 Derry Rd. West","group-status","Proposed","Residential subdivision retained; 2026 site activity","Retain source massing with cited caveat","Not separately specified","true","false","false","false","Exact 376/390 Derry address and subdivision description bridge original OZ/OPA 24-2 to June 2026 SP 25 67 and H-OZ 25 3. March 30, 2026 permit at 376 Derry is only a 90 m² commercial-other building, not proof all townhomes are under construction.","https://www.mississauga.ca/wp-content/uploads/2024/03/12150904/OZ-OPA-24-2-W11-and-21T-M-24-1-W11-Notice.pdf ; https://services6.arcgis.com/hM5ymMLbxIyWTjn2/arcgis/rest/services/Growth_Management_%E2%80%93_Issued_Building_Permits/FeatureServer/0/query?f=json&geometry=%7B%22x%22%3A+-79.7140332209533%2C+%22y%22%3A+43.637168434637324%2C+%22spatialReference%22%3A+%7B%22wkid%22%3A+4326%7D%7D&geometryType=esriGeometryPoint&inSR=4326&spatialRel=esriSpatialRelIntersects&distance=90&units=esriSRUnit_Meter&outFields=BuildingPermitNumber%2CIssuedDate%2CBuildingPermitType%2CBuildingPermitScope%2CAddress%2CApprovedUse%2CResidentialUnits%2CNonResidentialGFA_m2&outSR=4326&returnGeometry=true"
"23-6940","city-group-0","376 & 390 Derry Rd. West","group-status","Proposed","Residential subdivision retained; 2026 site activity","Retain source massing with cited caveat","Not separately specified","true","false","false","false","Exact 376/390 Derry address and subdivision description bridge original OZ/OPA 24-2 to June 2026 SP 25 67 and H-OZ 25 3. March 30, 2026 permit at 376 Derry is only a 90 m² commercial-other building, not proof all townhomes are under construction.","https://www.mississauga.ca/wp-content/uploads/2024/03/12150904/OZ-OPA-24-2-W11-and-21T-M-24-1-W11-Notice.pdf ; https://services6.arcgis.com/hM5ymMLbxIyWTjn2/arcgis/rest/services/Growth_Management_%E2%80%93_Issued_Building_Permits/FeatureServer/0/query?f=json&geometry=%7B%22x%22%3A+-79.7140332209533%2C+%22y%22%3A+43.637168434637324%2C+%22spatialReference%22%3A+%7B%22wkid%22%3A+4326%7D%7D&geometryType=esriGeometryPoint&inSR=4326&spatialRel=esriSpatialRelIntersects&distance=90&units=esriSRUnit_Meter&outFields=BuildingPermitNumber%2CIssuedDate%2CBuildingPermitType%2CBuildingPermitScope%2CAddress%2CApprovedUse%2CResidentialUnits%2CNonResidentialGFA_m2&outSR=4326&returnGeometry=true"
"23-6941","city-group-0","376 & 390 Derry Rd. West","group-status","Proposed","Residential subdivision retained; 2026 site activity","Retain source massing with cited caveat","Not separately specified","true","false","false","false","Exact 376/390 Derry address and subdivision description bridge original OZ/OPA 24-2 to June 2026 SP 25 67 and H-OZ 25 3. March 30, 2026 permit at 376 Derry is only a 90 m² commercial-other building, not proof all townhomes are under construction.","https://www.mississauga.ca/wp-content/uploads/2024/03/12150904/OZ-OPA-24-2-W11-and-21T-M-24-1-W11-Notice.pdf ; https://services6.arcgis.com/hM5ymMLbxIyWTjn2/arcgis/rest/services/Growth_Management_%E2%80%93_Issued_Building_Permits/FeatureServer/0/query?f=json&geometry=%7B%22x%22%3A+-79.7140332209533%2C+%22y%22%3A+43.637168434637324%2C+%22spatialReference%22%3A+%7B%22wkid%22%3A+4326%7D%7D&geometryType=esriGeometryPoint&inSR=4326&spatialRel=esriSpatialRelIntersects&distance=90&units=esriSRUnit_Meter&outFields=BuildingPermitNumber%2CIssuedDate%2CBuildingPermitType%2CBuildingPermitScope%2CAddress%2CApprovedUse%2CResidentialUnits%2CNonResidentialGFA_m2&outSR=4326&returnGeometry=true"
"23-6942","city-group-0","376 & 390 Derry Rd. West","group-status","Proposed","Residential subdivision retained; 2026 site activity","Retain source massing with cited caveat","Not separately specified","true","false","false","false","Exact 376/390 Derry address and subdivision description bridge original OZ/OPA 24-2 to June 2026 SP 25 67 and H-OZ 25 3. March 30, 2026 permit at 376 Derry is only a 90 m² commercial-other building, not proof all townhomes are under construction.","https://www.mississauga.ca/wp-content/uploads/2024/03/12150904/OZ-OPA-24-2-W11-and-21T-M-24-1-W11-Notice.pdf ; https://services6.arcgis.com/hM5ymMLbxIyWTjn2/arcgis/rest/services/Growth_Management_%E2%80%93_Issued_Building_Permits/FeatureServer/0/query?f=json&geometry=%7B%22x%22%3A+-79.7140332209533%2C+%22y%22%3A+43.637168434637324%2C+%22spatialReference%22%3A+%7B%22wkid%22%3A+4326%7D%7D&geometryType=esriGeometryPoint&inSR=4326&spatialRel=esriSpatialRelIntersects&distance=90&units=esriSRUnit_Meter&outFields=BuildingPermitNumber%2CIssuedDate%2CBuildingPermitType%2CBuildingPermitScope%2CAddress%2CApprovedUse%2CResidentialUnits%2CNonResidentialGFA_m2&outSR=4326&returnGeometry=true"
"23-6943","city-group-0","376 & 390 Derry Rd. West","group-status","Proposed","Residential subdivision retained; 2026 site activity","Retain source massing with cited caveat","Not separately specified","true","false","false","false","Exact 376/390 Derry address and subdivision description bridge original OZ/OPA 24-2 to June 2026 SP 25 67 and H-OZ 25 3. March 30, 2026 permit at 376 Derry is only a 90 m² commercial-other building, not proof all townhomes are under construction.","https://www.mississauga.ca/wp-content/uploads/2024/03/12150904/OZ-OPA-24-2-W11-and-21T-M-24-1-W11-Notice.pdf ; https://services6.arcgis.com/hM5ymMLbxIyWTjn2/arcgis/rest/services/Growth_Management_%E2%80%93_Issued_Building_Permits/FeatureServer/0/query?f=json&geometry=%7B%22x%22%3A+-79.7140332209533%2C+%22y%22%3A+43.637168434637324%2C+%22spatialReference%22%3A+%7B%22wkid%22%3A+4326%7D%7D&geometryType=esriGeometryPoint&inSR=4326&spatialRel=esriSpatialRelIntersects&distance=90&units=esriSRUnit_Meter&outFields=BuildingPermitNumber%2CIssuedDate%2CBuildingPermitType%2CBuildingPermitScope%2CAddress%2CApprovedUse%2CResidentialUnits%2CNonResidentialGFA_m2&outSR=4326&returnGeometry=true"
"51-5294","city-group-143","3855 Dundas St. West","inventory73-status","Proposed","Application retained; current construction and completion unverified","Retain source version in violet; exclude from strict verified scenario","Not separately specified","true","false","false","true","Current City description is four-storey storage/offices/industrial condominium use, replacing older five-storey storage/two-storey concepts. Source maximum height alone does not determine exact match to latest plan; no completion date.","https://services6.arcgis.com/hM5ymMLbxIyWTjn2/arcgis/rest/services/Growth_Management_%E2%80%93_Active_Development_Applications/FeatureServer/0/query?where=OBJECTID%3D188&outFields=*&outSR=4326&f=pjson ; https://www.mississauga.ca/services-and-programs/planning-and-development/development-applications/active-development-applications/3855-dundas-street-west-oz-18-18-w8/"
"51-5295","city-group-143","3855 Dundas St. West","inventory73-status","Proposed","Application retained; current construction and completion unverified","Retain source version in violet; exclude from strict verified scenario","Not separately specified","true","false","false","true","Current City description is four-storey storage/offices/industrial condominium use, replacing older five-storey storage/two-storey concepts. Source maximum height alone does not determine exact match to latest plan; no completion date.","https://services6.arcgis.com/hM5ymMLbxIyWTjn2/arcgis/rest/services/Growth_Management_%E2%80%93_Active_Development_Applications/FeatureServer/0/query?where=OBJECTID%3D188&outFields=*&outSR=4326&f=pjson ; https://www.mississauga.ca/services-and-programs/planning-and-development/development-applications/active-development-applications/3855-dundas-street-west-oz-18-18-w8/"
"71-6186","tomken-4094","4094 Tomken / 924 Rathburn","citywide","Proposed","Zoning approved; preconstruction","Retain source massing with cited caveat","Not separately specified","true","false","false","false","Use the source massing conditionally. Do not call it under construction based on the developer timeline; detailed site-plan revisions and a one-unit count discrepancy remain.","https://services6.arcgis.com/hM5ymMLbxIyWTjn2/arcgis/rest/services/Growth_Management_%E2%80%93_Active_Development_Applications/FeatureServer/0/query?where=OBJECTID%3D130&outFields=*&outSR=4326&f=pjson ; https://www.kindredworks.ca/projects/4094-tomken-road ; https://chrisfonseca.ca/4094tomken/ ; https://urbantoronto.ca/forum/threads/toronto-4094-tomken-road-43-8m-12s-kindred-works-kpmb.34940/"
"71-6187","tomken-4094","4094 Tomken / 924 Rathburn","citywide","Proposed","Zoning approved; preconstruction","Retain source massing with cited caveat","Not separately specified","true","false","false","false","Use the source massing conditionally. Do not call it under construction based on the developer timeline; detailed site-plan revisions and a one-unit count discrepancy remain.","https://services6.arcgis.com/hM5ymMLbxIyWTjn2/arcgis/rest/services/Growth_Management_%E2%80%93_Active_Development_Applications/FeatureServer/0/query?where=OBJECTID%3D130&outFields=*&outSR=4326&f=pjson ; https://www.kindredworks.ca/projects/4094-tomken-road ; https://chrisfonseca.ca/4094tomken/ ; https://urbantoronto.ca/forum/threads/toronto-4094-tomken-road-43-8m-12s-kindred-works-kpmb.34940/"
"53-2511","erin-mills-4099","4099 Erin Mills Parkway","citywide","Proposed","Under review","Retain source massing with cited caveat","Not separately specified","true","false","false","false","Address coordinates are approximate map pins. City snapshot meshes are source massing, not construction drawings; latest approvals and final detailed architecture may differ.","https://www.mississauga.ca/services-and-programs/planning-and-development/development-applications/active-development-applications/4099-erin-mills-parkway-oz-opa-22-25-w8/ ; https://urbantoronto.ca/database/projects/4099-erin-mills-parkway.50506 ; https://www.mississauga.ca/wp-content/uploads/2024/11/27102717/site-plan-roof-plan-a005-november-2024-oz-opa-22-25-w8.pdf ; https://www.mississauga.ca/wp-content/uploads/2024/11/27102719/statistics-a002-november-2024-oz-opa-22-25-w8.pdf"
"53-2512","erin-mills-4099","4099 Erin Mills Parkway","citywide","Proposed","Under review","Retain source massing with cited caveat","Not separately specified","true","false","false","false","Address coordinates are approximate map pins. City snapshot meshes are source massing, not construction drawings; latest approvals and final detailed architecture may differ.","https://www.mississauga.ca/services-and-programs/planning-and-development/development-applications/active-development-applications/4099-erin-mills-parkway-oz-opa-22-25-w8/ ; https://urbantoronto.ca/database/projects/4099-erin-mills-parkway.50506 ; https://www.mississauga.ca/wp-content/uploads/2024/11/27102717/site-plan-roof-plan-a005-november-2024-oz-opa-22-25-w8.pdf ; https://www.mississauga.ca/wp-content/uploads/2024/11/27102719/statistics-a002-november-2024-oz-opa-22-25-w8.pdf"
"53-2513","erin-mills-4099","4099 Erin Mills Parkway","citywide","Proposed","Under review","Retain source massing with cited caveat","Not separately specified","true","false","false","false","Address coordinates are approximate map pins. City snapshot meshes are source massing, not construction drawings; latest approvals and final detailed architecture may differ.","https://www.mississauga.ca/services-and-programs/planning-and-development/development-applications/active-development-applications/4099-erin-mills-parkway-oz-opa-22-25-w8/ ; https://urbantoronto.ca/database/projects/4099-erin-mills-parkway.50506 ; https://www.mississauga.ca/wp-content/uploads/2024/11/27102717/site-plan-roof-plan-a005-november-2024-oz-opa-22-25-w8.pdf ; https://www.mississauga.ca/wp-content/uploads/2024/11/27102719/statistics-a002-november-2024-oz-opa-22-25-w8.pdf"
"53-2514","erin-mills-4099","4099 Erin Mills Parkway","citywide","Proposed","Under review","Retain source massing with cited caveat","Not separately specified","true","false","false","false","Address coordinates are approximate map pins. City snapshot meshes are source massing, not construction drawings; latest approvals and final detailed architecture may differ.","https://www.mississauga.ca/services-and-programs/planning-and-development/development-applications/active-development-applications/4099-erin-mills-parkway-oz-opa-22-25-w8/ ; https://urbantoronto.ca/database/projects/4099-erin-mills-parkway.50506 ; https://www.mississauga.ca/wp-content/uploads/2024/11/27102717/site-plan-roof-plan-a005-november-2024-oz-opa-22-25-w8.pdf ; https://www.mississauga.ca/wp-content/uploads/2024/11/27102719/statistics-a002-november-2024-oz-opa-22-25-w8.pdf"
"53-2515","erin-mills-4099","4099 Erin Mills Parkway","citywide","Proposed","Under review","Retain source massing with cited caveat","Not separately specified","true","false","false","false","Address coordinates are approximate map pins. City snapshot meshes are source massing, not construction drawings; latest approvals and final detailed architecture may differ.","https://www.mississauga.ca/services-and-programs/planning-and-development/development-applications/active-development-applications/4099-erin-mills-parkway-oz-opa-22-25-w8/ ; https://urbantoronto.ca/database/projects/4099-erin-mills-parkway.50506 ; https://www.mississauga.ca/wp-content/uploads/2024/11/27102717/site-plan-roof-plan-a005-november-2024-oz-opa-22-25-w8.pdf ; https://www.mississauga.ca/wp-content/uploads/2024/11/27102719/statistics-a002-november-2024-oz-opa-22-25-w8.pdf"
"53-2516","erin-mills-4099","4099 Erin Mills Parkway","citywide","Proposed","Under review","Retain source massing with cited caveat","Not separately specified","true","false","false","false","Address coordinates are approximate map pins. City snapshot meshes are source massing, not construction drawings; latest approvals and final detailed architecture may differ.","https://www.mississauga.ca/services-and-programs/planning-and-development/development-applications/active-development-applications/4099-erin-mills-parkway-oz-opa-22-25-w8/ ; https://urbantoronto.ca/database/projects/4099-erin-mills-parkway.50506 ; https://www.mississauga.ca/wp-content/uploads/2024/11/27102717/site-plan-roof-plan-a005-november-2024-oz-opa-22-25-w8.pdf ; https://www.mississauga.ca/wp-content/uploads/2024/11/27102719/statistics-a002-november-2024-oz-opa-22-25-w8.pdf"
"53-2517","erin-mills-4099","4099 Erin Mills Parkway","citywide","Proposed","Under review","Retain source massing with cited caveat","Not separately specified","true","false","false","false","Address coordinates are approximate map pins. City snapshot meshes are source massing, not construction drawings; latest approvals and final detailed architecture may differ.","https://www.mississauga.ca/services-and-programs/planning-and-development/development-applications/active-development-applications/4099-erin-mills-parkway-oz-opa-22-25-w8/ ; https://urbantoronto.ca/database/projects/4099-erin-mills-parkway.50506 ; https://www.mississauga.ca/wp-content/uploads/2024/11/27102717/site-plan-roof-plan-a005-november-2024-oz-opa-22-25-w8.pdf ; https://www.mississauga.ca/wp-content/uploads/2024/11/27102719/statistics-a002-november-2024-oz-opa-22-25-w8.pdf"
"53-2518","erin-mills-4099","4099 Erin Mills Parkway","citywide","Proposed","Under review","Retain source massing with cited caveat","Not separately specified","true","false","false","false","Address coordinates are approximate map pins. City snapshot meshes are source massing, not construction drawings; latest approvals and final detailed architecture may differ.","https://www.mississauga.ca/services-and-programs/planning-and-development/development-applications/active-development-applications/4099-erin-mills-parkway-oz-opa-22-25-w8/ ; https://urbantoronto.ca/database/projects/4099-erin-mills-parkway.50506 ; https://www.mississauga.ca/wp-content/uploads/2024/11/27102717/site-plan-roof-plan-a005-november-2024-oz-opa-22-25-w8.pdf ; https://www.mississauga.ca/wp-content/uploads/2024/11/27102719/statistics-a002-november-2024-oz-opa-22-25-w8.pdf"
"53-2519","erin-mills-4099","4099 Erin Mills Parkway","citywide","Proposed","Under review","Retain source massing with cited caveat","Not separately specified","true","false","false","false","Address coordinates are approximate map pins. City snapshot meshes are source massing, not construction drawings; latest approvals and final detailed architecture may differ.","https://www.mississauga.ca/services-and-programs/planning-and-development/development-applications/active-development-applications/4099-erin-mills-parkway-oz-opa-22-25-w8/ ; https://urbantoronto.ca/database/projects/4099-erin-mills-parkway.50506 ; https://www.mississauga.ca/wp-content/uploads/2024/11/27102717/site-plan-roof-plan-a005-november-2024-oz-opa-22-25-w8.pdf ; https://www.mississauga.ca/wp-content/uploads/2024/11/27102719/statistics-a002-november-2024-oz-opa-22-25-w8.pdf"
"53-2520","erin-mills-4099","4099 Erin Mills Parkway","citywide","Proposed","Under review","Retain source massing with cited caveat","Not separately specified","true","false","false","false","Address coordinates are approximate map pins. City snapshot meshes are source massing, not construction drawings; latest approvals and final detailed architecture may differ.","https://www.mississauga.ca/services-and-programs/planning-and-development/development-applications/active-development-applications/4099-erin-mills-parkway-oz-opa-22-25-w8/ ; https://urbantoronto.ca/database/projects/4099-erin-mills-parkway.50506 ; https://www.mississauga.ca/wp-content/uploads/2024/11/27102717/site-plan-roof-plan-a005-november-2024-oz-opa-22-25-w8.pdf ; https://www.mississauga.ca/wp-content/uploads/2024/11/27102719/statistics-a002-november-2024-oz-opa-22-25-w8.pdf"
"93-757","port-credit-42-port","42 Port / 99 Lakeshore","waterfront","Proposed","Under review","Retain source geometry with height convention caveat","Not separately specified","true","false","false","false","Source roof heights match the original architectural elevation. The City counts ten storeys; eleven labelled levels include a mezzanine. Overall mechanical height remains unverified.","https://www.mississauga.ca/services-and-programs/planning-and-development/development-applications/active-development-applications/42-port-street-east-and-99-lakeshore-road-east-oz-opa-22-30-w1/ ; https://www.mississauga.ca/wp-content/uploads/2023/01/Site-Plan-OZ-OPA-22-30-W1.pdf"
"93-758","port-credit-42-port","42 Port / 99 Lakeshore","waterfront","Proposed","Under review","Retain source geometry with height convention caveat","Not separately specified","true","false","false","false","Source roof heights match the original architectural elevation. The City counts ten storeys; eleven labelled levels include a mezzanine. Overall mechanical height remains unverified.","https://www.mississauga.ca/services-and-programs/planning-and-development/development-applications/active-development-applications/42-port-street-east-and-99-lakeshore-road-east-oz-opa-22-30-w1/ ; https://www.mississauga.ca/wp-content/uploads/2023/01/Site-Plan-OZ-OPA-22-30-W1.pdf"
"93-759","port-credit-42-port","42 Port / 99 Lakeshore","waterfront","Proposed","Under review","Retain source geometry with height convention caveat","Not separately specified","true","false","false","false","Source roof heights match the original architectural elevation. The City counts ten storeys; eleven labelled levels include a mezzanine. Overall mechanical height remains unverified.","https://www.mississauga.ca/services-and-programs/planning-and-development/development-applications/active-development-applications/42-port-street-east-and-99-lakeshore-road-east-oz-opa-22-30-w1/ ; https://www.mississauga.ca/wp-content/uploads/2023/01/Site-Plan-OZ-OPA-22-30-W1.pdf"
"93-760","port-credit-42-port","42 Port / 99 Lakeshore","waterfront","Proposed","Under review","Retain source geometry with height convention caveat","Not separately specified","true","false","false","false","Source roof heights match the original architectural elevation. The City counts ten storeys; eleven labelled levels include a mezzanine. Overall mechanical height remains unverified.","https://www.mississauga.ca/services-and-programs/planning-and-development/development-applications/active-development-applications/42-port-street-east-and-99-lakeshore-road-east-oz-opa-22-30-w1/ ; https://www.mississauga.ca/wp-content/uploads/2023/01/Site-Plan-OZ-OPA-22-30-W1.pdf"
"92-4848","port-credit-42-46-park","42–46 Park / Park and Elizabeth","waterfront","Proposed","Council approved; preconstruction","Retain source version in violet; exclude from strict verified scenario","Not separately specified","true","false","false","true","Adopted December 2025 scheme is 95 m main height, about 101 m overall. Source tower is 113.35 m and does not match; provenance of discrepancy is unresolved.","https://www.mississauga.ca/wp-content/uploads/2025/12/18093753/OZ-OPA-25-10-W1-Notice-of-Passing-public-notice.pdf ; https://www.mississauga.ca/wp-content/uploads/2026/01/23103916/MOPA205-Jan-2026.pdf"
"92-4849","port-credit-42-46-park","42–46 Park / Park and Elizabeth","waterfront","Proposed","Council approved; preconstruction","Retain source version in violet; exclude from strict verified scenario","Not separately specified","true","false","false","true","Adopted December 2025 scheme is 95 m main height, about 101 m overall. Source tower is 113.35 m and does not match; provenance of discrepancy is unresolved.","https://www.mississauga.ca/wp-content/uploads/2025/12/18093753/OZ-OPA-25-10-W1-Notice-of-Passing-public-notice.pdf ; https://www.mississauga.ca/wp-content/uploads/2026/01/23103916/MOPA205-Jan-2026.pdf"
"103-1076","city-group-31","420 Lakeshore Rd. East","inventory73-status","Proposed","Application retained; current construction and completion unverified","Retain source massing with cited caveat","Not separately specified","true","false","false","false","City October 2025 adjustment comments concern current proposed building; secondary sources still call it preconstruction with completion TBA. No actual completion evidence found.","https://services6.arcgis.com/hM5ymMLbxIyWTjn2/arcgis/rest/services/Growth_Management_%E2%80%93_Active_Development_Applications/FeatureServer/0/query?where=OBJECTID%3D213&outFields=*&outSR=4326&f=pjson ; https://pub-mississauga.escribemeetings.com/filestream.ashx?DocumentId=77781"
"72-6172","4310-sherwoodtowne","4310 Sherwoodtowne Boulevard","downtown","Proposed","proposed","Retain source version in violet; exclude from strict verified scenario","false","true","false","false","true","Unresolved design conflict: published 70/60-storey scheme is taller than municipal mesh attributes of 165.25/141.35 m. Preserve source mesh and visibly flag the conflict.","https://urbantoronto.ca/forum/threads/toronto-4310-sherwoodtowne-boulevard-226-1m-70s-bdp-quadrangle.35512/ ; https://www.mississauga.ca/wp-content/uploads/2025/01/15082458/MOPA177-jan-2025.pdf"
"72-6173","4310-sherwoodtowne","4310 Sherwoodtowne Boulevard","downtown","Proposed","proposed","Retain source version in violet; exclude from strict verified scenario","false","true","false","false","true","Unresolved design conflict: published 70/60-storey scheme is taller than municipal mesh attributes of 165.25/141.35 m. Preserve source mesh and visibly flag the conflict.","https://urbantoronto.ca/forum/threads/toronto-4310-sherwoodtowne-boulevard-226-1m-70s-bdp-quadrangle.35512/ ; https://www.mississauga.ca/wp-content/uploads/2025/01/15082458/MOPA177-jan-2025.pdf"
"72-6174","4310-sherwoodtowne","4310 Sherwoodtowne Boulevard","downtown","Proposed","proposed","Retain source version in violet; exclude from strict verified scenario","false","true","false","false","true","Unresolved design conflict: published 70/60-storey scheme is taller than municipal mesh attributes of 165.25/141.35 m. Preserve source mesh and visibly flag the conflict.","https://urbantoronto.ca/forum/threads/toronto-4310-sherwoodtowne-boulevard-226-1m-70s-bdp-quadrangle.35512/ ; https://www.mississauga.ca/wp-content/uploads/2025/01/15082458/MOPA177-jan-2025.pdf"
"71-6189","city-group-137","4496 Tomken Rd.","inventory73-status","Proposed","Application retained; current construction and completion unverified","Retain source massing with cited caveat","Not separately specified","true","false","false","false","January 2025 Ward 3 update and site plan describe two two-storey industrial condos by Mantella, with holding-removal review. No dated current completion evidence found.","https://services6.arcgis.com/hM5ymMLbxIyWTjn2/arcgis/rest/services/Growth_Management_%E2%80%93_Active_Development_Applications/FeatureServer/0/query?where=OBJECTID%3D77&outFields=*&outSR=4326&f=pjson ; https://chrisfonseca.ca/4496-tomken-road/ ; https://chrisfonseca.ca/wp-content/uploads/2025/01/H-OZ-24-3-W3-site-plan.pdf"
"71-6190","city-group-137","4496 Tomken Rd.","inventory73-status","Proposed","Application retained; current construction and completion unverified","Retain source massing with cited caveat","Not separately specified","true","false","false","false","January 2025 Ward 3 update and site plan describe two two-storey industrial condos by Mantella, with holding-removal review. No dated current completion evidence found.","https://services6.arcgis.com/hM5ymMLbxIyWTjn2/arcgis/rest/services/Growth_Management_%E2%80%93_Active_Development_Applications/FeatureServer/0/query?where=OBJECTID%3D77&outFields=*&outSR=4326&f=pjson ; https://chrisfonseca.ca/4496-tomken-road/ ; https://chrisfonseca.ca/wp-content/uploads/2025/01/H-OZ-24-3-W3-site-plan.pdf"
"63-6235","agnes-45","45 Agnes Street / 3051 Cook Street","citywide","Proposed","Retained proposal; current construction stage unverified","Retain source massing with cited caveat","Not separately specified","true","false","false","false","Old age is not cancellation. Storey-count differences in photo captions are not sufficient to revise geometry. Site-plan identity SP 21-102 links the City model to the site.","https://urbantoronto.ca/forum/threads/toronto-45-agnes-street-92-05m-28s-jd-development-group-tregebov-cogan.5105/page-5 ; https://pub-mississauga.escribemeetings.com/filestream.ashx?DocumentId=45903 ; https://www.flickr.com/photos/drum118/55303100913"
"63-6236","agnes-45","45 Agnes Street / 3051 Cook Street","citywide","Proposed","Retained proposal; current construction stage unverified","Retain source massing with cited caveat","Not separately specified","true","false","false","false","Old age is not cancellation. Storey-count differences in photo captions are not sufficient to revise geometry. Site-plan identity SP 21-102 links the City model to the site.","https://urbantoronto.ca/forum/threads/toronto-45-agnes-street-92-05m-28s-jd-development-group-tregebov-cogan.5105/page-5 ; https://pub-mississauga.escribemeetings.com/filestream.ashx?DocumentId=45903 ; https://www.flickr.com/photos/drum118/55303100913"
"71-6191","city-group-138","4598 Tomken Rd.","inventory73-status","Proposed","Application retained; current construction and completion unverified","Retain source massing with cited caveat","Not separately specified","true","false","false","false","Historical City planning references establish the medical-office application. No exact current completion or occupancy evidence was found.","https://services6.arcgis.com/hM5ymMLbxIyWTjn2/arcgis/rest/services/Growth_Management_%E2%80%93_Active_Development_Applications/FeatureServer/0/query?where=OBJECTID%3D24&outFields=*&outSR=4326&f=pjson"
"73-4287","city-group-105","4855 Tahoe Boulevard","inventory73-status","Proposed","Application retained; current construction and completion unverified","Retain source massing with cited caveat","Not separately specified","true","false","false","false","2024 City consent comments establish the three-building industrial redevelopment and separate 4855 parcel. No current completion evidence found; source spelling Tahe is corrected to Tahoe.","https://services6.arcgis.com/hM5ymMLbxIyWTjn2/arcgis/rest/services/Growth_Management_%E2%80%93_Active_Development_Applications/FeatureServer/0/query?where=OBJECTID%3D157&outFields=*&outSR=4326&f=pjson ; https://pub-mississauga.escribemeetings.com/filestream.ashx?DocumentId=64614"
"73-4288","city-group-106","4859 and 4861 Tahoe Boulevard / Tahoe Centre","inventory73-status","Proposed","Application retained; current construction and completion unverified","Retain source massing with cited caveat","Not separately specified","true","false","false","false","Ward 3 project-status material identifies 4859/4861 Tahoe; recent promoter listings continue to market Tahoe Centre. No actual completion date established. Source typo Tahe is corrected.","https://services6.arcgis.com/hM5ymMLbxIyWTjn2/arcgis/rest/services/Growth_Management_%E2%80%93_Active_Development_Applications/FeatureServer/0/query?where=OBJECTID%3D116&outFields=*&outSR=4326&f=pjson ; https://chrisfonseca.ca/4855-4859-4861-tahoe-boulevard/"
"73-4289","city-group-106","4859 and 4861 Tahoe Boulevard / Tahoe Centre","inventory73-status","Proposed","Application retained; current construction and completion unverified","Retain source massing with cited caveat","Not separately specified","true","false","false","false","Ward 3 project-status material identifies 4859/4861 Tahoe; recent promoter listings continue to market Tahoe Centre. No actual completion date established. Source typo Tahe is corrected.","https://services6.arcgis.com/hM5ymMLbxIyWTjn2/arcgis/rest/services/Growth_Management_%E2%80%93_Active_Development_Applications/FeatureServer/0/query?where=OBJECTID%3D116&outFields=*&outSR=4326&f=pjson ; https://chrisfonseca.ca/4855-4859-4861-tahoe-boulevard/"
"73-4290","city-group-106","4859 and 4861 Tahoe Boulevard / Tahoe Centre","inventory73-status","Proposed","Application retained; current construction and completion unverified","Retain source massing with cited caveat","Not separately specified","true","false","false","false","Ward 3 project-status material identifies 4859/4861 Tahoe; recent promoter listings continue to market Tahoe Centre. No actual completion date established. Source typo Tahe is corrected.","https://services6.arcgis.com/hM5ymMLbxIyWTjn2/arcgis/rest/services/Growth_Management_%E2%80%93_Active_Development_Applications/FeatureServer/0/query?where=OBJECTID%3D116&outFields=*&outSR=4326&f=pjson ; https://chrisfonseca.ca/4855-4859-4861-tahoe-boulevard/"
"102-7050","city-group-14","49 South Service Rd.","inventory73-status","Proposed","Application retained; current construction and completion unverified","Retain source version in violet; exclude from strict verified scenario","Not separately specified","true","false","false","true","Current City inventory describes 29 storeys; UrbanToronto describes 26. No construction/completion confirmation found. Source height alone cannot resolve the architectural version.","https://services6.arcgis.com/hM5ymMLbxIyWTjn2/arcgis/rest/services/Growth_Management_%E2%80%93_Active_Development_Applications/FeatureServer/0/query?where=OBJECTID%3D172&outFields=*&outSR=4326&f=pjson ; https://urbantoronto.ca/database/projects/49-south-service-road.50338"
"41-7742","beverley-5","5–9 Beverley Street","citywide","Proposed","Under review","Retain source massing with cited caveat","Not separately specified","true","false","false","false","Address coordinates are approximate map pins. City snapshot meshes are source massing, not construction drawings; latest approvals and final detailed architecture may differ.","https://www.mississauga.ca/services-and-programs/planning-and-development/development-applications/active-development-applications/5-7-and-9-beverley-street-oz-opa-22-27-w5/"
"12-17020","ninth-5034","5034–5080 Ninth Line","citywide","Proposed","Under review","Retain source massing with cited caveat","Not separately specified","true","false","false","false","Address coordinates are approximate map pins. City snapshot meshes are source massing, not construction drawings; latest approvals and final detailed architecture may differ.","https://www.mississauga.ca/services-and-programs/planning-and-development/development-applications/active-development-applications/5034-5054-5080-ninth-line-oz-opa-21-15-and-21t-m21004-w10/ ; https://urbantoronto.ca/database/projects/5034-5054-5080-ninth-line.48053"
"12-17021","ninth-5034","5034–5080 Ninth Line","citywide","Proposed","Under review","Retain source massing with cited caveat","Not separately specified","true","false","false","false","Address coordinates are approximate map pins. City snapshot meshes are source massing, not construction drawings; latest approvals and final detailed architecture may differ.","https://www.mississauga.ca/services-and-programs/planning-and-development/development-applications/active-development-applications/5034-5054-5080-ninth-line-oz-opa-21-15-and-21t-m21004-w10/ ; https://urbantoronto.ca/database/projects/5034-5054-5080-ninth-line.48053"
"12-17022","ninth-5034","5034–5080 Ninth Line","citywide","Proposed","Under review","Retain source massing with cited caveat","Not separately specified","true","false","false","false","Address coordinates are approximate map pins. City snapshot meshes are source massing, not construction drawings; latest approvals and final detailed architecture may differ.","https://www.mississauga.ca/services-and-programs/planning-and-development/development-applications/active-development-applications/5034-5054-5080-ninth-line-oz-opa-21-15-and-21t-m21004-w10/ ; https://urbantoronto.ca/database/projects/5034-5054-5080-ninth-line.48053"
"12-17023","ninth-5034","5034–5080 Ninth Line","citywide","Proposed","Under review","Retain source massing with cited caveat","Not separately specified","true","false","false","false","Address coordinates are approximate map pins. City snapshot meshes are source massing, not construction drawings; latest approvals and final detailed architecture may differ.","https://www.mississauga.ca/services-and-programs/planning-and-development/development-applications/active-development-applications/5034-5054-5080-ninth-line-oz-opa-21-15-and-21t-m21004-w10/ ; https://urbantoronto.ca/database/projects/5034-5054-5080-ninth-line.48053"
"12-17024","ninth-5034","5034–5080 Ninth Line","citywide","Proposed","Under review","Retain source massing with cited caveat","Not separately specified","true","false","false","false","Address coordinates are approximate map pins. City snapshot meshes are source massing, not construction drawings; latest approvals and final detailed architecture may differ.","https://www.mississauga.ca/services-and-programs/planning-and-development/development-applications/active-development-applications/5034-5054-5080-ninth-line-oz-opa-21-15-and-21t-m21004-w10/ ; https://urbantoronto.ca/database/projects/5034-5054-5080-ninth-line.48053"
"12-17025","ninth-5034","5034–5080 Ninth Line","citywide","Proposed","Under review","Retain source massing with cited caveat","Not separately specified","true","false","false","false","Address coordinates are approximate map pins. City snapshot meshes are source massing, not construction drawings; latest approvals and final detailed architecture may differ.","https://www.mississauga.ca/services-and-programs/planning-and-development/development-applications/active-development-applications/5034-5054-5080-ninth-line-oz-opa-21-15-and-21t-m21004-w10/ ; https://urbantoronto.ca/database/projects/5034-5054-5080-ninth-line.48053"
"12-17026","ninth-5034","5034–5080 Ninth Line","citywide","Proposed","Under review","Retain source massing with cited caveat","Not separately specified","true","false","false","false","Address coordinates are approximate map pins. City snapshot meshes are source massing, not construction drawings; latest approvals and final detailed architecture may differ.","https://www.mississauga.ca/services-and-programs/planning-and-development/development-applications/active-development-applications/5034-5054-5080-ninth-line-oz-opa-21-15-and-21t-m21004-w10/ ; https://urbantoronto.ca/database/projects/5034-5054-5080-ninth-line.48053"
"12-17027","ninth-5034","5034–5080 Ninth Line","citywide","Proposed","Under review","Retain source massing with cited caveat","Not separately specified","true","false","false","false","Address coordinates are approximate map pins. City snapshot meshes are source massing, not construction drawings; latest approvals and final detailed architecture may differ.","https://www.mississauga.ca/services-and-programs/planning-and-development/development-applications/active-development-applications/5034-5054-5080-ninth-line-oz-opa-21-15-and-21t-m21004-w10/ ; https://urbantoronto.ca/database/projects/5034-5054-5080-ninth-line.48053"
"12-17028","ninth-5034","5034–5080 Ninth Line","citywide","Proposed","Under review","Retain source massing with cited caveat","Not separately specified","true","false","false","false","Address coordinates are approximate map pins. City snapshot meshes are source massing, not construction drawings; latest approvals and final detailed architecture may differ.","https://www.mississauga.ca/services-and-programs/planning-and-development/development-applications/active-development-applications/5034-5054-5080-ninth-line-oz-opa-21-15-and-21t-m21004-w10/ ; https://urbantoronto.ca/database/projects/5034-5054-5080-ninth-line.48053"
"12-17029","ninth-5034","5034–5080 Ninth Line","citywide","Proposed","Under review","Retain source massing with cited caveat","Not separately specified","true","false","false","false","Address coordinates are approximate map pins. City snapshot meshes are source massing, not construction drawings; latest approvals and final detailed architecture may differ.","https://www.mississauga.ca/services-and-programs/planning-and-development/development-applications/active-development-applications/5034-5054-5080-ninth-line-oz-opa-21-15-and-21t-m21004-w10/ ; https://urbantoronto.ca/database/projects/5034-5054-5080-ninth-line.48053"
"12-17030","ninth-5034","5034–5080 Ninth Line","citywide","Proposed","Under review","Retain source massing with cited caveat","Not separately specified","true","false","false","false","Address coordinates are approximate map pins. City snapshot meshes are source massing, not construction drawings; latest approvals and final detailed architecture may differ.","https://www.mississauga.ca/services-and-programs/planning-and-development/development-applications/active-development-applications/5034-5054-5080-ninth-line-oz-opa-21-15-and-21t-m21004-w10/ ; https://urbantoronto.ca/database/projects/5034-5054-5080-ninth-line.48053"
"12-17031","ninth-5034","5034–5080 Ninth Line","citywide","Proposed","Under review","Retain source massing with cited caveat","Not separately specified","true","false","false","false","Address coordinates are approximate map pins. City snapshot meshes are source massing, not construction drawings; latest approvals and final detailed architecture may differ.","https://www.mississauga.ca/services-and-programs/planning-and-development/development-applications/active-development-applications/5034-5054-5080-ninth-line-oz-opa-21-15-and-21t-m21004-w10/ ; https://urbantoronto.ca/database/projects/5034-5054-5080-ninth-line.48053"
"22-14231","city-group-62","5085 McLaughlin Rd.","group-status","Proposed","Minor site-plan application retained; completion unknown","Retain source massing with cited caveat","Not separately specified","true","false","false","false","SP 22 144 source label is the SPM 22 144 minor site-plan record at the exact same 5085 McLaughlin address, within 12 m. Existing office dates do not establish completion of this work.","https://services6.arcgis.com/hM5ymMLbxIyWTjn2/arcgis/rest/services/Growth_Management_%E2%80%93_Issued_Building_Permits/FeatureServer/0/query?f=json&geometry=%7B%22x%22%3A+-79.66588233967978%2C+%22y%22%3A+43.59933421294238%2C+%22spatialReference%22%3A+%7B%22wkid%22%3A+4326%7D%7D&geometryType=esriGeometryPoint&inSR=4326&spatialRel=esriSpatialRelIntersects&distance=90&units=esriSRUnit_Meter&outFields=BuildingPermitNumber%2CIssuedDate%2CBuildingPermitType%2CBuildingPermitScope%2CAddress%2CApprovedUse%2CResidentialUnits%2CNonResidentialGFA_m2&outSR=4326&returnGeometry=true"
"12-17017","tannery-51","51–57 Tannery Street / 208 Emby Drive","citywide","Proposed","Appealed","Retain source massing with cited caveat","Not separately specified","true","false","false","false","Address coordinates are approximate map pins. City snapshot meshes are source massing, not construction drawings; latest approvals and final detailed architecture may differ. Storeys array gives the documented range, not an inferred tower-by-tower distribution.","https://www.mississauga.ca/services-and-programs/planning-and-development/development-applications/active-development-applications/51-and-57-tannery-street-and-208-emby-drive-oz-opa-24-7-w11/ ; https://urbantoronto.ca/forum/threads/toronto-51-57-tannery-49-75m-14s-montcrest-srm-architects.30869/"
"12-17018","tannery-51","51–57 Tannery Street / 208 Emby Drive","citywide","Proposed","Appealed","Retain source massing with cited caveat","Not separately specified","true","false","false","false","Address coordinates are approximate map pins. City snapshot meshes are source massing, not construction drawings; latest approvals and final detailed architecture may differ. Storeys array gives the documented range, not an inferred tower-by-tower distribution.","https://www.mississauga.ca/services-and-programs/planning-and-development/development-applications/active-development-applications/51-and-57-tannery-street-and-208-emby-drive-oz-opa-24-7-w11/ ; https://urbantoronto.ca/forum/threads/toronto-51-57-tannery-49-75m-14s-montcrest-srm-architects.30869/"
"12-17019","tannery-51","51–57 Tannery Street / 208 Emby Drive","citywide","Proposed","Appealed","Retain source massing with cited caveat","Not separately specified","true","false","false","false","Address coordinates are approximate map pins. City snapshot meshes are source massing, not construction drawings; latest approvals and final detailed architecture may differ. Storeys array gives the documented range, not an inferred tower-by-tower distribution.","https://www.mississauga.ca/services-and-programs/planning-and-development/development-applications/active-development-applications/51-and-57-tannery-street-and-208-emby-drive-oz-opa-24-7-w11/ ; https://urbantoronto.ca/forum/threads/toronto-51-57-tannery-49-75m-14s-montcrest-srm-architects.30869/"
"102-7040","lakeview-caven","579–619 Lakeshore / Caven","waterfront","Proposed","Under review","Retain source version in violet; exclude from strict verified scenario","Not separately specified","true","false","false","true","Municipal application still describes three sixteen-storey buildings and one six-storey building. No superseding geometry or official cancellation was found; detailed footprint comparison remains incomplete.","https://www.mississauga.ca/services-and-programs/planning-and-development/development-applications/active-development-applications/579-to-619-lakeshore-road-east-1022-and-1028-caven-street-oz-opa-22-26-w1/ ; https://www.mississauga.ca/wp-content/uploads/2022/12/Geotechnical-Investigation-December-2022.pdf"
"102-7041","lakeview-caven","579–619 Lakeshore / Caven","waterfront","Proposed","Under review","Retain source version in violet; exclude from strict verified scenario","Not separately specified","true","false","false","true","Municipal application still describes three sixteen-storey buildings and one six-storey building. No superseding geometry or official cancellation was found; detailed footprint comparison remains incomplete.","https://www.mississauga.ca/services-and-programs/planning-and-development/development-applications/active-development-applications/579-to-619-lakeshore-road-east-1022-and-1028-caven-street-oz-opa-22-26-w1/ ; https://www.mississauga.ca/wp-content/uploads/2022/12/Geotechnical-Investigation-December-2022.pdf"
"102-7042","lakeview-caven","579–619 Lakeshore / Caven","waterfront","Proposed","Under review","Retain source version in violet; exclude from strict verified scenario","Not separately specified","true","false","false","true","Municipal application still describes three sixteen-storey buildings and one six-storey building. No superseding geometry or official cancellation was found; detailed footprint comparison remains incomplete.","https://www.mississauga.ca/services-and-programs/planning-and-development/development-applications/active-development-applications/579-to-619-lakeshore-road-east-1022-and-1028-caven-street-oz-opa-22-26-w1/ ; https://www.mississauga.ca/wp-content/uploads/2022/12/Geotechnical-Investigation-December-2022.pdf"
"102-7043","lakeview-caven","579–619 Lakeshore / Caven","waterfront","Proposed","Under review","Retain source version in violet; exclude from strict verified scenario","Not separately specified","true","false","false","true","Municipal application still describes three sixteen-storey buildings and one six-storey building. No superseding geometry or official cancellation was found; detailed footprint comparison remains incomplete.","https://www.mississauga.ca/services-and-programs/planning-and-development/development-applications/active-development-applications/579-to-619-lakeshore-road-east-1022-and-1028-caven-street-oz-opa-22-26-w1/ ; https://www.mississauga.ca/wp-content/uploads/2022/12/Geotechnical-Investigation-December-2022.pdf"
"102-7044","lakeview-caven","579–619 Lakeshore / Caven","waterfront","Proposed","Under review","Retain source version in violet; exclude from strict verified scenario","Not separately specified","true","false","false","true","Municipal application still describes three sixteen-storey buildings and one six-storey building. No superseding geometry or official cancellation was found; detailed footprint comparison remains incomplete.","https://www.mississauga.ca/services-and-programs/planning-and-development/development-applications/active-development-applications/579-to-619-lakeshore-road-east-1022-and-1028-caven-street-oz-opa-22-26-w1/ ; https://www.mississauga.ca/wp-content/uploads/2022/12/Geotechnical-Investigation-December-2022.pdf"
"102-7045","lakeview-caven","579–619 Lakeshore / Caven","waterfront","Proposed","Under review","Retain source version in violet; exclude from strict verified scenario","Not separately specified","true","false","false","true","Municipal application still describes three sixteen-storey buildings and one six-storey building. No superseding geometry or official cancellation was found; detailed footprint comparison remains incomplete.","https://www.mississauga.ca/services-and-programs/planning-and-development/development-applications/active-development-applications/579-to-619-lakeshore-road-east-1022-and-1028-caven-street-oz-opa-22-26-w1/ ; https://www.mississauga.ca/wp-content/uploads/2022/12/Geotechnical-Investigation-December-2022.pdf"
"102-7046","lakeview-caven","579–619 Lakeshore / Caven","waterfront","Proposed","Under review","Retain source version in violet; exclude from strict verified scenario","Not separately specified","true","false","false","true","Municipal application still describes three sixteen-storey buildings and one six-storey building. No superseding geometry or official cancellation was found; detailed footprint comparison remains incomplete.","https://www.mississauga.ca/services-and-programs/planning-and-development/development-applications/active-development-applications/579-to-619-lakeshore-road-east-1022-and-1028-caven-street-oz-opa-22-26-w1/ ; https://www.mississauga.ca/wp-content/uploads/2022/12/Geotechnical-Investigation-December-2022.pdf"
"102-7047","lakeview-caven","579–619 Lakeshore / Caven","waterfront","Proposed","Under review","Retain source version in violet; exclude from strict verified scenario","Not separately specified","true","false","false","true","Municipal application still describes three sixteen-storey buildings and one six-storey building. No superseding geometry or official cancellation was found; detailed footprint comparison remains incomplete.","https://www.mississauga.ca/services-and-programs/planning-and-development/development-applications/active-development-applications/579-to-619-lakeshore-road-east-1022-and-1028-caven-street-oz-opa-22-26-w1/ ; https://www.mississauga.ca/wp-content/uploads/2022/12/Geotechnical-Investigation-December-2022.pdf"
"102-7048","lakeview-caven","579–619 Lakeshore / Caven","waterfront","Proposed","Under review","Retain source version in violet; exclude from strict verified scenario","Not separately specified","true","false","false","true","Municipal application still describes three sixteen-storey buildings and one six-storey building. No superseding geometry or official cancellation was found; detailed footprint comparison remains incomplete.","https://www.mississauga.ca/services-and-programs/planning-and-development/development-applications/active-development-applications/579-to-619-lakeshore-road-east-1022-and-1028-caven-street-oz-opa-22-26-w1/ ; https://www.mississauga.ca/wp-content/uploads/2022/12/Geotechnical-Investigation-December-2022.pdf"
"102-7049","lakeview-caven","579–619 Lakeshore / Caven","waterfront","Proposed","Under review","Retain source version in violet; exclude from strict verified scenario","Not separately specified","true","false","false","true","Municipal application still describes three sixteen-storey buildings and one six-storey building. No superseding geometry or official cancellation was found; detailed footprint comparison remains incomplete.","https://www.mississauga.ca/services-and-programs/planning-and-development/development-applications/active-development-applications/579-to-619-lakeshore-road-east-1022-and-1028-caven-street-oz-opa-22-26-w1/ ; https://www.mississauga.ca/wp-content/uploads/2022/12/Geotechnical-Investigation-December-2022.pdf"
"42-809","city-group-10","5830 Campus Rd.","inventory73-status","Proposed","Application retained; current construction and completion unverified","Retain source massing with cited caveat","Not separately specified","true","false","false","false","City August 2025 adjustment agenda links Campus/Airport parcels. Silver Hotel Group headquarters at 5830 Campus is not proof of a new six-storey hotel or carpark opening.","https://services6.arcgis.com/hM5ymMLbxIyWTjn2/arcgis/rest/services/Growth_Management_%E2%80%93_Active_Development_Applications/FeatureServer/0/query?where=OBJECTID%3D2&outFields=*&outSR=4326&f=pjson ; https://pub-mississauga.escribemeetings.com/Meeting.aspx?Id=2ce3aa20-1ad8-4ee0-9bcf-ea6bb48e996e"
"42-810","city-group-10","5830 Campus Rd.","inventory73-status","Proposed","Application retained; current construction and completion unverified","Retain source massing with cited caveat","Not separately specified","true","false","false","false","City August 2025 adjustment agenda links Campus/Airport parcels. Silver Hotel Group headquarters at 5830 Campus is not proof of a new six-storey hotel or carpark opening.","https://services6.arcgis.com/hM5ymMLbxIyWTjn2/arcgis/rest/services/Growth_Management_%E2%80%93_Active_Development_Applications/FeatureServer/0/query?where=OBJECTID%3D2&outFields=*&outSR=4326&f=pjson ; https://pub-mississauga.escribemeetings.com/Meeting.aspx?Id=2ce3aa20-1ad8-4ee0-9bcf-ea6bb48e996e"
"42-811","city-group-10","5830 Campus Rd.","inventory73-status","Proposed","Application retained; current construction and completion unverified","Retain source massing with cited caveat","Not separately specified","true","false","false","false","City August 2025 adjustment agenda links Campus/Airport parcels. Silver Hotel Group headquarters at 5830 Campus is not proof of a new six-storey hotel or carpark opening.","https://services6.arcgis.com/hM5ymMLbxIyWTjn2/arcgis/rest/services/Growth_Management_%E2%80%93_Active_Development_Applications/FeatureServer/0/query?where=OBJECTID%3D2&outFields=*&outSR=4326&f=pjson ; https://pub-mississauga.escribemeetings.com/Meeting.aspx?Id=2ce3aa20-1ad8-4ee0-9bcf-ea6bb48e996e"
"72-6165","lolita-596","596 Lolita Gardens","citywide","Proposed","Under construction; topping out reported","Retain source massing with cited caveat","Not separately specified","true","false","false","false","Do not treat topping out as occupancy. City massing is the proposal source, with final architectural detail unverified.","https://urbantoronto.ca/database/projects/596-lolita-gardens.48021 ; https://everworthrentals.com/wp-content/uploads/2024/04/1710370758408_596_Lolita_Gardens_Newsletter__4_-_12_March_2024.pdf ; https://ca.linkedin.com/company/park-property-management-inc/ ; https://www.parkproperty.ca/apartments/apartments-for-rent"
"22-14225","city-group-59","5985 McLaughlin Rd.","group-status","Proposed","Existing industrial site; proposed addition status unverified","Retain source version in violet; exclude from strict verified scenario","Not separately specified","true","false","false","true","5985 McLaughlin is an established office/warehouse address. Current job listings at the address do not prove SP 24 54 addition completion. Historical 2011 fit-out permit is not current evidence.","https://www.mississauga.ca/file/COM/BLDG_DETAILMAY2011.pdf ; https://services6.arcgis.com/hM5ymMLbxIyWTjn2/arcgis/rest/services/Growth_Management_%E2%80%93_Issued_Building_Permits/FeatureServer/0/query?f=json&geometry=%7B%22x%22%3A+-79.68857881432224%2C+%22y%22%3A+43.61729728181459%2C+%22spatialReference%22%3A+%7B%22wkid%22%3A+4326%7D%7D&geometryType=esriGeometryPoint&inSR=4326&spatialRel=esriSpatialRelIntersects&distance=90&units=esriSRUnit_Meter&outFields=BuildingPermitNumber%2CIssuedDate%2CBuildingPermitType%2CBuildingPermitScope%2CAddress%2CApprovedUse%2CResidentialUnits%2CNonResidentialGFA_m2&outSR=4326&returnGeometry=true"
"13-11416","winston-6020","6020 Winston Churchill Boulevard","citywide","Proposed","Approved; construction reported 2026","Retain source massing with cited caveat","Not separately specified","true","false","false","false","14.6 m City massing and 16.59 m UT overall height use different conventions; do not force an unsupported geometric correction.","https://www.mississauga.ca/wp-content/uploads/2023/06/OZ-22-007-OPA-158-Notice-of-Passing-Public-Notice.pdf ; https://skyrisecities.com/forum/threads/toronto-6020-winston-churchill-boulevard-16-59m-4s-2421845-ontario-inc-john-willmott-architect.33768/ ; https://mpulse.ca/local-developer-builds-affordable-low-rise-housing-in-meadowvale/"
"62-5925","courtney-630","630–670 Courtney Valley Road","citywide","Proposed","Site-plan application retained in June 2026 pipeline","Retain source massing with cited caveat","Not separately specified","true","false","false","false","Age alone is not cancellation. The 2013 application description may not capture subsequent detailed changes; retain only as source massing with unverified delivery.","https://services6.arcgis.com/hM5ymMLbxIyWTjn2/arcgis/rest/services/Growth_Management_%E2%80%93_Active_Development_Applications/FeatureServer/0/query?where=OBJECTID%3D67&outFields=*&outSR=4326&f=pjson ; https://services6.arcgis.com/hM5ymMLbxIyWTjn2/arcgis/rest/services/LOD2_Buildings_Scene/SceneServer"
"62-5926","courtney-630","630–670 Courtney Valley Road","citywide","Proposed","Site-plan application retained in June 2026 pipeline","Retain source massing with cited caveat","Not separately specified","true","false","false","false","Age alone is not cancellation. The 2013 application description may not capture subsequent detailed changes; retain only as source massing with unverified delivery.","https://services6.arcgis.com/hM5ymMLbxIyWTjn2/arcgis/rest/services/Growth_Management_%E2%80%93_Active_Development_Applications/FeatureServer/0/query?where=OBJECTID%3D67&outFields=*&outSR=4326&f=pjson ; https://services6.arcgis.com/hM5ymMLbxIyWTjn2/arcgis/rest/services/LOD2_Buildings_Scene/SceneServer"
"62-5927","courtney-630","630–670 Courtney Valley Road","citywide","Proposed","Site-plan application retained in June 2026 pipeline","Retain source massing with cited caveat","Not separately specified","true","false","false","false","Age alone is not cancellation. The 2013 application description may not capture subsequent detailed changes; retain only as source massing with unverified delivery.","https://services6.arcgis.com/hM5ymMLbxIyWTjn2/arcgis/rest/services/Growth_Management_%E2%80%93_Active_Development_Applications/FeatureServer/0/query?where=OBJECTID%3D67&outFields=*&outSR=4326&f=pjson ; https://services6.arcgis.com/hM5ymMLbxIyWTjn2/arcgis/rest/services/LOD2_Buildings_Scene/SceneServer"
"62-5928","courtney-630","630–670 Courtney Valley Road","citywide","Proposed","Site-plan application retained in June 2026 pipeline","Retain source massing with cited caveat","Not separately specified","true","false","false","false","Age alone is not cancellation. The 2013 application description may not capture subsequent detailed changes; retain only as source massing with unverified delivery.","https://services6.arcgis.com/hM5ymMLbxIyWTjn2/arcgis/rest/services/Growth_Management_%E2%80%93_Active_Development_Applications/FeatureServer/0/query?where=OBJECTID%3D67&outFields=*&outSR=4326&f=pjson ; https://services6.arcgis.com/hM5ymMLbxIyWTjn2/arcgis/rest/services/LOD2_Buildings_Scene/SceneServer"
"62-5929","courtney-630","630–670 Courtney Valley Road","citywide","Proposed","Site-plan application retained in June 2026 pipeline","Retain source massing with cited caveat","Not separately specified","true","false","false","false","Age alone is not cancellation. The 2013 application description may not capture subsequent detailed changes; retain only as source massing with unverified delivery.","https://services6.arcgis.com/hM5ymMLbxIyWTjn2/arcgis/rest/services/Growth_Management_%E2%80%93_Active_Development_Applications/FeatureServer/0/query?where=OBJECTID%3D67&outFields=*&outSR=4326&f=pjson ; https://services6.arcgis.com/hM5ymMLbxIyWTjn2/arcgis/rest/services/LOD2_Buildings_Scene/SceneServer"
"32-919","hurontario-6333","6333 Hurontario self-storage / commercial","citywide","Proposed","Under review","Retain source massing with cited caveat","Not separately specified","true","false","false","false","Address coordinates are approximate map pins. City snapshot meshes are source massing, not construction drawings; latest approvals and final detailed architecture may differ.","https://www.mississauga.ca/services-and-programs/planning-and-development/development-applications/active-development-applications/6333-hurontario-street-oz-21-1-w5/"
"12-16991","thomas-64","64–66 Thomas / Joymar / Tannery","citywide","Proposed","Appealed","Retain source massing with cited caveat","Not separately specified","true","false","false","false","Address coordinates are approximate map pins. City snapshot meshes are source massing, not construction drawings; latest approvals and final detailed architecture may differ.","https://www.mississauga.ca/services-and-programs/planning-and-development/development-applications/active-development-applications/64-66-thomas-street-95-joymar-drive-and-65-tannery-street/ ; https://urbantoronto.ca/database/projects/64-thomas-street.48195"
"12-16992","thomas-64","64–66 Thomas / Joymar / Tannery","citywide","Proposed","Appealed","Retain source massing with cited caveat","Not separately specified","true","false","false","false","Address coordinates are approximate map pins. City snapshot meshes are source massing, not construction drawings; latest approvals and final detailed architecture may differ.","https://www.mississauga.ca/services-and-programs/planning-and-development/development-applications/active-development-applications/64-66-thomas-street-95-joymar-drive-and-65-tannery-street/ ; https://urbantoronto.ca/database/projects/64-thomas-street.48195"
"12-16993","thomas-64","64–66 Thomas / Joymar / Tannery","citywide","Proposed","Appealed","Retain source massing with cited caveat","Not separately specified","true","false","false","false","Address coordinates are approximate map pins. City snapshot meshes are source massing, not construction drawings; latest approvals and final detailed architecture may differ.","https://www.mississauga.ca/services-and-programs/planning-and-development/development-applications/active-development-applications/64-66-thomas-street-95-joymar-drive-and-65-tannery-street/ ; https://urbantoronto.ca/database/projects/64-thomas-street.48195"
"12-16994","thomas-64","64–66 Thomas / Joymar / Tannery","citywide","Proposed","Appealed","Retain source massing with cited caveat","Not separately specified","true","false","false","false","Address coordinates are approximate map pins. City snapshot meshes are source massing, not construction drawings; latest approvals and final detailed architecture may differ.","https://www.mississauga.ca/services-and-programs/planning-and-development/development-applications/active-development-applications/64-66-thomas-street-95-joymar-drive-and-65-tannery-street/ ; https://urbantoronto.ca/database/projects/64-thomas-street.48195"
"12-16995","thomas-64","64–66 Thomas / Joymar / Tannery","citywide","Proposed","Appealed","Retain source massing with cited caveat","Not separately specified","true","false","false","false","Address coordinates are approximate map pins. City snapshot meshes are source massing, not construction drawings; latest approvals and final detailed architecture may differ.","https://www.mississauga.ca/services-and-programs/planning-and-development/development-applications/active-development-applications/64-66-thomas-street-95-joymar-drive-and-65-tannery-street/ ; https://urbantoronto.ca/database/projects/64-thomas-street.48195"
"12-16996","thomas-64","64–66 Thomas / Joymar / Tannery","citywide","Proposed","Appealed","Retain source massing with cited caveat","Not separately specified","true","false","false","false","Address coordinates are approximate map pins. City snapshot meshes are source massing, not construction drawings; latest approvals and final detailed architecture may differ.","https://www.mississauga.ca/services-and-programs/planning-and-development/development-applications/active-development-applications/64-66-thomas-street-95-joymar-drive-and-65-tannery-street/ ; https://urbantoronto.ca/database/projects/64-thomas-street.48195"
"63-6167","agnes-65","65–73 Agnes Street","citywide","Proposed","Site plan under review; revised scheme","Exclude superseded geometry","Not separately specified","false","true","false","false","The older City mesh is based on a 29-storey proposal, with a 90.3 m field matching the old level-29 elevation. Exclude that superseded geometry until the 24-storey plan is reconstructed; expected construction dates do not prove work has begun.","https://services6.arcgis.com/hM5ymMLbxIyWTjn2/arcgis/rest/services/Growth_Management_%E2%80%93_Active_Development_Applications/FeatureServer/0/query?where=OBJECTID%3D133&outFields=*&outSR=4326&f=pjson ; https://pub-mississauga.escribemeetings.com/filestream.ashx?DocumentId=82887 ; https://www.mississauga.ca/wp-content/uploads/2022/09/29114811/W7_65-71_Architectural_Plans_April_2022.pdf"
"63-6168","agnes-65","65–73 Agnes Street","citywide","Proposed","Site plan under review; revised scheme","Exclude superseded geometry","Not separately specified","false","true","false","false","The older City mesh is based on a 29-storey proposal, with a 90.3 m field matching the old level-29 elevation. Exclude that superseded geometry until the 24-storey plan is reconstructed; expected construction dates do not prove work has begun.","https://services6.arcgis.com/hM5ymMLbxIyWTjn2/arcgis/rest/services/Growth_Management_%E2%80%93_Active_Development_Applications/FeatureServer/0/query?where=OBJECTID%3D133&outFields=*&outSR=4326&f=pjson ; https://pub-mississauga.escribemeetings.com/filestream.ashx?DocumentId=82887 ; https://www.mississauga.ca/wp-content/uploads/2022/09/29114811/W7_65-71_Architectural_Plans_April_2022.pdf"
"63-6169","agnes-65","65–73 Agnes Street","citywide","Proposed","Site plan under review; revised scheme","Exclude superseded geometry","Not separately specified","false","true","false","false","The older City mesh is based on a 29-storey proposal, with a 90.3 m field matching the old level-29 elevation. Exclude that superseded geometry until the 24-storey plan is reconstructed; expected construction dates do not prove work has begun.","https://services6.arcgis.com/hM5ymMLbxIyWTjn2/arcgis/rest/services/Growth_Management_%E2%80%93_Active_Development_Applications/FeatureServer/0/query?where=OBJECTID%3D133&outFields=*&outSR=4326&f=pjson ; https://pub-mississauga.escribemeetings.com/filestream.ashx?DocumentId=82887 ; https://www.mississauga.ca/wp-content/uploads/2022/09/29114811/W7_65-71_Architectural_Plans_April_2022.pdf"
"13-11441","city-group-73","6500 Mississauga Rd.","inventory73-status","Proposed","Demolition completed; proposed replacement building completion unverified","Retain source massing with cited caveat","Not separately specified","true","false","false","false","Certificate 648057A2 covers Building and Site Demolition and Abatement at 6500 Mississauga Road. The certificate states substantial performance on May 25, 2025; it was signed September 11 and published September 16, 2025. An October 3, 2025 developer interview describes prepared pads and possible 2026 construction of two speculative warehouses. It gives no completion date for these warehouses. The late-2026/early-2027 delivery dates elsewhere in that RENX article belong to Mobile Climate Control in Brampton, not this site.","https://services6.arcgis.com/hM5ymMLbxIyWTjn2/arcgis/rest/services/Growth_Management_%E2%80%93_Active_Development_Applications/FeatureServer/0/query?where=OBJECTID%3D154&outFields=*&outSR=4326&f=pjson ; https://canada.constructconnect.com/dcn/certificates-and-notices/648057A2-41A4-4811-8C5D-C0E7E2694BDB ; https://renx.ca/panattoni-develop-full-slate-toronto-area-industrial-projects"
"13-11442","city-group-73","6500 Mississauga Rd.","inventory73-status","Proposed","Demolition completed; proposed replacement building completion unverified","Retain source massing with cited caveat","Not separately specified","true","false","false","false","Certificate 648057A2 covers Building and Site Demolition and Abatement at 6500 Mississauga Road. The certificate states substantial performance on May 25, 2025; it was signed September 11 and published September 16, 2025. An October 3, 2025 developer interview describes prepared pads and possible 2026 construction of two speculative warehouses. It gives no completion date for these warehouses. The late-2026/early-2027 delivery dates elsewhere in that RENX article belong to Mobile Climate Control in Brampton, not this site.","https://services6.arcgis.com/hM5ymMLbxIyWTjn2/arcgis/rest/services/Growth_Management_%E2%80%93_Active_Development_Applications/FeatureServer/0/query?where=OBJECTID%3D154&outFields=*&outSR=4326&f=pjson ; https://canada.constructconnect.com/dcn/certificates-and-notices/648057A2-41A4-4811-8C5D-C0E7E2694BDB ; https://renx.ca/panattoni-develop-full-slate-toronto-area-industrial-projects"
"13-11443","city-group-74","6500 Mississauga Rd.","inventory73-status","Proposed","Demolition completed; proposed replacement building completion unverified","Retain source massing with cited caveat","Not separately specified","true","false","false","false","Certificate 648057A2 covers Building and Site Demolition and Abatement at 6500 Mississauga Road. The certificate states substantial performance on May 25, 2025; it was signed September 11 and published September 16, 2025. An October 3, 2025 developer interview describes prepared pads and possible 2026 construction of two speculative warehouses. It gives no completion date for these warehouses. The late-2026/early-2027 delivery dates elsewhere in that RENX article belong to Mobile Climate Control in Brampton, not this site.","https://services6.arcgis.com/hM5ymMLbxIyWTjn2/arcgis/rest/services/Growth_Management_%E2%80%93_Active_Development_Applications/FeatureServer/0/query?where=OBJECTID%3D41&outFields=*&outSR=4326&f=pjson ; https://canada.constructconnect.com/dcn/certificates-and-notices/648057A2-41A4-4811-8C5D-C0E7E2694BDB ; https://renx.ca/panattoni-develop-full-slate-toronto-area-industrial-projects"
"23-6947","city-group-3","6616 McLaughlin Road / City Park Homes","inventory73-status","Proposed","Application retained; current construction and completion unverified","Retain source massing with cited caveat","Not separately specified","true","false","false","false","City notice and tribunal history identify six-storey apartment and detached homes. Current marketing names include McLaughlin Landing/Courtney Point, but no exact completion date is published.","https://services6.arcgis.com/hM5ymMLbxIyWTjn2/arcgis/rest/services/Growth_Management_%E2%80%93_Active_Development_Applications/FeatureServer/0/query?where=OBJECTID%3D125&outFields=*&outSR=4326&f=pjson ; https://www.mississauga.ca/publication/oz-opa-20-14-w11-t-m20003-w11-6616-mclaughlin-road/"
"23-6948","city-group-3","6616 McLaughlin Road / City Park Homes","inventory73-status","Proposed","Application retained; current construction and completion unverified","Retain source massing with cited caveat","Not separately specified","true","false","false","false","City notice and tribunal history identify six-storey apartment and detached homes. Current marketing names include McLaughlin Landing/Courtney Point, but no exact completion date is published.","https://services6.arcgis.com/hM5ymMLbxIyWTjn2/arcgis/rest/services/Growth_Management_%E2%80%93_Active_Development_Applications/FeatureServer/0/query?where=OBJECTID%3D125&outFields=*&outSR=4326&f=pjson ; https://www.mississauga.ca/publication/oz-opa-20-14-w11-t-m20003-w11-6616-mclaughlin-road/"
"23-6949","city-group-4","6620 Rothschild Trail townhouse proposal","inventory73-status","Proposed","Revised 17-home townhouse application under review","Exclude superseded geometry","Not separately specified","false","true","false","false","The February 2025 RN Design site plan replaces the earlier continuous condominium block with three separate townhouse blocks of 3, 6 and 8 homes. The current front elevation labels a 10.69 m maximum building height. City source 23-6949 is one continuous stepped block with a 14.46 m height field and 16.8846 m terrain-inclusive extent. Its footprint was visually checked against the new plan. This is superseded geometry, not a cancelled development.","https://www.mississauga.ca/services-and-programs/planning-and-development/development-applications/active-development-applications/6620-rothschild-trail-oz-opa-19-10-w11/ ; https://www.mississauga.ca/wp-content/uploads/2025/02/13110909/Site-Plan-Concept-OZ-19-10-W11-February-2025.pdf ; https://www.mississauga.ca/wp-content/uploads/2025/02/13110755/Block-Front-Elevation-OZ-19-10-W11-February-2025.pdf ; https://toronto.skyrisecities.com/forum/threads/toronto-6620-rothschild-trail-14-36m-4s-di-blasio-homes-pml-a.30915/"
"23-6946","city-group-2","6710 Hurontario St.","inventory73-status","Proposed","Application retained; current construction and completion unverified","Retain source massing with cited caveat","Not separately specified","true","false","false","false","Exact 2026 inventory specifies a seven-storey office/restaurant/hotel/banquet proposal. Older surrounding-site report described nine storeys. No current start, occupancy or completion evidence found.","https://services6.arcgis.com/hM5ymMLbxIyWTjn2/arcgis/rest/services/Growth_Management_%E2%80%93_Active_Development_Applications/FeatureServer/0/query?where=OBJECTID%3D95&outFields=*&outSR=4326&f=pjson ; https://www.mississauga.ca/wp-content/uploads/2021/04/23101637/W5_6333_Planning_Justification_Report_Dec2020.pdf"
"13-11432","glen-erin-6719","6719–6749 Glen Erin Drive","citywide","Proposed","Approved planning framework; current delivery unverified","Retain source massing with cited caveat","Not separately specified","true","false","false","false","Funding wait-list dates are expectations, not confirmed groundbreaking or occupancy.","https://www.mississauga.ca/wp-content/uploads/2022/08/17092909/OZ-20-019-W9-OPA-149-Notice-of-Passing-Public-Notice.pdf ; https://urbantoronto.ca/database/projects/6719-glen-erin-drive.48155 ; https://www.mississauga.ca/services-and-programs/building-and-renovating/incentives-for-building-affordable-rental-housing/"
"13-11433","glen-erin-6719","6719–6749 Glen Erin Drive","citywide","Proposed","Approved planning framework; current delivery unverified","Retain source massing with cited caveat","Not separately specified","true","false","false","false","Funding wait-list dates are expectations, not confirmed groundbreaking or occupancy.","https://www.mississauga.ca/wp-content/uploads/2022/08/17092909/OZ-20-019-W9-OPA-149-Notice-of-Passing-Public-Notice.pdf ; https://urbantoronto.ca/database/projects/6719-glen-erin-drive.48155 ; https://www.mississauga.ca/services-and-programs/building-and-renovating/incentives-for-building-affordable-rental-housing/"
"13-11434","glen-erin-6719","6719–6749 Glen Erin Drive","citywide","Proposed","Approved planning framework; current delivery unverified","Retain source massing with cited caveat","Not separately specified","true","false","false","false","Funding wait-list dates are expectations, not confirmed groundbreaking or occupancy.","https://www.mississauga.ca/wp-content/uploads/2022/08/17092909/OZ-20-019-W9-OPA-149-Notice-of-Passing-Public-Notice.pdf ; https://urbantoronto.ca/database/projects/6719-glen-erin-drive.48155 ; https://www.mississauga.ca/services-and-programs/building-and-renovating/incentives-for-building-affordable-rental-housing/"
"13-11435","glen-erin-6719","6719–6749 Glen Erin Drive","citywide","Proposed","Approved planning framework; current delivery unverified","Retain source massing with cited caveat","Not separately specified","true","false","false","false","Funding wait-list dates are expectations, not confirmed groundbreaking or occupancy.","https://www.mississauga.ca/wp-content/uploads/2022/08/17092909/OZ-20-019-W9-OPA-149-Notice-of-Passing-Public-Notice.pdf ; https://urbantoronto.ca/database/projects/6719-glen-erin-drive.48155 ; https://www.mississauga.ca/services-and-programs/building-and-renovating/incentives-for-building-affordable-rental-housing/"
"13-11436","glen-erin-6719","6719–6749 Glen Erin Drive","citywide","Proposed","Approved planning framework; current delivery unverified","Retain source massing with cited caveat","Not separately specified","true","false","false","false","Funding wait-list dates are expectations, not confirmed groundbreaking or occupancy.","https://www.mississauga.ca/wp-content/uploads/2022/08/17092909/OZ-20-019-W9-OPA-149-Notice-of-Passing-Public-Notice.pdf ; https://urbantoronto.ca/database/projects/6719-glen-erin-drive.48155 ; https://www.mississauga.ca/services-and-programs/building-and-renovating/incentives-for-building-affordable-rental-housing/"
"13-11437","glen-erin-6719","6719–6749 Glen Erin Drive","citywide","Proposed","Approved planning framework; current delivery unverified","Retain source massing with cited caveat","Not separately specified","true","false","false","false","Funding wait-list dates are expectations, not confirmed groundbreaking or occupancy.","https://www.mississauga.ca/wp-content/uploads/2022/08/17092909/OZ-20-019-W9-OPA-149-Notice-of-Passing-Public-Notice.pdf ; https://urbantoronto.ca/database/projects/6719-glen-erin-drive.48155 ; https://www.mississauga.ca/services-and-programs/building-and-renovating/incentives-for-building-affordable-rental-housing/"
"72-6105","john-69","69–117 John Street","citywide","Proposed","Under review; live landing page unavailable","Exclude superseded geometry","Not separately specified","false","true","false","false","October 2025 latest 32/31/24 storey design supersedes older 31/30/20; City component heights 96/93/63 m are consistent with older arrangement. Conservatively exclude until drawing geometry reconciliation.","https://www.mississauga.ca/wp-content/uploads/2025/09/19121446/Shadow-Study-Report-OZ-OPA-24-16-W7-October-2025.pdf ; https://www.mississauga.ca/wp-content/uploads/2025/09/19121510/Cover-Letter-OZ-OPA-24-16-OZ-OPA-24-16-W7-October-2025.pdf ; https://urbantoronto.ca/news/2025/02/three-tower-proposal-would-add-density-near-cooksville-go-hurontario-lrt.57906"
"72-6106","john-69","69–117 John Street","citywide","Proposed","Under review; live landing page unavailable","Exclude superseded geometry","Not separately specified","false","true","false","false","October 2025 latest 32/31/24 storey design supersedes older 31/30/20; City component heights 96/93/63 m are consistent with older arrangement. Conservatively exclude until drawing geometry reconciliation.","https://www.mississauga.ca/wp-content/uploads/2025/09/19121446/Shadow-Study-Report-OZ-OPA-24-16-W7-October-2025.pdf ; https://www.mississauga.ca/wp-content/uploads/2025/09/19121510/Cover-Letter-OZ-OPA-24-16-OZ-OPA-24-16-W7-October-2025.pdf ; https://urbantoronto.ca/news/2025/02/three-tower-proposal-would-add-density-near-cooksville-go-hurontario-lrt.57906"
"72-6107","john-69","69–117 John Street","citywide","Proposed","Under review; live landing page unavailable","Exclude superseded geometry","Not separately specified","false","true","false","false","October 2025 latest 32/31/24 storey design supersedes older 31/30/20; City component heights 96/93/63 m are consistent with older arrangement. Conservatively exclude until drawing geometry reconciliation.","https://www.mississauga.ca/wp-content/uploads/2025/09/19121446/Shadow-Study-Report-OZ-OPA-24-16-W7-October-2025.pdf ; https://www.mississauga.ca/wp-content/uploads/2025/09/19121510/Cover-Letter-OZ-OPA-24-16-OZ-OPA-24-16-W7-October-2025.pdf ; https://urbantoronto.ca/news/2025/02/three-tower-proposal-would-add-density-near-cooksville-go-hurontario-lrt.57906"
"72-6108","john-69","69–117 John Street","citywide","Proposed","Under review; live landing page unavailable","Exclude superseded geometry","Not separately specified","false","true","false","false","October 2025 latest 32/31/24 storey design supersedes older 31/30/20; City component heights 96/93/63 m are consistent with older arrangement. Conservatively exclude until drawing geometry reconciliation.","https://www.mississauga.ca/wp-content/uploads/2025/09/19121446/Shadow-Study-Report-OZ-OPA-24-16-W7-October-2025.pdf ; https://www.mississauga.ca/wp-content/uploads/2025/09/19121510/Cover-Letter-OZ-OPA-24-16-OZ-OPA-24-16-W7-October-2025.pdf ; https://urbantoronto.ca/news/2025/02/three-tower-proposal-would-add-density-near-cooksville-go-hurontario-lrt.57906"
"72-6109","john-69","69–117 John Street","citywide","Proposed","Under review; live landing page unavailable","Exclude superseded geometry","Not separately specified","false","true","false","false","October 2025 latest 32/31/24 storey design supersedes older 31/30/20; City component heights 96/93/63 m are consistent with older arrangement. Conservatively exclude until drawing geometry reconciliation.","https://www.mississauga.ca/wp-content/uploads/2025/09/19121446/Shadow-Study-Report-OZ-OPA-24-16-W7-October-2025.pdf ; https://www.mississauga.ca/wp-content/uploads/2025/09/19121510/Cover-Letter-OZ-OPA-24-16-OZ-OPA-24-16-W7-October-2025.pdf ; https://urbantoronto.ca/news/2025/02/three-tower-proposal-would-add-density-near-cooksville-go-hurontario-lrt.57906"
"72-6110","john-69","69–117 John Street","citywide","Proposed","Under review; live landing page unavailable","Exclude superseded geometry","Not separately specified","false","true","false","false","October 2025 latest 32/31/24 storey design supersedes older 31/30/20; City component heights 96/93/63 m are consistent with older arrangement. Conservatively exclude until drawing geometry reconciliation.","https://www.mississauga.ca/wp-content/uploads/2025/09/19121446/Shadow-Study-Report-OZ-OPA-24-16-W7-October-2025.pdf ; https://www.mississauga.ca/wp-content/uploads/2025/09/19121510/Cover-Letter-OZ-OPA-24-16-OZ-OPA-24-16-W7-October-2025.pdf ; https://urbantoronto.ca/news/2025/02/three-tower-proposal-would-add-density-near-cooksville-go-hurontario-lrt.57906"
"72-6111","john-69","69–117 John Street","citywide","Proposed","Under review; live landing page unavailable","Exclude superseded geometry","Not separately specified","false","true","false","false","October 2025 latest 32/31/24 storey design supersedes older 31/30/20; City component heights 96/93/63 m are consistent with older arrangement. Conservatively exclude until drawing geometry reconciliation.","https://www.mississauga.ca/wp-content/uploads/2025/09/19121446/Shadow-Study-Report-OZ-OPA-24-16-W7-October-2025.pdf ; https://www.mississauga.ca/wp-content/uploads/2025/09/19121510/Cover-Letter-OZ-OPA-24-16-OZ-OPA-24-16-W7-October-2025.pdf ; https://urbantoronto.ca/news/2025/02/three-tower-proposal-would-add-density-near-cooksville-go-hurontario-lrt.57906"
"42-808","city-group-9","6969 Rexwood Road","group-status","Proposed","Current project status unverified","Retain source version in violet; exclude from strict verified scenario","Not separately specified","true","false","false","true","Exact address and application searches returned no relevant indexed current evidence. City issued-permit radius search was empty. No cancellation inferred.","https://services6.arcgis.com/hM5ymMLbxIyWTjn2/arcgis/rest/services/Growth_Management_%E2%80%93_Issued_Building_Permits/FeatureServer/0/query?f=json&geometry=%7B%22x%22%3A+-79.62625321257399%2C+%22y%22%3A+43.71544796677629%2C+%22spatialReference%22%3A+%7B%22wkid%22%3A+4326%7D%7D&geometryType=esriGeometryPoint&inSR=4326&spatialRel=esriSpatialRelIntersects&distance=90&units=esriSRUnit_Meter&outFields=BuildingPermitNumber%2CIssuedDate%2CBuildingPermitType%2CBuildingPermitScope%2CAddress%2CApprovedUse%2CResidentialUnits%2CNonResidentialGFA_m2&outSR=4326&returnGeometry=true"
"92-4843","port-credit-70-park","70 Park infill","waterfront","Proposed","Tribunal settlement approved; preconstruction","Exclude superseded geometry","Not separately specified","false","true","false","false","The City October 2025 report records a July 2025 settlement at 33 storeys and 107.7 m. Source tower height 126.3 m belongs to the earlier proposal.","https://pub-mississauga.escribemeetings.com/filestream.ashx?DocumentId=78584 ; https://www.mississauga.ca/publication/oz-opa-23-1-w1-23-25-29-and-31-helene-street-north-53-queen-street-east-and-70-park-street-east/"
"92-4844","port-credit-70-park","70 Park infill","waterfront","Proposed","Tribunal settlement approved; preconstruction","Exclude superseded geometry","Not separately specified","false","true","false","false","The City October 2025 report records a July 2025 settlement at 33 storeys and 107.7 m. Source tower height 126.3 m belongs to the earlier proposal.","https://pub-mississauga.escribemeetings.com/filestream.ashx?DocumentId=78584 ; https://www.mississauga.ca/publication/oz-opa-23-1-w1-23-25-29-and-31-helene-street-north-53-queen-street-east-and-70-park-street-east/"
"92-4845","port-credit-70-park","70 Park infill","waterfront","Proposed","Tribunal settlement approved; preconstruction","Exclude superseded geometry","Not separately specified","false","true","false","false","The City October 2025 report records a July 2025 settlement at 33 storeys and 107.7 m. Source tower height 126.3 m belongs to the earlier proposal.","https://pub-mississauga.escribemeetings.com/filestream.ashx?DocumentId=78584 ; https://www.mississauga.ca/publication/oz-opa-23-1-w1-23-25-29-and-31-helene-street-north-53-queen-street-east-and-70-park-street-east/"
"31-195","city-group-129","7015 Kennedy Rd.","inventory73-status","Proposed","Application retained; current construction and completion unverified","Retain source massing with cited caveat","Not separately specified","true","false","false","false","No exact current completion evidence found for the gas-station redevelopment. Unrelated Markham Kennedy applications and generic fuel-station operation are not accepted.","https://services6.arcgis.com/hM5ymMLbxIyWTjn2/arcgis/rest/services/Growth_Management_%E2%80%93_Active_Development_Applications/FeatureServer/0/query?where=OBJECTID%3D105&outFields=*&outSR=4326&f=pjson"
"21-4736","city-group-154","7055 Derrycrest Dr.","inventory73-status","Proposed","Application retained; current construction and completion unverified","Retain source massing with cited caveat","Not separately specified","true","false","false","false","April 2026 City comments concern temporary vehicle use, while developer describes an upcoming hotel. Temporary commercial activity does not complete the seven-storey hotel.","https://services6.arcgis.com/hM5ymMLbxIyWTjn2/arcgis/rest/services/Growth_Management_%E2%80%93_Active_Development_Applications/FeatureServer/0/query?where=OBJECTID%3D177&outFields=*&outSR=4326&f=pjson ; https://pub-mississauga.escribemeetings.com/filestream.ashx?DocumentId=83979 ; https://dass.ca/navjot-dass-strategic-oversight-of-jdass-groups-upcoming-projects/"
"21-4737","city-group-154","7055 Derrycrest Dr.","inventory73-status","Proposed","Application retained; current construction and completion unverified","Retain source massing with cited caveat","Not separately specified","true","false","false","false","April 2026 City comments concern temporary vehicle use, while developer describes an upcoming hotel. Temporary commercial activity does not complete the seven-storey hotel.","https://services6.arcgis.com/hM5ymMLbxIyWTjn2/arcgis/rest/services/Growth_Management_%E2%80%93_Active_Development_Applications/FeatureServer/0/query?where=OBJECTID%3D177&outFields=*&outSR=4326&f=pjson ; https://pub-mississauga.escribemeetings.com/filestream.ashx?DocumentId=83979 ; https://dass.ca/navjot-dass-strategic-oversight-of-jdass-groups-upcoming-projects/"
"41-7753","city-group-166","7055 Tranmere Dr.","inventory73-status","Proposed","Application retained; current construction and completion unverified","Retain source massing with cited caveat","Not separately specified","true","false","false","false","City 2022 consent comments distinguish the existing frontage industrial building and vacant rear land. Current businesses do not establish the new warehouse complete.","https://services6.arcgis.com/hM5ymMLbxIyWTjn2/arcgis/rest/services/Growth_Management_%E2%80%93_Active_Development_Applications/FeatureServer/0/query?where=OBJECTID%3D32&outFields=*&outSR=4326&f=pjson ; https://pub-mississauga.escribemeetings.com/filestream.ashx?DocumentId=22288"
"41-7750","city-group-163","7062 Airport Rd.","inventory73-status","Proposed","Application retained; current construction and completion unverified","Retain source massing with cited caveat","Not separately specified","true","false","false","false","City notice confirms two-storey office/retail rezoning. No exact current start/completion evidence found.","https://services6.arcgis.com/hM5ymMLbxIyWTjn2/arcgis/rest/services/Growth_Management_%E2%80%93_Active_Development_Applications/FeatureServer/0/query?where=OBJECTID%3D30&outFields=*&outSR=4326&f=pjson ; https://www.mississauga.ca/publication/oz-22-8-w5-7062-airport-road/"
"21-4735","city-group-153","7114 Hurontario Street hotel proposal","inventory73-status","Proposed","Application retained; current construction and completion unverified","Retain source massing with cited caveat","Not separately specified","true","false","false","false","JDass September 2025 project update calls this an upcoming hotel; 2024 tribunal record concerns temporary vehicle use. Current 10-storey hotel is not established complete and source Skye Residences name is not evidence of delivered housing.","https://services6.arcgis.com/hM5ymMLbxIyWTjn2/arcgis/rest/services/Growth_Management_%E2%80%93_Active_Development_Applications/FeatureServer/0/query?where=OBJECTID%3D46&outFields=*&outSR=4326&f=pjson ; https://dass.ca/preet-dass-preparing-jdass-group-for-the-next-wave-of-projects/ ; https://www.omb.gov.on.ca/e-decisions/OLT-24-000057-APR-29-2024.PDF"
"41-7744","goreway-7170","7170 Goreway Drive","citywide","Proposed","Under review","Retain source massing with cited caveat","Not separately specified","true","false","false","false","Address coordinates are approximate map pins. City snapshot meshes are source massing, not construction drawings; latest approvals and final detailed architecture may differ.","https://www.mississauga.ca/services-and-programs/planning-and-development/development-applications/active-development-applications/7170-goreway-drive-oz-18-13-w5/"
"41-7745","goreway-7170","7170 Goreway Drive","citywide","Proposed","Under review","Retain source massing with cited caveat","Not separately specified","true","false","false","false","Address coordinates are approximate map pins. City snapshot meshes are source massing, not construction drawings; latest approvals and final detailed architecture may differ.","https://www.mississauga.ca/services-and-programs/planning-and-development/development-applications/active-development-applications/7170-goreway-drive-oz-18-13-w5/"
"41-7746","goreway-7170","7170 Goreway Drive","citywide","Proposed","Under review","Retain source massing with cited caveat","Not separately specified","true","false","false","false","Address coordinates are approximate map pins. City snapshot meshes are source massing, not construction drawings; latest approvals and final detailed architecture may differ.","https://www.mississauga.ca/services-and-programs/planning-and-development/development-applications/active-development-applications/7170-goreway-drive-oz-18-13-w5/"
"41-7747","city-group-162","7211 & 7233 Airport Rd.","group-status","Proposed","Revised six-storey rental proposal; delivery unknown","Retain source massing with cited caveat","Not separately specified","true","false","false","false","January 15, 2025 Council recommendation notice documents 125 units and ground retail, replacing earlier five-storey seniors concept. Do not infer whole-project cancellation from old proposal changes.","https://www.mississauga.ca/wp-content/uploads/2024/12/17163434/OZ-OPA-18-08-W5-Notice.pdf ; https://services6.arcgis.com/hM5ymMLbxIyWTjn2/arcgis/rest/services/Growth_Management_%E2%80%93_Issued_Building_Permits/FeatureServer/0/query?f=json&geometry=%7B%22x%22%3A+-79.64806258590146%2C+%22y%22%3A+43.708498036791696%2C+%22spatialReference%22%3A+%7B%22wkid%22%3A+4326%7D%7D&geometryType=esriGeometryPoint&inSR=4326&spatialRel=esriSpatialRelIntersects&distance=90&units=esriSRUnit_Meter&outFields=BuildingPermitNumber%2CIssuedDate%2CBuildingPermitType%2CBuildingPermitScope%2CAddress%2CApprovedUse%2CResidentialUnits%2CNonResidentialGFA_m2&outSR=4326&returnGeometry=true"
"41-7748","city-group-162","7211 & 7233 Airport Rd.","group-status","Proposed","Revised six-storey rental proposal; delivery unknown","Retain source massing with cited caveat","Not separately specified","true","false","false","false","January 15, 2025 Council recommendation notice documents 125 units and ground retail, replacing earlier five-storey seniors concept. Do not infer whole-project cancellation from old proposal changes.","https://www.mississauga.ca/wp-content/uploads/2024/12/17163434/OZ-OPA-18-08-W5-Notice.pdf ; https://services6.arcgis.com/hM5ymMLbxIyWTjn2/arcgis/rest/services/Growth_Management_%E2%80%93_Issued_Building_Permits/FeatureServer/0/query?f=json&geometry=%7B%22x%22%3A+-79.64806258590146%2C+%22y%22%3A+43.708498036791696%2C+%22spatialReference%22%3A+%7B%22wkid%22%3A+4326%7D%7D&geometryType=esriGeometryPoint&inSR=4326&spatialRel=esriSpatialRelIntersects&distance=90&units=esriSRUnit_Meter&outFields=BuildingPermitNumber%2CIssuedDate%2CBuildingPermitType%2CBuildingPermitScope%2CAddress%2CApprovedUse%2CResidentialUnits%2CNonResidentialGFA_m2&outSR=4326&returnGeometry=true"
"41-7749","city-group-162","7211 & 7233 Airport Rd.","group-status","Proposed","Revised six-storey rental proposal; delivery unknown","Retain source massing with cited caveat","Not separately specified","true","false","false","false","January 15, 2025 Council recommendation notice documents 125 units and ground retail, replacing earlier five-storey seniors concept. Do not infer whole-project cancellation from old proposal changes.","https://www.mississauga.ca/wp-content/uploads/2024/12/17163434/OZ-OPA-18-08-W5-Notice.pdf ; https://services6.arcgis.com/hM5ymMLbxIyWTjn2/arcgis/rest/services/Growth_Management_%E2%80%93_Issued_Building_Permits/FeatureServer/0/query?f=json&geometry=%7B%22x%22%3A+-79.64806258590146%2C+%22y%22%3A+43.708498036791696%2C+%22spatialReference%22%3A+%7B%22wkid%22%3A+4326%7D%7D&geometryType=esriGeometryPoint&inSR=4326&spatialRel=esriSpatialRelIntersects&distance=90&units=esriSRUnit_Meter&outFields=BuildingPermitNumber%2CIssuedDate%2CBuildingPermitType%2CBuildingPermitScope%2CAddress%2CApprovedUse%2CResidentialUnits%2CNonResidentialGFA_m2&outSR=4326&returnGeometry=true"
"41-7751","city-group-164","7255 Torbram Rd.","inventory73-status","Proposed","Application retained; current construction and completion unverified","Retain source massing with cited caveat","Not separately specified","true","false","false","false","Bank and retail operation at the larger address do not complete the proposed motor-vehicle repair facility. No exact current delivery evidence found.","https://services6.arcgis.com/hM5ymMLbxIyWTjn2/arcgis/rest/services/Growth_Management_%E2%80%93_Active_Development_Applications/FeatureServer/0/query?where=OBJECTID%3D196&outFields=*&outSR=4326&f=pjson"
"83-1947","city-group-156","805 Winston Churchill Blvd.","group-status","Proposed","Employment redevelopment retained; current construction unknown","Retain source version in violet; exclude from strict verified scenario","Not separately specified","true","false","false","true","Official planning history covers 701–805 Winston Churchill. Oakville 2024 traffic report still treats it as future development and identifies 759 as an alias. No exact current completion evidence.","https://www.mississauga.ca/wp-content/uploads/2020/09/13140903/04_11_16_-_PDC_Agenda-1-1.pdf ; https://www.oakville.ca/getmedia/2bcd86e0-4585-455f-b538-052f4a46eddd/sp-160102901-TIS_TruckTurning-S5.pdf ; https://services6.arcgis.com/hM5ymMLbxIyWTjn2/arcgis/rest/services/Growth_Management_%E2%80%93_Issued_Building_Permits/FeatureServer/0/query?f=json&geometry=%7B%22x%22%3A+-79.63853623925023%2C+%22y%22%3A+43.4931877608898%2C+%22spatialReference%22%3A+%7B%22wkid%22%3A+4326%7D%7D&geometryType=esriGeometryPoint&inSR=4326&spatialRel=esriSpatialRelIntersects&distance=90&units=esriSRUnit_Meter&outFields=BuildingPermitNumber%2CIssuedDate%2CBuildingPermitType%2CBuildingPermitScope%2CAddress%2CApprovedUse%2CResidentialUnits%2CNonResidentialGFA_m2&outSR=4326&returnGeometry=true"
"83-1948","city-group-156","805 Winston Churchill Blvd.","group-status","Proposed","Employment redevelopment retained; current construction unknown","Retain source version in violet; exclude from strict verified scenario","Not separately specified","true","false","false","true","Official planning history covers 701–805 Winston Churchill. Oakville 2024 traffic report still treats it as future development and identifies 759 as an alias. No exact current completion evidence.","https://www.mississauga.ca/wp-content/uploads/2020/09/13140903/04_11_16_-_PDC_Agenda-1-1.pdf ; https://www.oakville.ca/getmedia/2bcd86e0-4585-455f-b538-052f4a46eddd/sp-160102901-TIS_TruckTurning-S5.pdf ; https://services6.arcgis.com/hM5ymMLbxIyWTjn2/arcgis/rest/services/Growth_Management_%E2%80%93_Issued_Building_Permits/FeatureServer/0/query?f=json&geometry=%7B%22x%22%3A+-79.63853623925023%2C+%22y%22%3A+43.4931877608898%2C+%22spatialReference%22%3A+%7B%22wkid%22%3A+4326%7D%7D&geometryType=esriGeometryPoint&inSR=4326&spatialRel=esriSpatialRelIntersects&distance=90&units=esriSRUnit_Meter&outFields=BuildingPermitNumber%2CIssuedDate%2CBuildingPermitType%2CBuildingPermitScope%2CAddress%2CApprovedUse%2CResidentialUnits%2CNonResidentialGFA_m2&outSR=4326&returnGeometry=true"
"102-7068","city-group-18","857 & 859 Lakeshore Rd. East","inventory73-status","Proposed","Application retained; current construction and completion unverified","Retain source massing with cited caveat","Not separately specified","true","false","false","false","City 2022 adjustment comments and subsequent land marketing concern a four-storey mixed-use proposal. Sale/listing of existing land/building does not establish delivery of the proposed building.","https://services6.arcgis.com/hM5ymMLbxIyWTjn2/arcgis/rest/services/Growth_Management_%E2%80%93_Active_Development_Applications/FeatureServer/0/query?where=OBJECTID%3D103&outFields=*&outSR=4326&f=pjson ; https://pub-mississauga.escribemeetings.com/filestream.ashx?DocumentId=22061"
"12-17049","city-group-121","86 Thomas St.","group-status","Proposed","Appealed proposal","Retain source massing with cited caveat","Not separately specified","true","false","false","false","City live application page retains ten back-to-back townhouses. Old withdrawn four-detached proposal is a different scheme. No completion date published.","https://www.mississauga.ca/services-and-programs/planning-and-development/development-applications/active-development-applications/86-thomas-street-oz-20-11-w11/ ; https://services6.arcgis.com/hM5ymMLbxIyWTjn2/arcgis/rest/services/Growth_Management_%E2%80%93_Issued_Building_Permits/FeatureServer/0/query?f=json&geometry=%7B%22x%22%3A+-79.71652973830533%2C+%22y%22%3A+43.576590534639536%2C+%22spatialReference%22%3A+%7B%22wkid%22%3A+4326%7D%7D&geometryType=esriGeometryPoint&inSR=4326&spatialRel=esriSpatialRelIntersects&distance=90&units=esriSRUnit_Meter&outFields=BuildingPermitNumber%2CIssuedDate%2CBuildingPermitType%2CBuildingPermitScope%2CAddress%2CApprovedUse%2CResidentialUnits%2CNonResidentialGFA_m2&outSR=4326&returnGeometry=true"
"12-17050","city-group-121","86 Thomas St.","group-status","Proposed","Appealed proposal","Retain source massing with cited caveat","Not separately specified","true","false","false","false","City live application page retains ten back-to-back townhouses. Old withdrawn four-detached proposal is a different scheme. No completion date published.","https://www.mississauga.ca/services-and-programs/planning-and-development/development-applications/active-development-applications/86-thomas-street-oz-20-11-w11/ ; https://services6.arcgis.com/hM5ymMLbxIyWTjn2/arcgis/rest/services/Growth_Management_%E2%80%93_Issued_Building_Permits/FeatureServer/0/query?f=json&geometry=%7B%22x%22%3A+-79.71652973830533%2C+%22y%22%3A+43.576590534639536%2C+%22spatialReference%22%3A+%7B%22wkid%22%3A+4326%7D%7D&geometryType=esriGeometryPoint&inSR=4326&spatialRel=esriSpatialRelIntersects&distance=90&units=esriSRUnit_Meter&outFields=BuildingPermitNumber%2CIssuedDate%2CBuildingPermitType%2CBuildingPermitScope%2CAddress%2CApprovedUse%2CResidentialUnits%2CNonResidentialGFA_m2&outSR=4326&returnGeometry=true"
"102-7073","city-group-21","865 Lakeshore Rd. East","inventory73-status","Proposed","Application retained; current construction and completion unverified","Retain source massing with cited caveat","Not separately specified","true","false","false","false","November 2025 City planning context says SP 24/51 is in process for a three-storey mixed-use building. No actual delivery date found.","https://services6.arcgis.com/hM5ymMLbxIyWTjn2/arcgis/rest/services/Growth_Management_%E2%80%93_Active_Development_Applications/FeatureServer/0/query?where=OBJECTID%3D37&outFields=*&outSR=4326&f=pjson ; https://www.mississauga.ca/wp-content/uploads/2026/02/13121528/MOPA204.pdf"
"92-4850","port-credit-88-park","88 Park / Port Credit mobility hub","waterfront","Proposed","Tribunal settlement; preconstruction","Retain source version in violet; exclude from strict verified scenario","Not separately specified","true","false","false","true","March 2025 settlement is 36/29 storeys and 131.5/104.7 m. Source components are at most 88.56 m and their bounding boxes confirm an unresolved mismatch.","https://pub-mississauga.escribemeetings.com/filestream.ashx?DocumentId=78584 ; https://www.mississauga.ca/wp-content/uploads/2025/06/18125538/Planning-Rationale-OZ-OPA-25-10-W1-June-2025.pdf"
"92-4851","port-credit-88-park","88 Park / Port Credit mobility hub","waterfront","Proposed","Tribunal settlement; preconstruction","Retain source version in violet; exclude from strict verified scenario","Not separately specified","true","false","false","true","March 2025 settlement is 36/29 storeys and 131.5/104.7 m. Source components are at most 88.56 m and their bounding boxes confirm an unresolved mismatch.","https://pub-mississauga.escribemeetings.com/filestream.ashx?DocumentId=78584 ; https://www.mississauga.ca/wp-content/uploads/2025/06/18125538/Planning-Rationale-OZ-OPA-25-10-W1-June-2025.pdf"
"92-4852","port-credit-88-park","88 Park / Port Credit mobility hub","waterfront","Proposed","Tribunal settlement; preconstruction","Retain source version in violet; exclude from strict verified scenario","Not separately specified","true","false","false","true","March 2025 settlement is 36/29 storeys and 131.5/104.7 m. Source components are at most 88.56 m and their bounding boxes confirm an unresolved mismatch.","https://pub-mississauga.escribemeetings.com/filestream.ashx?DocumentId=78584 ; https://www.mississauga.ca/wp-content/uploads/2025/06/18125538/Planning-Rationale-OZ-OPA-25-10-W1-June-2025.pdf"
"92-4853","port-credit-88-park","88 Park / Port Credit mobility hub","waterfront","Proposed","Tribunal settlement; preconstruction","Retain source version in violet; exclude from strict verified scenario","Not separately specified","true","false","false","true","March 2025 settlement is 36/29 storeys and 131.5/104.7 m. Source components are at most 88.56 m and their bounding boxes confirm an unresolved mismatch.","https://pub-mississauga.escribemeetings.com/filestream.ashx?DocumentId=78584 ; https://www.mississauga.ca/wp-content/uploads/2025/06/18125538/Planning-Rationale-OZ-OPA-25-10-W1-June-2025.pdf"
"92-4854","port-credit-88-park","88 Park / Port Credit mobility hub","waterfront","Proposed","Tribunal settlement; preconstruction","Retain source version in violet; exclude from strict verified scenario","Not separately specified","true","false","false","true","March 2025 settlement is 36/29 storeys and 131.5/104.7 m. Source components are at most 88.56 m and their bounding boxes confirm an unresolved mismatch.","https://pub-mississauga.escribemeetings.com/filestream.ashx?DocumentId=78584 ; https://www.mississauga.ca/wp-content/uploads/2025/06/18125538/Planning-Rationale-OZ-OPA-25-10-W1-June-2025.pdf"
"92-4855","port-credit-88-park","88 Park / Port Credit mobility hub","waterfront","Proposed","Tribunal settlement; preconstruction","Retain source version in violet; exclude from strict verified scenario","Not separately specified","true","false","false","true","March 2025 settlement is 36/29 storeys and 131.5/104.7 m. Source components are at most 88.56 m and their bounding boxes confirm an unresolved mismatch.","https://pub-mississauga.escribemeetings.com/filestream.ashx?DocumentId=78584 ; https://www.mississauga.ca/wp-content/uploads/2025/06/18125538/Planning-Rationale-OZ-OPA-25-10-W1-June-2025.pdf"
"92-4856","port-credit-88-park","88 Park / Port Credit mobility hub","waterfront","Proposed","Tribunal settlement; preconstruction","Retain source version in violet; exclude from strict verified scenario","Not separately specified","true","false","false","true","March 2025 settlement is 36/29 storeys and 131.5/104.7 m. Source components are at most 88.56 m and their bounding boxes confirm an unresolved mismatch.","https://pub-mississauga.escribemeetings.com/filestream.ashx?DocumentId=78584 ; https://www.mississauga.ca/wp-content/uploads/2025/06/18125538/Planning-Rationale-OZ-OPA-25-10-W1-June-2025.pdf"
"71-6193","city-group-140","900 Eglinton Ave. East","inventory73-status","Proposed","Application retained; current construction and completion unverified","Retain source massing with cited caveat","Not separately specified","true","false","false","false","Ward 3 describes the new Bani Hashim religious-assembly proposal as under review. Temporary tents or existing worship activity cannot complete the permanent proposed building.","https://services6.arcgis.com/hM5ymMLbxIyWTjn2/arcgis/rest/services/Growth_Management_%E2%80%93_Active_Development_Applications/FeatureServer/0/query?where=OBJECTID%3D76&outFields=*&outSR=4326&f=pjson ; https://chrisfonseca.ca/900-eglinton-ave-e-oz-19-002-w3/"
"93-741","lakeshore-west-900","900 Lakeshore Road West","waterfront","Proposed","Under review","Exclude superseded geometry","Not separately specified","false","true","false","false","March 2026 elevation reduces ten storeys to nine and main building height from 32.2 m to 29.2 m.","https://www.mississauga.ca/wp-content/uploads/2025/09/26112747/Elevation-Plan-East-OZ-OPA-25-8-W2-March-2026.pdf ; https://www.mississauga.ca/services-and-programs/planning-and-development/development-applications/active-development-applications/900-lakeshore-road-west-oz-opa-25-8-w2/"
"83-1949","city-group-157","939 Winston Churchill Blvd.","group-status","Proposed","Storage domes existing by October 2025; approval process ongoing","Retain source massing with cited caveat","Not separately specified","true","false","false","false","City A338.25 memorandum specifically calls the storage domes existing and references the exact SP 20/111. This is stronger than generic business operation. Completion date is unpublished; legal approval/permit finalization is separate.","https://pub-mississauga.escribemeetings.com/filestream.ashx?DocumentId=78237 ; https://services6.arcgis.com/hM5ymMLbxIyWTjn2/arcgis/rest/services/Growth_Management_%E2%80%93_Issued_Building_Permits/FeatureServer/0/query?f=json&geometry=%7B%22x%22%3A+-79.64354151120244%2C+%22y%22%3A+43.495362420051215%2C+%22spatialReference%22%3A+%7B%22wkid%22%3A+4326%7D%7D&geometryType=esriGeometryPoint&inSR=4326&spatialRel=esriSpatialRelIntersects&distance=90&units=esriSRUnit_Meter&outFields=BuildingPermitNumber%2CIssuedDate%2CBuildingPermitType%2CBuildingPermitScope%2CAddress%2CApprovedUse%2CResidentialUnits%2CNonResidentialGFA_m2&outSR=4326&returnGeometry=true"
"71-6185","city-group-134","971 Burnhamthorpe Rd.","group-status","Proposed","Planning approval reinstated; delivery unverified","Retain source massing with cited caveat","Not separately specified","true","false","false","false","January 2024 recommendation reinstated prior approval and applied holding provision for six-storey mixed-use building. UT current database says preconstruction. No actual completion date.","https://www.mississauga.ca/wp-content/uploads/2024/05/13145407/MOPA-171.pdf ; https://urbantoronto.ca/database/projects/971-burnhamthorpe-road-east.53117 ; https://services6.arcgis.com/hM5ymMLbxIyWTjn2/arcgis/rest/services/Growth_Management_%E2%80%93_Issued_Building_Permits/FeatureServer/0/query?f=json&geometry=%7B%22x%22%3A+-79.6120831405699%2C+%22y%22%3A+43.61440956833232%2C+%22spatialReference%22%3A+%7B%22wkid%22%3A+4326%7D%7D&geometryType=esriGeometryPoint&inSR=4326&spatialRel=esriSpatialRelIntersects&distance=90&units=esriSRUnit_Meter&outFields=BuildingPermitNumber%2CIssuedDate%2CBuildingPermitType%2CBuildingPermitScope%2CAddress%2CApprovedUse%2CResidentialUnits%2CNonResidentialGFA_m2&outSR=4326&returnGeometry=true"
"81-2836","city-group-29","Abacot Hill / 1720 Sherwood Forrest Circle","inventory73-status","Proposed","Revised 41-home subdivision retained; 56-home source layout superseded","Exclude superseded geometry","Not separately specified","false","true","false","false","There are 56 separate 9.9 m source house components. The older 2024 servicing plan explicitly shows 56 units, while the exact June 2026 City application describes a revised 41 detached dwellings, originally 56. The 56-house layout is demonstrably an earlier version. Developer still markets Abacot Hill as coming soon; no completion date.","https://services6.arcgis.com/hM5ymMLbxIyWTjn2/arcgis/rest/services/Growth_Management_%E2%80%93_Active_Development_Applications/FeatureServer/0/query?where=OBJECTID%3D209&outFields=*&outSR=4326&f=pjson ; https://www.mississauga.ca/wp-content/uploads/2024/12/05105017/Functional-Servicing-and-Stormwater-Management-Report-OZ-24-9-W8-21T-M-24-5-W8.pdf ; https://halletthomes.com/abacot-hill-registration/"
"81-2837","city-group-29","Abacot Hill / 1720 Sherwood Forrest Circle","inventory73-status","Proposed","Revised 41-home subdivision retained; 56-home source layout superseded","Exclude superseded geometry","Not separately specified","false","true","false","false","There are 56 separate 9.9 m source house components. The older 2024 servicing plan explicitly shows 56 units, while the exact June 2026 City application describes a revised 41 detached dwellings, originally 56. The 56-house layout is demonstrably an earlier version. Developer still markets Abacot Hill as coming soon; no completion date.","https://services6.arcgis.com/hM5ymMLbxIyWTjn2/arcgis/rest/services/Growth_Management_%E2%80%93_Active_Development_Applications/FeatureServer/0/query?where=OBJECTID%3D209&outFields=*&outSR=4326&f=pjson ; https://www.mississauga.ca/wp-content/uploads/2024/12/05105017/Functional-Servicing-and-Stormwater-Management-Report-OZ-24-9-W8-21T-M-24-5-W8.pdf ; https://halletthomes.com/abacot-hill-registration/"
"81-2838","city-group-29","Abacot Hill / 1720 Sherwood Forrest Circle","inventory73-status","Proposed","Revised 41-home subdivision retained; 56-home source layout superseded","Exclude superseded geometry","Not separately specified","false","true","false","false","There are 56 separate 9.9 m source house components. The older 2024 servicing plan explicitly shows 56 units, while the exact June 2026 City application describes a revised 41 detached dwellings, originally 56. The 56-house layout is demonstrably an earlier version. Developer still markets Abacot Hill as coming soon; no completion date.","https://services6.arcgis.com/hM5ymMLbxIyWTjn2/arcgis/rest/services/Growth_Management_%E2%80%93_Active_Development_Applications/FeatureServer/0/query?where=OBJECTID%3D209&outFields=*&outSR=4326&f=pjson ; https://www.mississauga.ca/wp-content/uploads/2024/12/05105017/Functional-Servicing-and-Stormwater-Management-Report-OZ-24-9-W8-21T-M-24-5-W8.pdf ; https://halletthomes.com/abacot-hill-registration/"
"81-2839","city-group-29","Abacot Hill / 1720 Sherwood Forrest Circle","inventory73-status","Proposed","Revised 41-home subdivision retained; 56-home source layout superseded","Exclude superseded geometry","Not separately specified","false","true","false","false","There are 56 separate 9.9 m source house components. The older 2024 servicing plan explicitly shows 56 units, while the exact June 2026 City application describes a revised 41 detached dwellings, originally 56. The 56-house layout is demonstrably an earlier version. Developer still markets Abacot Hill as coming soon; no completion date.","https://services6.arcgis.com/hM5ymMLbxIyWTjn2/arcgis/rest/services/Growth_Management_%E2%80%93_Active_Development_Applications/FeatureServer/0/query?where=OBJECTID%3D209&outFields=*&outSR=4326&f=pjson ; https://www.mississauga.ca/wp-content/uploads/2024/12/05105017/Functional-Servicing-and-Stormwater-Management-Report-OZ-24-9-W8-21T-M-24-5-W8.pdf ; https://halletthomes.com/abacot-hill-registration/"
"81-2840","city-group-29","Abacot Hill / 1720 Sherwood Forrest Circle","inventory73-status","Proposed","Revised 41-home subdivision retained; 56-home source layout superseded","Exclude superseded geometry","Not separately specified","false","true","false","false","There are 56 separate 9.9 m source house components. The older 2024 servicing plan explicitly shows 56 units, while the exact June 2026 City application describes a revised 41 detached dwellings, originally 56. The 56-house layout is demonstrably an earlier version. Developer still markets Abacot Hill as coming soon; no completion date.","https://services6.arcgis.com/hM5ymMLbxIyWTjn2/arcgis/rest/services/Growth_Management_%E2%80%93_Active_Development_Applications/FeatureServer/0/query?where=OBJECTID%3D209&outFields=*&outSR=4326&f=pjson ; https://www.mississauga.ca/wp-content/uploads/2024/12/05105017/Functional-Servicing-and-Stormwater-Management-Report-OZ-24-9-W8-21T-M-24-5-W8.pdf ; https://halletthomes.com/abacot-hill-registration/"
"81-2841","city-group-29","Abacot Hill / 1720 Sherwood Forrest Circle","inventory73-status","Proposed","Revised 41-home subdivision retained; 56-home source layout superseded","Exclude superseded geometry","Not separately specified","false","true","false","false","There are 56 separate 9.9 m source house components. The older 2024 servicing plan explicitly shows 56 units, while the exact June 2026 City application describes a revised 41 detached dwellings, originally 56. The 56-house layout is demonstrably an earlier version. Developer still markets Abacot Hill as coming soon; no completion date.","https://services6.arcgis.com/hM5ymMLbxIyWTjn2/arcgis/rest/services/Growth_Management_%E2%80%93_Active_Development_Applications/FeatureServer/0/query?where=OBJECTID%3D209&outFields=*&outSR=4326&f=pjson ; https://www.mississauga.ca/wp-content/uploads/2024/12/05105017/Functional-Servicing-and-Stormwater-Management-Report-OZ-24-9-W8-21T-M-24-5-W8.pdf ; https://halletthomes.com/abacot-hill-registration/"
"81-2842","city-group-29","Abacot Hill / 1720 Sherwood Forrest Circle","inventory73-status","Proposed","Revised 41-home subdivision retained; 56-home source layout superseded","Exclude superseded geometry","Not separately specified","false","true","false","false","There are 56 separate 9.9 m source house components. The older 2024 servicing plan explicitly shows 56 units, while the exact June 2026 City application describes a revised 41 detached dwellings, originally 56. The 56-house layout is demonstrably an earlier version. Developer still markets Abacot Hill as coming soon; no completion date.","https://services6.arcgis.com/hM5ymMLbxIyWTjn2/arcgis/rest/services/Growth_Management_%E2%80%93_Active_Development_Applications/FeatureServer/0/query?where=OBJECTID%3D209&outFields=*&outSR=4326&f=pjson ; https://www.mississauga.ca/wp-content/uploads/2024/12/05105017/Functional-Servicing-and-Stormwater-Management-Report-OZ-24-9-W8-21T-M-24-5-W8.pdf ; https://halletthomes.com/abacot-hill-registration/"
"81-2843","city-group-29","Abacot Hill / 1720 Sherwood Forrest Circle","inventory73-status","Proposed","Revised 41-home subdivision retained; 56-home source layout superseded","Exclude superseded geometry","Not separately specified","false","true","false","false","There are 56 separate 9.9 m source house components. The older 2024 servicing plan explicitly shows 56 units, while the exact June 2026 City application describes a revised 41 detached dwellings, originally 56. The 56-house layout is demonstrably an earlier version. Developer still markets Abacot Hill as coming soon; no completion date.","https://services6.arcgis.com/hM5ymMLbxIyWTjn2/arcgis/rest/services/Growth_Management_%E2%80%93_Active_Development_Applications/FeatureServer/0/query?where=OBJECTID%3D209&outFields=*&outSR=4326&f=pjson ; https://www.mississauga.ca/wp-content/uploads/2024/12/05105017/Functional-Servicing-and-Stormwater-Management-Report-OZ-24-9-W8-21T-M-24-5-W8.pdf ; https://halletthomes.com/abacot-hill-registration/"
"81-2844","city-group-29","Abacot Hill / 1720 Sherwood Forrest Circle","inventory73-status","Proposed","Revised 41-home subdivision retained; 56-home source layout superseded","Exclude superseded geometry","Not separately specified","false","true","false","false","There are 56 separate 9.9 m source house components. The older 2024 servicing plan explicitly shows 56 units, while the exact June 2026 City application describes a revised 41 detached dwellings, originally 56. The 56-house layout is demonstrably an earlier version. Developer still markets Abacot Hill as coming soon; no completion date.","https://services6.arcgis.com/hM5ymMLbxIyWTjn2/arcgis/rest/services/Growth_Management_%E2%80%93_Active_Development_Applications/FeatureServer/0/query?where=OBJECTID%3D209&outFields=*&outSR=4326&f=pjson ; https://www.mississauga.ca/wp-content/uploads/2024/12/05105017/Functional-Servicing-and-Stormwater-Management-Report-OZ-24-9-W8-21T-M-24-5-W8.pdf ; https://halletthomes.com/abacot-hill-registration/"
"81-2845","city-group-29","Abacot Hill / 1720 Sherwood Forrest Circle","inventory73-status","Proposed","Revised 41-home subdivision retained; 56-home source layout superseded","Exclude superseded geometry","Not separately specified","false","true","false","false","There are 56 separate 9.9 m source house components. The older 2024 servicing plan explicitly shows 56 units, while the exact June 2026 City application describes a revised 41 detached dwellings, originally 56. The 56-house layout is demonstrably an earlier version. Developer still markets Abacot Hill as coming soon; no completion date.","https://services6.arcgis.com/hM5ymMLbxIyWTjn2/arcgis/rest/services/Growth_Management_%E2%80%93_Active_Development_Applications/FeatureServer/0/query?where=OBJECTID%3D209&outFields=*&outSR=4326&f=pjson ; https://www.mississauga.ca/wp-content/uploads/2024/12/05105017/Functional-Servicing-and-Stormwater-Management-Report-OZ-24-9-W8-21T-M-24-5-W8.pdf ; https://halletthomes.com/abacot-hill-registration/"
"81-2846","city-group-29","Abacot Hill / 1720 Sherwood Forrest Circle","inventory73-status","Proposed","Revised 41-home subdivision retained; 56-home source layout superseded","Exclude superseded geometry","Not separately specified","false","true","false","false","There are 56 separate 9.9 m source house components. The older 2024 servicing plan explicitly shows 56 units, while the exact June 2026 City application describes a revised 41 detached dwellings, originally 56. The 56-house layout is demonstrably an earlier version. Developer still markets Abacot Hill as coming soon; no completion date.","https://services6.arcgis.com/hM5ymMLbxIyWTjn2/arcgis/rest/services/Growth_Management_%E2%80%93_Active_Development_Applications/FeatureServer/0/query?where=OBJECTID%3D209&outFields=*&outSR=4326&f=pjson ; https://www.mississauga.ca/wp-content/uploads/2024/12/05105017/Functional-Servicing-and-Stormwater-Management-Report-OZ-24-9-W8-21T-M-24-5-W8.pdf ; https://halletthomes.com/abacot-hill-registration/"
"81-2847","city-group-29","Abacot Hill / 1720 Sherwood Forrest Circle","inventory73-status","Proposed","Revised 41-home subdivision retained; 56-home source layout superseded","Exclude superseded geometry","Not separately specified","false","true","false","false","There are 56 separate 9.9 m source house components. The older 2024 servicing plan explicitly shows 56 units, while the exact June 2026 City application describes a revised 41 detached dwellings, originally 56. The 56-house layout is demonstrably an earlier version. Developer still markets Abacot Hill as coming soon; no completion date.","https://services6.arcgis.com/hM5ymMLbxIyWTjn2/arcgis/rest/services/Growth_Management_%E2%80%93_Active_Development_Applications/FeatureServer/0/query?where=OBJECTID%3D209&outFields=*&outSR=4326&f=pjson ; https://www.mississauga.ca/wp-content/uploads/2024/12/05105017/Functional-Servicing-and-Stormwater-Management-Report-OZ-24-9-W8-21T-M-24-5-W8.pdf ; https://halletthomes.com/abacot-hill-registration/"
"81-2848","city-group-29","Abacot Hill / 1720 Sherwood Forrest Circle","inventory73-status","Proposed","Revised 41-home subdivision retained; 56-home source layout superseded","Exclude superseded geometry","Not separately specified","false","true","false","false","There are 56 separate 9.9 m source house components. The older 2024 servicing plan explicitly shows 56 units, while the exact June 2026 City application describes a revised 41 detached dwellings, originally 56. The 56-house layout is demonstrably an earlier version. Developer still markets Abacot Hill as coming soon; no completion date.","https://services6.arcgis.com/hM5ymMLbxIyWTjn2/arcgis/rest/services/Growth_Management_%E2%80%93_Active_Development_Applications/FeatureServer/0/query?where=OBJECTID%3D209&outFields=*&outSR=4326&f=pjson ; https://www.mississauga.ca/wp-content/uploads/2024/12/05105017/Functional-Servicing-and-Stormwater-Management-Report-OZ-24-9-W8-21T-M-24-5-W8.pdf ; https://halletthomes.com/abacot-hill-registration/"
"81-2849","city-group-29","Abacot Hill / 1720 Sherwood Forrest Circle","inventory73-status","Proposed","Revised 41-home subdivision retained; 56-home source layout superseded","Exclude superseded geometry","Not separately specified","false","true","false","false","There are 56 separate 9.9 m source house components. The older 2024 servicing plan explicitly shows 56 units, while the exact June 2026 City application describes a revised 41 detached dwellings, originally 56. The 56-house layout is demonstrably an earlier version. Developer still markets Abacot Hill as coming soon; no completion date.","https://services6.arcgis.com/hM5ymMLbxIyWTjn2/arcgis/rest/services/Growth_Management_%E2%80%93_Active_Development_Applications/FeatureServer/0/query?where=OBJECTID%3D209&outFields=*&outSR=4326&f=pjson ; https://www.mississauga.ca/wp-content/uploads/2024/12/05105017/Functional-Servicing-and-Stormwater-Management-Report-OZ-24-9-W8-21T-M-24-5-W8.pdf ; https://halletthomes.com/abacot-hill-registration/"
"81-2850","city-group-29","Abacot Hill / 1720 Sherwood Forrest Circle","inventory73-status","Proposed","Revised 41-home subdivision retained; 56-home source layout superseded","Exclude superseded geometry","Not separately specified","false","true","false","false","There are 56 separate 9.9 m source house components. The older 2024 servicing plan explicitly shows 56 units, while the exact June 2026 City application describes a revised 41 detached dwellings, originally 56. The 56-house layout is demonstrably an earlier version. Developer still markets Abacot Hill as coming soon; no completion date.","https://services6.arcgis.com/hM5ymMLbxIyWTjn2/arcgis/rest/services/Growth_Management_%E2%80%93_Active_Development_Applications/FeatureServer/0/query?where=OBJECTID%3D209&outFields=*&outSR=4326&f=pjson ; https://www.mississauga.ca/wp-content/uploads/2024/12/05105017/Functional-Servicing-and-Stormwater-Management-Report-OZ-24-9-W8-21T-M-24-5-W8.pdf ; https://halletthomes.com/abacot-hill-registration/"
"81-2851","city-group-29","Abacot Hill / 1720 Sherwood Forrest Circle","inventory73-status","Proposed","Revised 41-home subdivision retained; 56-home source layout superseded","Exclude superseded geometry","Not separately specified","false","true","false","false","There are 56 separate 9.9 m source house components. The older 2024 servicing plan explicitly shows 56 units, while the exact June 2026 City application describes a revised 41 detached dwellings, originally 56. The 56-house layout is demonstrably an earlier version. Developer still markets Abacot Hill as coming soon; no completion date.","https://services6.arcgis.com/hM5ymMLbxIyWTjn2/arcgis/rest/services/Growth_Management_%E2%80%93_Active_Development_Applications/FeatureServer/0/query?where=OBJECTID%3D209&outFields=*&outSR=4326&f=pjson ; https://www.mississauga.ca/wp-content/uploads/2024/12/05105017/Functional-Servicing-and-Stormwater-Management-Report-OZ-24-9-W8-21T-M-24-5-W8.pdf ; https://halletthomes.com/abacot-hill-registration/"
"81-2852","city-group-29","Abacot Hill / 1720 Sherwood Forrest Circle","inventory73-status","Proposed","Revised 41-home subdivision retained; 56-home source layout superseded","Exclude superseded geometry","Not separately specified","false","true","false","false","There are 56 separate 9.9 m source house components. The older 2024 servicing plan explicitly shows 56 units, while the exact June 2026 City application describes a revised 41 detached dwellings, originally 56. The 56-house layout is demonstrably an earlier version. Developer still markets Abacot Hill as coming soon; no completion date.","https://services6.arcgis.com/hM5ymMLbxIyWTjn2/arcgis/rest/services/Growth_Management_%E2%80%93_Active_Development_Applications/FeatureServer/0/query?where=OBJECTID%3D209&outFields=*&outSR=4326&f=pjson ; https://www.mississauga.ca/wp-content/uploads/2024/12/05105017/Functional-Servicing-and-Stormwater-Management-Report-OZ-24-9-W8-21T-M-24-5-W8.pdf ; https://halletthomes.com/abacot-hill-registration/"
"81-2853","city-group-29","Abacot Hill / 1720 Sherwood Forrest Circle","inventory73-status","Proposed","Revised 41-home subdivision retained; 56-home source layout superseded","Exclude superseded geometry","Not separately specified","false","true","false","false","There are 56 separate 9.9 m source house components. The older 2024 servicing plan explicitly shows 56 units, while the exact June 2026 City application describes a revised 41 detached dwellings, originally 56. The 56-house layout is demonstrably an earlier version. Developer still markets Abacot Hill as coming soon; no completion date.","https://services6.arcgis.com/hM5ymMLbxIyWTjn2/arcgis/rest/services/Growth_Management_%E2%80%93_Active_Development_Applications/FeatureServer/0/query?where=OBJECTID%3D209&outFields=*&outSR=4326&f=pjson ; https://www.mississauga.ca/wp-content/uploads/2024/12/05105017/Functional-Servicing-and-Stormwater-Management-Report-OZ-24-9-W8-21T-M-24-5-W8.pdf ; https://halletthomes.com/abacot-hill-registration/"
"81-2854","city-group-29","Abacot Hill / 1720 Sherwood Forrest Circle","inventory73-status","Proposed","Revised 41-home subdivision retained; 56-home source layout superseded","Exclude superseded geometry","Not separately specified","false","true","false","false","There are 56 separate 9.9 m source house components. The older 2024 servicing plan explicitly shows 56 units, while the exact June 2026 City application describes a revised 41 detached dwellings, originally 56. The 56-house layout is demonstrably an earlier version. Developer still markets Abacot Hill as coming soon; no completion date.","https://services6.arcgis.com/hM5ymMLbxIyWTjn2/arcgis/rest/services/Growth_Management_%E2%80%93_Active_Development_Applications/FeatureServer/0/query?where=OBJECTID%3D209&outFields=*&outSR=4326&f=pjson ; https://www.mississauga.ca/wp-content/uploads/2024/12/05105017/Functional-Servicing-and-Stormwater-Management-Report-OZ-24-9-W8-21T-M-24-5-W8.pdf ; https://halletthomes.com/abacot-hill-registration/"
"81-2855","city-group-29","Abacot Hill / 1720 Sherwood Forrest Circle","inventory73-status","Proposed","Revised 41-home subdivision retained; 56-home source layout superseded","Exclude superseded geometry","Not separately specified","false","true","false","false","There are 56 separate 9.9 m source house components. The older 2024 servicing plan explicitly shows 56 units, while the exact June 2026 City application describes a revised 41 detached dwellings, originally 56. The 56-house layout is demonstrably an earlier version. Developer still markets Abacot Hill as coming soon; no completion date.","https://services6.arcgis.com/hM5ymMLbxIyWTjn2/arcgis/rest/services/Growth_Management_%E2%80%93_Active_Development_Applications/FeatureServer/0/query?where=OBJECTID%3D209&outFields=*&outSR=4326&f=pjson ; https://www.mississauga.ca/wp-content/uploads/2024/12/05105017/Functional-Servicing-and-Stormwater-Management-Report-OZ-24-9-W8-21T-M-24-5-W8.pdf ; https://halletthomes.com/abacot-hill-registration/"
"81-2856","city-group-29","Abacot Hill / 1720 Sherwood Forrest Circle","inventory73-status","Proposed","Revised 41-home subdivision retained; 56-home source layout superseded","Exclude superseded geometry","Not separately specified","false","true","false","false","There are 56 separate 9.9 m source house components. The older 2024 servicing plan explicitly shows 56 units, while the exact June 2026 City application describes a revised 41 detached dwellings, originally 56. The 56-house layout is demonstrably an earlier version. Developer still markets Abacot Hill as coming soon; no completion date.","https://services6.arcgis.com/hM5ymMLbxIyWTjn2/arcgis/rest/services/Growth_Management_%E2%80%93_Active_Development_Applications/FeatureServer/0/query?where=OBJECTID%3D209&outFields=*&outSR=4326&f=pjson ; https://www.mississauga.ca/wp-content/uploads/2024/12/05105017/Functional-Servicing-and-Stormwater-Management-Report-OZ-24-9-W8-21T-M-24-5-W8.pdf ; https://halletthomes.com/abacot-hill-registration/"
"81-2857","city-group-29","Abacot Hill / 1720 Sherwood Forrest Circle","inventory73-status","Proposed","Revised 41-home subdivision retained; 56-home source layout superseded","Exclude superseded geometry","Not separately specified","false","true","false","false","There are 56 separate 9.9 m source house components. The older 2024 servicing plan explicitly shows 56 units, while the exact June 2026 City application describes a revised 41 detached dwellings, originally 56. The 56-house layout is demonstrably an earlier version. Developer still markets Abacot Hill as coming soon; no completion date.","https://services6.arcgis.com/hM5ymMLbxIyWTjn2/arcgis/rest/services/Growth_Management_%E2%80%93_Active_Development_Applications/FeatureServer/0/query?where=OBJECTID%3D209&outFields=*&outSR=4326&f=pjson ; https://www.mississauga.ca/wp-content/uploads/2024/12/05105017/Functional-Servicing-and-Stormwater-Management-Report-OZ-24-9-W8-21T-M-24-5-W8.pdf ; https://halletthomes.com/abacot-hill-registration/"
"81-2858","city-group-29","Abacot Hill / 1720 Sherwood Forrest Circle","inventory73-status","Proposed","Revised 41-home subdivision retained; 56-home source layout superseded","Exclude superseded geometry","Not separately specified","false","true","false","false","There are 56 separate 9.9 m source house components. The older 2024 servicing plan explicitly shows 56 units, while the exact June 2026 City application describes a revised 41 detached dwellings, originally 56. The 56-house layout is demonstrably an earlier version. Developer still markets Abacot Hill as coming soon; no completion date.","https://services6.arcgis.com/hM5ymMLbxIyWTjn2/arcgis/rest/services/Growth_Management_%E2%80%93_Active_Development_Applications/FeatureServer/0/query?where=OBJECTID%3D209&outFields=*&outSR=4326&f=pjson ; https://www.mississauga.ca/wp-content/uploads/2024/12/05105017/Functional-Servicing-and-Stormwater-Management-Report-OZ-24-9-W8-21T-M-24-5-W8.pdf ; https://halletthomes.com/abacot-hill-registration/"
"81-2859","city-group-29","Abacot Hill / 1720 Sherwood Forrest Circle","inventory73-status","Proposed","Revised 41-home subdivision retained; 56-home source layout superseded","Exclude superseded geometry","Not separately specified","false","true","false","false","There are 56 separate 9.9 m source house components. The older 2024 servicing plan explicitly shows 56 units, while the exact June 2026 City application describes a revised 41 detached dwellings, originally 56. The 56-house layout is demonstrably an earlier version. Developer still markets Abacot Hill as coming soon; no completion date.","https://services6.arcgis.com/hM5ymMLbxIyWTjn2/arcgis/rest/services/Growth_Management_%E2%80%93_Active_Development_Applications/FeatureServer/0/query?where=OBJECTID%3D209&outFields=*&outSR=4326&f=pjson ; https://www.mississauga.ca/wp-content/uploads/2024/12/05105017/Functional-Servicing-and-Stormwater-Management-Report-OZ-24-9-W8-21T-M-24-5-W8.pdf ; https://halletthomes.com/abacot-hill-registration/"
"81-2860","city-group-29","Abacot Hill / 1720 Sherwood Forrest Circle","inventory73-status","Proposed","Revised 41-home subdivision retained; 56-home source layout superseded","Exclude superseded geometry","Not separately specified","false","true","false","false","There are 56 separate 9.9 m source house components. The older 2024 servicing plan explicitly shows 56 units, while the exact June 2026 City application describes a revised 41 detached dwellings, originally 56. The 56-house layout is demonstrably an earlier version. Developer still markets Abacot Hill as coming soon; no completion date.","https://services6.arcgis.com/hM5ymMLbxIyWTjn2/arcgis/rest/services/Growth_Management_%E2%80%93_Active_Development_Applications/FeatureServer/0/query?where=OBJECTID%3D209&outFields=*&outSR=4326&f=pjson ; https://www.mississauga.ca/wp-content/uploads/2024/12/05105017/Functional-Servicing-and-Stormwater-Management-Report-OZ-24-9-W8-21T-M-24-5-W8.pdf ; https://halletthomes.com/abacot-hill-registration/"
"81-2861","city-group-29","Abacot Hill / 1720 Sherwood Forrest Circle","inventory73-status","Proposed","Revised 41-home subdivision retained; 56-home source layout superseded","Exclude superseded geometry","Not separately specified","false","true","false","false","There are 56 separate 9.9 m source house components. The older 2024 servicing plan explicitly shows 56 units, while the exact June 2026 City application describes a revised 41 detached dwellings, originally 56. The 56-house layout is demonstrably an earlier version. Developer still markets Abacot Hill as coming soon; no completion date.","https://services6.arcgis.com/hM5ymMLbxIyWTjn2/arcgis/rest/services/Growth_Management_%E2%80%93_Active_Development_Applications/FeatureServer/0/query?where=OBJECTID%3D209&outFields=*&outSR=4326&f=pjson ; https://www.mississauga.ca/wp-content/uploads/2024/12/05105017/Functional-Servicing-and-Stormwater-Management-Report-OZ-24-9-W8-21T-M-24-5-W8.pdf ; https://halletthomes.com/abacot-hill-registration/"
"81-2862","city-group-29","Abacot Hill / 1720 Sherwood Forrest Circle","inventory73-status","Proposed","Revised 41-home subdivision retained; 56-home source layout superseded","Exclude superseded geometry","Not separately specified","false","true","false","false","There are 56 separate 9.9 m source house components. The older 2024 servicing plan explicitly shows 56 units, while the exact June 2026 City application describes a revised 41 detached dwellings, originally 56. The 56-house layout is demonstrably an earlier version. Developer still markets Abacot Hill as coming soon; no completion date.","https://services6.arcgis.com/hM5ymMLbxIyWTjn2/arcgis/rest/services/Growth_Management_%E2%80%93_Active_Development_Applications/FeatureServer/0/query?where=OBJECTID%3D209&outFields=*&outSR=4326&f=pjson ; https://www.mississauga.ca/wp-content/uploads/2024/12/05105017/Functional-Servicing-and-Stormwater-Management-Report-OZ-24-9-W8-21T-M-24-5-W8.pdf ; https://halletthomes.com/abacot-hill-registration/"
"81-2863","city-group-29","Abacot Hill / 1720 Sherwood Forrest Circle","inventory73-status","Proposed","Revised 41-home subdivision retained; 56-home source layout superseded","Exclude superseded geometry","Not separately specified","false","true","false","false","There are 56 separate 9.9 m source house components. The older 2024 servicing plan explicitly shows 56 units, while the exact June 2026 City application describes a revised 41 detached dwellings, originally 56. The 56-house layout is demonstrably an earlier version. Developer still markets Abacot Hill as coming soon; no completion date.","https://services6.arcgis.com/hM5ymMLbxIyWTjn2/arcgis/rest/services/Growth_Management_%E2%80%93_Active_Development_Applications/FeatureServer/0/query?where=OBJECTID%3D209&outFields=*&outSR=4326&f=pjson ; https://www.mississauga.ca/wp-content/uploads/2024/12/05105017/Functional-Servicing-and-Stormwater-Management-Report-OZ-24-9-W8-21T-M-24-5-W8.pdf ; https://halletthomes.com/abacot-hill-registration/"
"81-2864","city-group-29","Abacot Hill / 1720 Sherwood Forrest Circle","inventory73-status","Proposed","Revised 41-home subdivision retained; 56-home source layout superseded","Exclude superseded geometry","Not separately specified","false","true","false","false","There are 56 separate 9.9 m source house components. The older 2024 servicing plan explicitly shows 56 units, while the exact June 2026 City application describes a revised 41 detached dwellings, originally 56. The 56-house layout is demonstrably an earlier version. Developer still markets Abacot Hill as coming soon; no completion date.","https://services6.arcgis.com/hM5ymMLbxIyWTjn2/arcgis/rest/services/Growth_Management_%E2%80%93_Active_Development_Applications/FeatureServer/0/query?where=OBJECTID%3D209&outFields=*&outSR=4326&f=pjson ; https://www.mississauga.ca/wp-content/uploads/2024/12/05105017/Functional-Servicing-and-Stormwater-Management-Report-OZ-24-9-W8-21T-M-24-5-W8.pdf ; https://halletthomes.com/abacot-hill-registration/"
"81-2865","city-group-29","Abacot Hill / 1720 Sherwood Forrest Circle","inventory73-status","Proposed","Revised 41-home subdivision retained; 56-home source layout superseded","Exclude superseded geometry","Not separately specified","false","true","false","false","There are 56 separate 9.9 m source house components. The older 2024 servicing plan explicitly shows 56 units, while the exact June 2026 City application describes a revised 41 detached dwellings, originally 56. The 56-house layout is demonstrably an earlier version. Developer still markets Abacot Hill as coming soon; no completion date.","https://services6.arcgis.com/hM5ymMLbxIyWTjn2/arcgis/rest/services/Growth_Management_%E2%80%93_Active_Development_Applications/FeatureServer/0/query?where=OBJECTID%3D209&outFields=*&outSR=4326&f=pjson ; https://www.mississauga.ca/wp-content/uploads/2024/12/05105017/Functional-Servicing-and-Stormwater-Management-Report-OZ-24-9-W8-21T-M-24-5-W8.pdf ; https://halletthomes.com/abacot-hill-registration/"
"81-2866","city-group-29","Abacot Hill / 1720 Sherwood Forrest Circle","inventory73-status","Proposed","Revised 41-home subdivision retained; 56-home source layout superseded","Exclude superseded geometry","Not separately specified","false","true","false","false","There are 56 separate 9.9 m source house components. The older 2024 servicing plan explicitly shows 56 units, while the exact June 2026 City application describes a revised 41 detached dwellings, originally 56. The 56-house layout is demonstrably an earlier version. Developer still markets Abacot Hill as coming soon; no completion date.","https://services6.arcgis.com/hM5ymMLbxIyWTjn2/arcgis/rest/services/Growth_Management_%E2%80%93_Active_Development_Applications/FeatureServer/0/query?where=OBJECTID%3D209&outFields=*&outSR=4326&f=pjson ; https://www.mississauga.ca/wp-content/uploads/2024/12/05105017/Functional-Servicing-and-Stormwater-Management-Report-OZ-24-9-W8-21T-M-24-5-W8.pdf ; https://halletthomes.com/abacot-hill-registration/"
"81-2867","city-group-29","Abacot Hill / 1720 Sherwood Forrest Circle","inventory73-status","Proposed","Revised 41-home subdivision retained; 56-home source layout superseded","Exclude superseded geometry","Not separately specified","false","true","false","false","There are 56 separate 9.9 m source house components. The older 2024 servicing plan explicitly shows 56 units, while the exact June 2026 City application describes a revised 41 detached dwellings, originally 56. The 56-house layout is demonstrably an earlier version. Developer still markets Abacot Hill as coming soon; no completion date.","https://services6.arcgis.com/hM5ymMLbxIyWTjn2/arcgis/rest/services/Growth_Management_%E2%80%93_Active_Development_Applications/FeatureServer/0/query?where=OBJECTID%3D209&outFields=*&outSR=4326&f=pjson ; https://www.mississauga.ca/wp-content/uploads/2024/12/05105017/Functional-Servicing-and-Stormwater-Management-Report-OZ-24-9-W8-21T-M-24-5-W8.pdf ; https://halletthomes.com/abacot-hill-registration/"
"81-2868","city-group-29","Abacot Hill / 1720 Sherwood Forrest Circle","inventory73-status","Proposed","Revised 41-home subdivision retained; 56-home source layout superseded","Exclude superseded geometry","Not separately specified","false","true","false","false","There are 56 separate 9.9 m source house components. The older 2024 servicing plan explicitly shows 56 units, while the exact June 2026 City application describes a revised 41 detached dwellings, originally 56. The 56-house layout is demonstrably an earlier version. Developer still markets Abacot Hill as coming soon; no completion date.","https://services6.arcgis.com/hM5ymMLbxIyWTjn2/arcgis/rest/services/Growth_Management_%E2%80%93_Active_Development_Applications/FeatureServer/0/query?where=OBJECTID%3D209&outFields=*&outSR=4326&f=pjson ; https://www.mississauga.ca/wp-content/uploads/2024/12/05105017/Functional-Servicing-and-Stormwater-Management-Report-OZ-24-9-W8-21T-M-24-5-W8.pdf ; https://halletthomes.com/abacot-hill-registration/"
"81-2869","city-group-29","Abacot Hill / 1720 Sherwood Forrest Circle","inventory73-status","Proposed","Revised 41-home subdivision retained; 56-home source layout superseded","Exclude superseded geometry","Not separately specified","false","true","false","false","There are 56 separate 9.9 m source house components. The older 2024 servicing plan explicitly shows 56 units, while the exact June 2026 City application describes a revised 41 detached dwellings, originally 56. The 56-house layout is demonstrably an earlier version. Developer still markets Abacot Hill as coming soon; no completion date.","https://services6.arcgis.com/hM5ymMLbxIyWTjn2/arcgis/rest/services/Growth_Management_%E2%80%93_Active_Development_Applications/FeatureServer/0/query?where=OBJECTID%3D209&outFields=*&outSR=4326&f=pjson ; https://www.mississauga.ca/wp-content/uploads/2024/12/05105017/Functional-Servicing-and-Stormwater-Management-Report-OZ-24-9-W8-21T-M-24-5-W8.pdf ; https://halletthomes.com/abacot-hill-registration/"
"81-2870","city-group-29","Abacot Hill / 1720 Sherwood Forrest Circle","inventory73-status","Proposed","Revised 41-home subdivision retained; 56-home source layout superseded","Exclude superseded geometry","Not separately specified","false","true","false","false","There are 56 separate 9.9 m source house components. The older 2024 servicing plan explicitly shows 56 units, while the exact June 2026 City application describes a revised 41 detached dwellings, originally 56. The 56-house layout is demonstrably an earlier version. Developer still markets Abacot Hill as coming soon; no completion date.","https://services6.arcgis.com/hM5ymMLbxIyWTjn2/arcgis/rest/services/Growth_Management_%E2%80%93_Active_Development_Applications/FeatureServer/0/query?where=OBJECTID%3D209&outFields=*&outSR=4326&f=pjson ; https://www.mississauga.ca/wp-content/uploads/2024/12/05105017/Functional-Servicing-and-Stormwater-Management-Report-OZ-24-9-W8-21T-M-24-5-W8.pdf ; https://halletthomes.com/abacot-hill-registration/"
"81-2871","city-group-29","Abacot Hill / 1720 Sherwood Forrest Circle","inventory73-status","Proposed","Revised 41-home subdivision retained; 56-home source layout superseded","Exclude superseded geometry","Not separately specified","false","true","false","false","There are 56 separate 9.9 m source house components. The older 2024 servicing plan explicitly shows 56 units, while the exact June 2026 City application describes a revised 41 detached dwellings, originally 56. The 56-house layout is demonstrably an earlier version. Developer still markets Abacot Hill as coming soon; no completion date.","https://services6.arcgis.com/hM5ymMLbxIyWTjn2/arcgis/rest/services/Growth_Management_%E2%80%93_Active_Development_Applications/FeatureServer/0/query?where=OBJECTID%3D209&outFields=*&outSR=4326&f=pjson ; https://www.mississauga.ca/wp-content/uploads/2024/12/05105017/Functional-Servicing-and-Stormwater-Management-Report-OZ-24-9-W8-21T-M-24-5-W8.pdf ; https://halletthomes.com/abacot-hill-registration/"
"81-2872","city-group-29","Abacot Hill / 1720 Sherwood Forrest Circle","inventory73-status","Proposed","Revised 41-home subdivision retained; 56-home source layout superseded","Exclude superseded geometry","Not separately specified","false","true","false","false","There are 56 separate 9.9 m source house components. The older 2024 servicing plan explicitly shows 56 units, while the exact June 2026 City application describes a revised 41 detached dwellings, originally 56. The 56-house layout is demonstrably an earlier version. Developer still markets Abacot Hill as coming soon; no completion date.","https://services6.arcgis.com/hM5ymMLbxIyWTjn2/arcgis/rest/services/Growth_Management_%E2%80%93_Active_Development_Applications/FeatureServer/0/query?where=OBJECTID%3D209&outFields=*&outSR=4326&f=pjson ; https://www.mississauga.ca/wp-content/uploads/2024/12/05105017/Functional-Servicing-and-Stormwater-Management-Report-OZ-24-9-W8-21T-M-24-5-W8.pdf ; https://halletthomes.com/abacot-hill-registration/"
"81-2873","city-group-29","Abacot Hill / 1720 Sherwood Forrest Circle","inventory73-status","Proposed","Revised 41-home subdivision retained; 56-home source layout superseded","Exclude superseded geometry","Not separately specified","false","true","false","false","There are 56 separate 9.9 m source house components. The older 2024 servicing plan explicitly shows 56 units, while the exact June 2026 City application describes a revised 41 detached dwellings, originally 56. The 56-house layout is demonstrably an earlier version. Developer still markets Abacot Hill as coming soon; no completion date.","https://services6.arcgis.com/hM5ymMLbxIyWTjn2/arcgis/rest/services/Growth_Management_%E2%80%93_Active_Development_Applications/FeatureServer/0/query?where=OBJECTID%3D209&outFields=*&outSR=4326&f=pjson ; https://www.mississauga.ca/wp-content/uploads/2024/12/05105017/Functional-Servicing-and-Stormwater-Management-Report-OZ-24-9-W8-21T-M-24-5-W8.pdf ; https://halletthomes.com/abacot-hill-registration/"
"81-2874","city-group-29","Abacot Hill / 1720 Sherwood Forrest Circle","inventory73-status","Proposed","Revised 41-home subdivision retained; 56-home source layout superseded","Exclude superseded geometry","Not separately specified","false","true","false","false","There are 56 separate 9.9 m source house components. The older 2024 servicing plan explicitly shows 56 units, while the exact June 2026 City application describes a revised 41 detached dwellings, originally 56. The 56-house layout is demonstrably an earlier version. Developer still markets Abacot Hill as coming soon; no completion date.","https://services6.arcgis.com/hM5ymMLbxIyWTjn2/arcgis/rest/services/Growth_Management_%E2%80%93_Active_Development_Applications/FeatureServer/0/query?where=OBJECTID%3D209&outFields=*&outSR=4326&f=pjson ; https://www.mississauga.ca/wp-content/uploads/2024/12/05105017/Functional-Servicing-and-Stormwater-Management-Report-OZ-24-9-W8-21T-M-24-5-W8.pdf ; https://halletthomes.com/abacot-hill-registration/"
"81-2875","city-group-29","Abacot Hill / 1720 Sherwood Forrest Circle","inventory73-status","Proposed","Revised 41-home subdivision retained; 56-home source layout superseded","Exclude superseded geometry","Not separately specified","false","true","false","false","There are 56 separate 9.9 m source house components. The older 2024 servicing plan explicitly shows 56 units, while the exact June 2026 City application describes a revised 41 detached dwellings, originally 56. The 56-house layout is demonstrably an earlier version. Developer still markets Abacot Hill as coming soon; no completion date.","https://services6.arcgis.com/hM5ymMLbxIyWTjn2/arcgis/rest/services/Growth_Management_%E2%80%93_Active_Development_Applications/FeatureServer/0/query?where=OBJECTID%3D209&outFields=*&outSR=4326&f=pjson ; https://www.mississauga.ca/wp-content/uploads/2024/12/05105017/Functional-Servicing-and-Stormwater-Management-Report-OZ-24-9-W8-21T-M-24-5-W8.pdf ; https://halletthomes.com/abacot-hill-registration/"
"81-2876","city-group-29","Abacot Hill / 1720 Sherwood Forrest Circle","inventory73-status","Proposed","Revised 41-home subdivision retained; 56-home source layout superseded","Exclude superseded geometry","Not separately specified","false","true","false","false","There are 56 separate 9.9 m source house components. The older 2024 servicing plan explicitly shows 56 units, while the exact June 2026 City application describes a revised 41 detached dwellings, originally 56. The 56-house layout is demonstrably an earlier version. Developer still markets Abacot Hill as coming soon; no completion date.","https://services6.arcgis.com/hM5ymMLbxIyWTjn2/arcgis/rest/services/Growth_Management_%E2%80%93_Active_Development_Applications/FeatureServer/0/query?where=OBJECTID%3D209&outFields=*&outSR=4326&f=pjson ; https://www.mississauga.ca/wp-content/uploads/2024/12/05105017/Functional-Servicing-and-Stormwater-Management-Report-OZ-24-9-W8-21T-M-24-5-W8.pdf ; https://halletthomes.com/abacot-hill-registration/"
"81-2877","city-group-29","Abacot Hill / 1720 Sherwood Forrest Circle","inventory73-status","Proposed","Revised 41-home subdivision retained; 56-home source layout superseded","Exclude superseded geometry","Not separately specified","false","true","false","false","There are 56 separate 9.9 m source house components. The older 2024 servicing plan explicitly shows 56 units, while the exact June 2026 City application describes a revised 41 detached dwellings, originally 56. The 56-house layout is demonstrably an earlier version. Developer still markets Abacot Hill as coming soon; no completion date.","https://services6.arcgis.com/hM5ymMLbxIyWTjn2/arcgis/rest/services/Growth_Management_%E2%80%93_Active_Development_Applications/FeatureServer/0/query?where=OBJECTID%3D209&outFields=*&outSR=4326&f=pjson ; https://www.mississauga.ca/wp-content/uploads/2024/12/05105017/Functional-Servicing-and-Stormwater-Management-Report-OZ-24-9-W8-21T-M-24-5-W8.pdf ; https://halletthomes.com/abacot-hill-registration/"
"81-2878","city-group-29","Abacot Hill / 1720 Sherwood Forrest Circle","inventory73-status","Proposed","Revised 41-home subdivision retained; 56-home source layout superseded","Exclude superseded geometry","Not separately specified","false","true","false","false","There are 56 separate 9.9 m source house components. The older 2024 servicing plan explicitly shows 56 units, while the exact June 2026 City application describes a revised 41 detached dwellings, originally 56. The 56-house layout is demonstrably an earlier version. Developer still markets Abacot Hill as coming soon; no completion date.","https://services6.arcgis.com/hM5ymMLbxIyWTjn2/arcgis/rest/services/Growth_Management_%E2%80%93_Active_Development_Applications/FeatureServer/0/query?where=OBJECTID%3D209&outFields=*&outSR=4326&f=pjson ; https://www.mississauga.ca/wp-content/uploads/2024/12/05105017/Functional-Servicing-and-Stormwater-Management-Report-OZ-24-9-W8-21T-M-24-5-W8.pdf ; https://halletthomes.com/abacot-hill-registration/"
"81-2879","city-group-29","Abacot Hill / 1720 Sherwood Forrest Circle","inventory73-status","Proposed","Revised 41-home subdivision retained; 56-home source layout superseded","Exclude superseded geometry","Not separately specified","false","true","false","false","There are 56 separate 9.9 m source house components. The older 2024 servicing plan explicitly shows 56 units, while the exact June 2026 City application describes a revised 41 detached dwellings, originally 56. The 56-house layout is demonstrably an earlier version. Developer still markets Abacot Hill as coming soon; no completion date.","https://services6.arcgis.com/hM5ymMLbxIyWTjn2/arcgis/rest/services/Growth_Management_%E2%80%93_Active_Development_Applications/FeatureServer/0/query?where=OBJECTID%3D209&outFields=*&outSR=4326&f=pjson ; https://www.mississauga.ca/wp-content/uploads/2024/12/05105017/Functional-Servicing-and-Stormwater-Management-Report-OZ-24-9-W8-21T-M-24-5-W8.pdf ; https://halletthomes.com/abacot-hill-registration/"
"81-2880","city-group-29","Abacot Hill / 1720 Sherwood Forrest Circle","inventory73-status","Proposed","Revised 41-home subdivision retained; 56-home source layout superseded","Exclude superseded geometry","Not separately specified","false","true","false","false","There are 56 separate 9.9 m source house components. The older 2024 servicing plan explicitly shows 56 units, while the exact June 2026 City application describes a revised 41 detached dwellings, originally 56. The 56-house layout is demonstrably an earlier version. Developer still markets Abacot Hill as coming soon; no completion date.","https://services6.arcgis.com/hM5ymMLbxIyWTjn2/arcgis/rest/services/Growth_Management_%E2%80%93_Active_Development_Applications/FeatureServer/0/query?where=OBJECTID%3D209&outFields=*&outSR=4326&f=pjson ; https://www.mississauga.ca/wp-content/uploads/2024/12/05105017/Functional-Servicing-and-Stormwater-Management-Report-OZ-24-9-W8-21T-M-24-5-W8.pdf ; https://halletthomes.com/abacot-hill-registration/"
"81-2881","city-group-29","Abacot Hill / 1720 Sherwood Forrest Circle","inventory73-status","Proposed","Revised 41-home subdivision retained; 56-home source layout superseded","Exclude superseded geometry","Not separately specified","false","true","false","false","There are 56 separate 9.9 m source house components. The older 2024 servicing plan explicitly shows 56 units, while the exact June 2026 City application describes a revised 41 detached dwellings, originally 56. The 56-house layout is demonstrably an earlier version. Developer still markets Abacot Hill as coming soon; no completion date.","https://services6.arcgis.com/hM5ymMLbxIyWTjn2/arcgis/rest/services/Growth_Management_%E2%80%93_Active_Development_Applications/FeatureServer/0/query?where=OBJECTID%3D209&outFields=*&outSR=4326&f=pjson ; https://www.mississauga.ca/wp-content/uploads/2024/12/05105017/Functional-Servicing-and-Stormwater-Management-Report-OZ-24-9-W8-21T-M-24-5-W8.pdf ; https://halletthomes.com/abacot-hill-registration/"
"81-2882","city-group-29","Abacot Hill / 1720 Sherwood Forrest Circle","inventory73-status","Proposed","Revised 41-home subdivision retained; 56-home source layout superseded","Exclude superseded geometry","Not separately specified","false","true","false","false","There are 56 separate 9.9 m source house components. The older 2024 servicing plan explicitly shows 56 units, while the exact June 2026 City application describes a revised 41 detached dwellings, originally 56. The 56-house layout is demonstrably an earlier version. Developer still markets Abacot Hill as coming soon; no completion date.","https://services6.arcgis.com/hM5ymMLbxIyWTjn2/arcgis/rest/services/Growth_Management_%E2%80%93_Active_Development_Applications/FeatureServer/0/query?where=OBJECTID%3D209&outFields=*&outSR=4326&f=pjson ; https://www.mississauga.ca/wp-content/uploads/2024/12/05105017/Functional-Servicing-and-Stormwater-Management-Report-OZ-24-9-W8-21T-M-24-5-W8.pdf ; https://halletthomes.com/abacot-hill-registration/"
"81-2883","city-group-29","Abacot Hill / 1720 Sherwood Forrest Circle","inventory73-status","Proposed","Revised 41-home subdivision retained; 56-home source layout superseded","Exclude superseded geometry","Not separately specified","false","true","false","false","There are 56 separate 9.9 m source house components. The older 2024 servicing plan explicitly shows 56 units, while the exact June 2026 City application describes a revised 41 detached dwellings, originally 56. The 56-house layout is demonstrably an earlier version. Developer still markets Abacot Hill as coming soon; no completion date.","https://services6.arcgis.com/hM5ymMLbxIyWTjn2/arcgis/rest/services/Growth_Management_%E2%80%93_Active_Development_Applications/FeatureServer/0/query?where=OBJECTID%3D209&outFields=*&outSR=4326&f=pjson ; https://www.mississauga.ca/wp-content/uploads/2024/12/05105017/Functional-Servicing-and-Stormwater-Management-Report-OZ-24-9-W8-21T-M-24-5-W8.pdf ; https://halletthomes.com/abacot-hill-registration/"
"81-2884","city-group-29","Abacot Hill / 1720 Sherwood Forrest Circle","inventory73-status","Proposed","Revised 41-home subdivision retained; 56-home source layout superseded","Exclude superseded geometry","Not separately specified","false","true","false","false","There are 56 separate 9.9 m source house components. The older 2024 servicing plan explicitly shows 56 units, while the exact June 2026 City application describes a revised 41 detached dwellings, originally 56. The 56-house layout is demonstrably an earlier version. Developer still markets Abacot Hill as coming soon; no completion date.","https://services6.arcgis.com/hM5ymMLbxIyWTjn2/arcgis/rest/services/Growth_Management_%E2%80%93_Active_Development_Applications/FeatureServer/0/query?where=OBJECTID%3D209&outFields=*&outSR=4326&f=pjson ; https://www.mississauga.ca/wp-content/uploads/2024/12/05105017/Functional-Servicing-and-Stormwater-Management-Report-OZ-24-9-W8-21T-M-24-5-W8.pdf ; https://halletthomes.com/abacot-hill-registration/"
"81-2885","city-group-29","Abacot Hill / 1720 Sherwood Forrest Circle","inventory73-status","Proposed","Revised 41-home subdivision retained; 56-home source layout superseded","Exclude superseded geometry","Not separately specified","false","true","false","false","There are 56 separate 9.9 m source house components. The older 2024 servicing plan explicitly shows 56 units, while the exact June 2026 City application describes a revised 41 detached dwellings, originally 56. The 56-house layout is demonstrably an earlier version. Developer still markets Abacot Hill as coming soon; no completion date.","https://services6.arcgis.com/hM5ymMLbxIyWTjn2/arcgis/rest/services/Growth_Management_%E2%80%93_Active_Development_Applications/FeatureServer/0/query?where=OBJECTID%3D209&outFields=*&outSR=4326&f=pjson ; https://www.mississauga.ca/wp-content/uploads/2024/12/05105017/Functional-Servicing-and-Stormwater-Management-Report-OZ-24-9-W8-21T-M-24-5-W8.pdf ; https://halletthomes.com/abacot-hill-registration/"
"81-2886","city-group-29","Abacot Hill / 1720 Sherwood Forrest Circle","inventory73-status","Proposed","Revised 41-home subdivision retained; 56-home source layout superseded","Exclude superseded geometry","Not separately specified","false","true","false","false","There are 56 separate 9.9 m source house components. The older 2024 servicing plan explicitly shows 56 units, while the exact June 2026 City application describes a revised 41 detached dwellings, originally 56. The 56-house layout is demonstrably an earlier version. Developer still markets Abacot Hill as coming soon; no completion date.","https://services6.arcgis.com/hM5ymMLbxIyWTjn2/arcgis/rest/services/Growth_Management_%E2%80%93_Active_Development_Applications/FeatureServer/0/query?where=OBJECTID%3D209&outFields=*&outSR=4326&f=pjson ; https://www.mississauga.ca/wp-content/uploads/2024/12/05105017/Functional-Servicing-and-Stormwater-Management-Report-OZ-24-9-W8-21T-M-24-5-W8.pdf ; https://halletthomes.com/abacot-hill-registration/"
"81-2887","city-group-29","Abacot Hill / 1720 Sherwood Forrest Circle","inventory73-status","Proposed","Revised 41-home subdivision retained; 56-home source layout superseded","Exclude superseded geometry","Not separately specified","false","true","false","false","There are 56 separate 9.9 m source house components. The older 2024 servicing plan explicitly shows 56 units, while the exact June 2026 City application describes a revised 41 detached dwellings, originally 56. The 56-house layout is demonstrably an earlier version. Developer still markets Abacot Hill as coming soon; no completion date.","https://services6.arcgis.com/hM5ymMLbxIyWTjn2/arcgis/rest/services/Growth_Management_%E2%80%93_Active_Development_Applications/FeatureServer/0/query?where=OBJECTID%3D209&outFields=*&outSR=4326&f=pjson ; https://www.mississauga.ca/wp-content/uploads/2024/12/05105017/Functional-Servicing-and-Stormwater-Management-Report-OZ-24-9-W8-21T-M-24-5-W8.pdf ; https://halletthomes.com/abacot-hill-registration/"
"81-2888","city-group-29","Abacot Hill / 1720 Sherwood Forrest Circle","inventory73-status","Proposed","Revised 41-home subdivision retained; 56-home source layout superseded","Exclude superseded geometry","Not separately specified","false","true","false","false","There are 56 separate 9.9 m source house components. The older 2024 servicing plan explicitly shows 56 units, while the exact June 2026 City application describes a revised 41 detached dwellings, originally 56. The 56-house layout is demonstrably an earlier version. Developer still markets Abacot Hill as coming soon; no completion date.","https://services6.arcgis.com/hM5ymMLbxIyWTjn2/arcgis/rest/services/Growth_Management_%E2%80%93_Active_Development_Applications/FeatureServer/0/query?where=OBJECTID%3D209&outFields=*&outSR=4326&f=pjson ; https://www.mississauga.ca/wp-content/uploads/2024/12/05105017/Functional-Servicing-and-Stormwater-Management-Report-OZ-24-9-W8-21T-M-24-5-W8.pdf ; https://halletthomes.com/abacot-hill-registration/"
"81-2889","city-group-29","Abacot Hill / 1720 Sherwood Forrest Circle","inventory73-status","Proposed","Revised 41-home subdivision retained; 56-home source layout superseded","Exclude superseded geometry","Not separately specified","false","true","false","false","There are 56 separate 9.9 m source house components. The older 2024 servicing plan explicitly shows 56 units, while the exact June 2026 City application describes a revised 41 detached dwellings, originally 56. The 56-house layout is demonstrably an earlier version. Developer still markets Abacot Hill as coming soon; no completion date.","https://services6.arcgis.com/hM5ymMLbxIyWTjn2/arcgis/rest/services/Growth_Management_%E2%80%93_Active_Development_Applications/FeatureServer/0/query?where=OBJECTID%3D209&outFields=*&outSR=4326&f=pjson ; https://www.mississauga.ca/wp-content/uploads/2024/12/05105017/Functional-Servicing-and-Stormwater-Management-Report-OZ-24-9-W8-21T-M-24-5-W8.pdf ; https://halletthomes.com/abacot-hill-registration/"
"81-2890","city-group-29","Abacot Hill / 1720 Sherwood Forrest Circle","inventory73-status","Proposed","Revised 41-home subdivision retained; 56-home source layout superseded","Exclude superseded geometry","Not separately specified","false","true","false","false","There are 56 separate 9.9 m source house components. The older 2024 servicing plan explicitly shows 56 units, while the exact June 2026 City application describes a revised 41 detached dwellings, originally 56. The 56-house layout is demonstrably an earlier version. Developer still markets Abacot Hill as coming soon; no completion date.","https://services6.arcgis.com/hM5ymMLbxIyWTjn2/arcgis/rest/services/Growth_Management_%E2%80%93_Active_Development_Applications/FeatureServer/0/query?where=OBJECTID%3D209&outFields=*&outSR=4326&f=pjson ; https://www.mississauga.ca/wp-content/uploads/2024/12/05105017/Functional-Servicing-and-Stormwater-Management-Report-OZ-24-9-W8-21T-M-24-5-W8.pdf ; https://halletthomes.com/abacot-hill-registration/"
"81-2891","city-group-29","Abacot Hill / 1720 Sherwood Forrest Circle","inventory73-status","Proposed","Revised 41-home subdivision retained; 56-home source layout superseded","Exclude superseded geometry","Not separately specified","false","true","false","false","There are 56 separate 9.9 m source house components. The older 2024 servicing plan explicitly shows 56 units, while the exact June 2026 City application describes a revised 41 detached dwellings, originally 56. The 56-house layout is demonstrably an earlier version. Developer still markets Abacot Hill as coming soon; no completion date.","https://services6.arcgis.com/hM5ymMLbxIyWTjn2/arcgis/rest/services/Growth_Management_%E2%80%93_Active_Development_Applications/FeatureServer/0/query?where=OBJECTID%3D209&outFields=*&outSR=4326&f=pjson ; https://www.mississauga.ca/wp-content/uploads/2024/12/05105017/Functional-Servicing-and-Stormwater-Management-Report-OZ-24-9-W8-21T-M-24-5-W8.pdf ; https://halletthomes.com/abacot-hill-registration/"
"33-4079","city-group-96","Above Condos / 30 Bristol Road East","inventory73-status","Proposed","Under construction according to current developer portfolio; completion unpublished","Retain source massing with cited caveat","Not separately specified","true","false","false","false","Developer Baz portfolio explicitly lists Above Condos at 30 Bristol, 577 units, in Construction stage (25%). Older broker pages retain preconstruction and conflicting 2024/2026/2027 forecasts. Current completion date is not published; developer stage is accepted without inventing a start date.","https://services6.arcgis.com/hM5ymMLbxIyWTjn2/arcgis/rest/services/Growth_Management_%E2%80%93_Active_Development_Applications/FeatureServer/0/query?where=OBJECTID%3D136&outFields=*&outSR=4326&f=pjson ; https://bazgroup.ca/portfolio/development/ ; https://urbantoronto.ca/forum/threads/toronto-above-condos-m-25s-marlin-spring-turner-fleischer.29970/page-3"
"33-4080","city-group-96","Above Condos / 30 Bristol Road East","inventory73-status","Proposed","Under construction according to current developer portfolio; completion unpublished","Retain source massing with cited caveat","Not separately specified","true","false","false","false","Developer Baz portfolio explicitly lists Above Condos at 30 Bristol, 577 units, in Construction stage (25%). Older broker pages retain preconstruction and conflicting 2024/2026/2027 forecasts. Current completion date is not published; developer stage is accepted without inventing a start date.","https://services6.arcgis.com/hM5ymMLbxIyWTjn2/arcgis/rest/services/Growth_Management_%E2%80%93_Active_Development_Applications/FeatureServer/0/query?where=OBJECTID%3D136&outFields=*&outSR=4326&f=pjson ; https://bazgroup.ca/portfolio/development/ ; https://urbantoronto.ca/forum/threads/toronto-above-condos-m-25s-marlin-spring-turner-fleischer.29970/page-3"
"33-4081","city-group-96","Above Condos / 30 Bristol Road East","inventory73-status","Proposed","Under construction according to current developer portfolio; completion unpublished","Retain source massing with cited caveat","Not separately specified","true","false","false","false","Developer Baz portfolio explicitly lists Above Condos at 30 Bristol, 577 units, in Construction stage (25%). Older broker pages retain preconstruction and conflicting 2024/2026/2027 forecasts. Current completion date is not published; developer stage is accepted without inventing a start date.","https://services6.arcgis.com/hM5ymMLbxIyWTjn2/arcgis/rest/services/Growth_Management_%E2%80%93_Active_Development_Applications/FeatureServer/0/query?where=OBJECTID%3D136&outFields=*&outSR=4326&f=pjson ; https://bazgroup.ca/portfolio/development/ ; https://urbantoronto.ca/forum/threads/toronto-above-condos-m-25s-marlin-spring-turner-fleischer.29970/page-3"
"22-14211","city-group-55","Artisan Towns / 1725 Barbertown Road","group-status","Proposed","Phased townhouse delivery; completion unverified","Retain source version in violet; exclude from strict verified scenario","Not separately specified","true","false","false","true","Artisan Towns identity established. City permits at Artist Lane inside the site were issued March–June 2026. Brokerage occupancy forecasts differ (January vs December 2026); neither is accepted as actual completed delivery.","https://impactcondoinvestments.com/artisan/ ; https://royalerealtybrokerage.com/project/artisan-towns/ ; https://services6.arcgis.com/hM5ymMLbxIyWTjn2/arcgis/rest/services/Growth_Management_%E2%80%93_Issued_Building_Permits/FeatureServer/0/query?f=json&geometry=%7B%22x%22%3A+-79.69469037316367%2C+%22y%22%3A+43.57619586458607%2C+%22spatialReference%22%3A+%7B%22wkid%22%3A+4326%7D%7D&geometryType=esriGeometryPoint&inSR=4326&spatialRel=esriSpatialRelIntersects&distance=90&units=esriSRUnit_Meter&outFields=BuildingPermitNumber%2CIssuedDate%2CBuildingPermitType%2CBuildingPermitScope%2CAddress%2CApprovedUse%2CResidentialUnits%2CNonResidentialGFA_m2&outSR=4326&returnGeometry=true"
"22-14212","city-group-55","Artisan Towns / 1725 Barbertown Road","group-status","Proposed","Phased townhouse delivery; completion unverified","Retain source version in violet; exclude from strict verified scenario","Not separately specified","true","false","false","true","Artisan Towns identity established. City permits at Artist Lane inside the site were issued March–June 2026. Brokerage occupancy forecasts differ (January vs December 2026); neither is accepted as actual completed delivery.","https://impactcondoinvestments.com/artisan/ ; https://royalerealtybrokerage.com/project/artisan-towns/ ; https://services6.arcgis.com/hM5ymMLbxIyWTjn2/arcgis/rest/services/Growth_Management_%E2%80%93_Issued_Building_Permits/FeatureServer/0/query?f=json&geometry=%7B%22x%22%3A+-79.69469037316367%2C+%22y%22%3A+43.57619586458607%2C+%22spatialReference%22%3A+%7B%22wkid%22%3A+4326%7D%7D&geometryType=esriGeometryPoint&inSR=4326&spatialRel=esriSpatialRelIntersects&distance=90&units=esriSRUnit_Meter&outFields=BuildingPermitNumber%2CIssuedDate%2CBuildingPermitType%2CBuildingPermitScope%2CAddress%2CApprovedUse%2CResidentialUnits%2CNonResidentialGFA_m2&outSR=4326&returnGeometry=true"
"22-14213","city-group-55","Artisan Towns / 1725 Barbertown Road","group-status","Proposed","Phased townhouse delivery; completion unverified","Retain source version in violet; exclude from strict verified scenario","Not separately specified","true","false","false","true","Artisan Towns identity established. City permits at Artist Lane inside the site were issued March–June 2026. Brokerage occupancy forecasts differ (January vs December 2026); neither is accepted as actual completed delivery.","https://impactcondoinvestments.com/artisan/ ; https://royalerealtybrokerage.com/project/artisan-towns/ ; https://services6.arcgis.com/hM5ymMLbxIyWTjn2/arcgis/rest/services/Growth_Management_%E2%80%93_Issued_Building_Permits/FeatureServer/0/query?f=json&geometry=%7B%22x%22%3A+-79.69469037316367%2C+%22y%22%3A+43.57619586458607%2C+%22spatialReference%22%3A+%7B%22wkid%22%3A+4326%7D%7D&geometryType=esriGeometryPoint&inSR=4326&spatialRel=esriSpatialRelIntersects&distance=90&units=esriSRUnit_Meter&outFields=BuildingPermitNumber%2CIssuedDate%2CBuildingPermitType%2CBuildingPermitScope%2CAddress%2CApprovedUse%2CResidentialUnits%2CNonResidentialGFA_m2&outSR=4326&returnGeometry=true"
"22-14214","city-group-55","Artisan Towns / 1725 Barbertown Road","group-status","Proposed","Phased townhouse delivery; completion unverified","Retain source version in violet; exclude from strict verified scenario","Not separately specified","true","false","false","true","Artisan Towns identity established. City permits at Artist Lane inside the site were issued March–June 2026. Brokerage occupancy forecasts differ (January vs December 2026); neither is accepted as actual completed delivery.","https://impactcondoinvestments.com/artisan/ ; https://royalerealtybrokerage.com/project/artisan-towns/ ; https://services6.arcgis.com/hM5ymMLbxIyWTjn2/arcgis/rest/services/Growth_Management_%E2%80%93_Issued_Building_Permits/FeatureServer/0/query?f=json&geometry=%7B%22x%22%3A+-79.69469037316367%2C+%22y%22%3A+43.57619586458607%2C+%22spatialReference%22%3A+%7B%22wkid%22%3A+4326%7D%7D&geometryType=esriGeometryPoint&inSR=4326&spatialRel=esriSpatialRelIntersects&distance=90&units=esriSRUnit_Meter&outFields=BuildingPermitNumber%2CIssuedDate%2CBuildingPermitType%2CBuildingPermitScope%2CAddress%2CApprovedUse%2CResidentialUnits%2CNonResidentialGFA_m2&outSR=4326&returnGeometry=true"
"22-14215","city-group-55","Artisan Towns / 1725 Barbertown Road","group-status","Proposed","Phased townhouse delivery; completion unverified","Retain source version in violet; exclude from strict verified scenario","Not separately specified","true","false","false","true","Artisan Towns identity established. City permits at Artist Lane inside the site were issued March–June 2026. Brokerage occupancy forecasts differ (January vs December 2026); neither is accepted as actual completed delivery.","https://impactcondoinvestments.com/artisan/ ; https://royalerealtybrokerage.com/project/artisan-towns/ ; https://services6.arcgis.com/hM5ymMLbxIyWTjn2/arcgis/rest/services/Growth_Management_%E2%80%93_Issued_Building_Permits/FeatureServer/0/query?f=json&geometry=%7B%22x%22%3A+-79.69469037316367%2C+%22y%22%3A+43.57619586458607%2C+%22spatialReference%22%3A+%7B%22wkid%22%3A+4326%7D%7D&geometryType=esriGeometryPoint&inSR=4326&spatialRel=esriSpatialRelIntersects&distance=90&units=esriSRUnit_Meter&outFields=BuildingPermitNumber%2CIssuedDate%2CBuildingPermitType%2CBuildingPermitScope%2CAddress%2CApprovedUse%2CResidentialUnits%2CNonResidentialGFA_m2&outSR=4326&returnGeometry=true"
"22-14216","city-group-55","Artisan Towns / 1725 Barbertown Road","group-status","Proposed","Phased townhouse delivery; completion unverified","Retain source version in violet; exclude from strict verified scenario","Not separately specified","true","false","false","true","Artisan Towns identity established. City permits at Artist Lane inside the site were issued March–June 2026. Brokerage occupancy forecasts differ (January vs December 2026); neither is accepted as actual completed delivery.","https://impactcondoinvestments.com/artisan/ ; https://royalerealtybrokerage.com/project/artisan-towns/ ; https://services6.arcgis.com/hM5ymMLbxIyWTjn2/arcgis/rest/services/Growth_Management_%E2%80%93_Issued_Building_Permits/FeatureServer/0/query?f=json&geometry=%7B%22x%22%3A+-79.69469037316367%2C+%22y%22%3A+43.57619586458607%2C+%22spatialReference%22%3A+%7B%22wkid%22%3A+4326%7D%7D&geometryType=esriGeometryPoint&inSR=4326&spatialRel=esriSpatialRelIntersects&distance=90&units=esriSRUnit_Meter&outFields=BuildingPermitNumber%2CIssuedDate%2CBuildingPermitType%2CBuildingPermitScope%2CAddress%2CApprovedUse%2CResidentialUnits%2CNonResidentialGFA_m2&outSR=4326&returnGeometry=true"
"22-14217","city-group-55","Artisan Towns / 1725 Barbertown Road","group-status","Proposed","Phased townhouse delivery; completion unverified","Retain source version in violet; exclude from strict verified scenario","Not separately specified","true","false","false","true","Artisan Towns identity established. City permits at Artist Lane inside the site were issued March–June 2026. Brokerage occupancy forecasts differ (January vs December 2026); neither is accepted as actual completed delivery.","https://impactcondoinvestments.com/artisan/ ; https://royalerealtybrokerage.com/project/artisan-towns/ ; https://services6.arcgis.com/hM5ymMLbxIyWTjn2/arcgis/rest/services/Growth_Management_%E2%80%93_Issued_Building_Permits/FeatureServer/0/query?f=json&geometry=%7B%22x%22%3A+-79.69469037316367%2C+%22y%22%3A+43.57619586458607%2C+%22spatialReference%22%3A+%7B%22wkid%22%3A+4326%7D%7D&geometryType=esriGeometryPoint&inSR=4326&spatialRel=esriSpatialRelIntersects&distance=90&units=esriSRUnit_Meter&outFields=BuildingPermitNumber%2CIssuedDate%2CBuildingPermitType%2CBuildingPermitScope%2CAddress%2CApprovedUse%2CResidentialUnits%2CNonResidentialGFA_m2&outSR=4326&returnGeometry=true"
"22-14218","city-group-55","Artisan Towns / 1725 Barbertown Road","group-status","Proposed","Phased townhouse delivery; completion unverified","Retain source version in violet; exclude from strict verified scenario","Not separately specified","true","false","false","true","Artisan Towns identity established. City permits at Artist Lane inside the site were issued March–June 2026. Brokerage occupancy forecasts differ (January vs December 2026); neither is accepted as actual completed delivery.","https://impactcondoinvestments.com/artisan/ ; https://royalerealtybrokerage.com/project/artisan-towns/ ; https://services6.arcgis.com/hM5ymMLbxIyWTjn2/arcgis/rest/services/Growth_Management_%E2%80%93_Issued_Building_Permits/FeatureServer/0/query?f=json&geometry=%7B%22x%22%3A+-79.69469037316367%2C+%22y%22%3A+43.57619586458607%2C+%22spatialReference%22%3A+%7B%22wkid%22%3A+4326%7D%7D&geometryType=esriGeometryPoint&inSR=4326&spatialRel=esriSpatialRelIntersects&distance=90&units=esriSRUnit_Meter&outFields=BuildingPermitNumber%2CIssuedDate%2CBuildingPermitType%2CBuildingPermitScope%2CAddress%2CApprovedUse%2CResidentialUnits%2CNonResidentialGFA_m2&outSR=4326&returnGeometry=true"
"22-14219","city-group-55","Artisan Towns / 1725 Barbertown Road","group-status","Proposed","Phased townhouse delivery; completion unverified","Retain source version in violet; exclude from strict verified scenario","Not separately specified","true","false","false","true","Artisan Towns identity established. City permits at Artist Lane inside the site were issued March–June 2026. Brokerage occupancy forecasts differ (January vs December 2026); neither is accepted as actual completed delivery.","https://impactcondoinvestments.com/artisan/ ; https://royalerealtybrokerage.com/project/artisan-towns/ ; https://services6.arcgis.com/hM5ymMLbxIyWTjn2/arcgis/rest/services/Growth_Management_%E2%80%93_Issued_Building_Permits/FeatureServer/0/query?f=json&geometry=%7B%22x%22%3A+-79.69469037316367%2C+%22y%22%3A+43.57619586458607%2C+%22spatialReference%22%3A+%7B%22wkid%22%3A+4326%7D%7D&geometryType=esriGeometryPoint&inSR=4326&spatialRel=esriSpatialRelIntersects&distance=90&units=esriSRUnit_Meter&outFields=BuildingPermitNumber%2CIssuedDate%2CBuildingPermitType%2CBuildingPermitScope%2CAddress%2CApprovedUse%2CResidentialUnits%2CNonResidentialGFA_m2&outSR=4326&returnGeometry=true"
"22-14220","city-group-55","Artisan Towns / 1725 Barbertown Road","group-status","Proposed","Phased townhouse delivery; completion unverified","Retain source version in violet; exclude from strict verified scenario","Not separately specified","true","false","false","true","Artisan Towns identity established. City permits at Artist Lane inside the site were issued March–June 2026. Brokerage occupancy forecasts differ (January vs December 2026); neither is accepted as actual completed delivery.","https://impactcondoinvestments.com/artisan/ ; https://royalerealtybrokerage.com/project/artisan-towns/ ; https://services6.arcgis.com/hM5ymMLbxIyWTjn2/arcgis/rest/services/Growth_Management_%E2%80%93_Issued_Building_Permits/FeatureServer/0/query?f=json&geometry=%7B%22x%22%3A+-79.69469037316367%2C+%22y%22%3A+43.57619586458607%2C+%22spatialReference%22%3A+%7B%22wkid%22%3A+4326%7D%7D&geometryType=esriGeometryPoint&inSR=4326&spatialRel=esriSpatialRelIntersects&distance=90&units=esriSRUnit_Meter&outFields=BuildingPermitNumber%2CIssuedDate%2CBuildingPermitType%2CBuildingPermitScope%2CAddress%2CApprovedUse%2CResidentialUnits%2CNonResidentialGFA_m2&outSR=4326&returnGeometry=true"
"22-14221","city-group-55","Artisan Towns / 1725 Barbertown Road","group-status","Proposed","Phased townhouse delivery; completion unverified","Retain source version in violet; exclude from strict verified scenario","Not separately specified","true","false","false","true","Artisan Towns identity established. City permits at Artist Lane inside the site were issued March–June 2026. Brokerage occupancy forecasts differ (January vs December 2026); neither is accepted as actual completed delivery.","https://impactcondoinvestments.com/artisan/ ; https://royalerealtybrokerage.com/project/artisan-towns/ ; https://services6.arcgis.com/hM5ymMLbxIyWTjn2/arcgis/rest/services/Growth_Management_%E2%80%93_Issued_Building_Permits/FeatureServer/0/query?f=json&geometry=%7B%22x%22%3A+-79.69469037316367%2C+%22y%22%3A+43.57619586458607%2C+%22spatialReference%22%3A+%7B%22wkid%22%3A+4326%7D%7D&geometryType=esriGeometryPoint&inSR=4326&spatialRel=esriSpatialRelIntersects&distance=90&units=esriSRUnit_Meter&outFields=BuildingPermitNumber%2CIssuedDate%2CBuildingPermitType%2CBuildingPermitScope%2CAddress%2CApprovedUse%2CResidentialUnits%2CNonResidentialGFA_m2&outSR=4326&returnGeometry=true"
"93-742","brightwater-bridge-house","Bridge House at Brightwater","waterfront","Proposed","Planned; construction commencement not verified","Retain source version in violet; exclude from strict verified scenario","Not separately specified","true","false","false","true","Heights and configuration are consistent with six-, fifteen- and nineteen-storey Bridge House. Exact file-to-phase naming is inferred from configuration. Do not present as current construction or as the new thirty-five-storey Brightwater blocks.","https://renx.ca/index.php/brightwater-community-is-progressing-in-all-facets ; https://urbantoronto.ca/forum/threads/toronto-bridge-house-m-19s-pcwvp-a%E2%80%94a.34762/"
"93-743","brightwater-bridge-house","Bridge House at Brightwater","waterfront","Proposed","Planned; construction commencement not verified","Retain source version in violet; exclude from strict verified scenario","Not separately specified","true","false","false","true","Heights and configuration are consistent with six-, fifteen- and nineteen-storey Bridge House. Exact file-to-phase naming is inferred from configuration. Do not present as current construction or as the new thirty-five-storey Brightwater blocks.","https://renx.ca/index.php/brightwater-community-is-progressing-in-all-facets ; https://urbantoronto.ca/forum/threads/toronto-bridge-house-m-19s-pcwvp-a%E2%80%94a.34762/"
"93-744","brightwater-bridge-house","Bridge House at Brightwater","waterfront","Proposed","Planned; construction commencement not verified","Retain source version in violet; exclude from strict verified scenario","Not separately specified","true","false","false","true","Heights and configuration are consistent with six-, fifteen- and nineteen-storey Bridge House. Exact file-to-phase naming is inferred from configuration. Do not present as current construction or as the new thirty-five-storey Brightwater blocks.","https://renx.ca/index.php/brightwater-community-is-progressing-in-all-facets ; https://urbantoronto.ca/forum/threads/toronto-bridge-house-m-19s-pcwvp-a%E2%80%94a.34762/"
"93-745","brightwater-bridge-house","Bridge House at Brightwater","waterfront","Proposed","Planned; construction commencement not verified","Retain source version in violet; exclude from strict verified scenario","Not separately specified","true","false","false","true","Heights and configuration are consistent with six-, fifteen- and nineteen-storey Bridge House. Exact file-to-phase naming is inferred from configuration. Do not present as current construction or as the new thirty-five-storey Brightwater blocks.","https://renx.ca/index.php/brightwater-community-is-progressing-in-all-facets ; https://urbantoronto.ca/forum/threads/toronto-bridge-house-m-19s-pcwvp-a%E2%80%94a.34762/"
"93-746","brightwater-bridge-house","Bridge House at Brightwater","waterfront","Proposed","Planned; construction commencement not verified","Retain source version in violet; exclude from strict verified scenario","Not separately specified","true","false","false","true","Heights and configuration are consistent with six-, fifteen- and nineteen-storey Bridge House. Exact file-to-phase naming is inferred from configuration. Do not present as current construction or as the new thirty-five-storey Brightwater blocks.","https://renx.ca/index.php/brightwater-community-is-progressing-in-all-facets ; https://urbantoronto.ca/forum/threads/toronto-bridge-house-m-19s-pcwvp-a%E2%80%94a.34762/"
"93-747","brightwater-bridge-house","Bridge House at Brightwater","waterfront","Proposed","Planned; construction commencement not verified","Retain source version in violet; exclude from strict verified scenario","Not separately specified","true","false","false","true","Heights and configuration are consistent with six-, fifteen- and nineteen-storey Bridge House. Exact file-to-phase naming is inferred from configuration. Do not present as current construction or as the new thirty-five-storey Brightwater blocks.","https://renx.ca/index.php/brightwater-community-is-progressing-in-all-facets ; https://urbantoronto.ca/forum/threads/toronto-bridge-house-m-19s-pcwvp-a%E2%80%94a.34762/"
"93-748","brightwater-bridge-house","Bridge House at Brightwater","waterfront","Proposed","Planned; construction commencement not verified","Retain source version in violet; exclude from strict verified scenario","Not separately specified","true","false","false","true","Heights and configuration are consistent with six-, fifteen- and nineteen-storey Bridge House. Exact file-to-phase naming is inferred from configuration. Do not present as current construction or as the new thirty-five-storey Brightwater blocks.","https://renx.ca/index.php/brightwater-community-is-progressing-in-all-facets ; https://urbantoronto.ca/forum/threads/toronto-bridge-house-m-19s-pcwvp-a%E2%80%94a.34762/"
"93-749","brightwater-master","Brightwater / Port Credit West Village","waterfront","Proposed","Partially built; future blocks approved","Retain source version in violet; exclude from strict verified scenario","Not separately specified","true","false","false","true","SP 22 103 contains townhouses. Completion status and phase name remain unresolved; these meshes do not represent the latest taller Brightwater permissions.","https://experiencebrightwater.ca/ ; https://www.mississauga.ca/wp-content/uploads/2026/01/22112618/OZ-25-17-W1-Notice-of-Passing-public-notice.pdf"
"93-750","brightwater-master","Brightwater / Port Credit West Village","waterfront","Proposed","Partially built; future blocks approved","Retain source version in violet; exclude from strict verified scenario","Not separately specified","true","false","false","true","SP 22 103 contains townhouses. Completion status and phase name remain unresolved; these meshes do not represent the latest taller Brightwater permissions.","https://experiencebrightwater.ca/ ; https://www.mississauga.ca/wp-content/uploads/2026/01/22112618/OZ-25-17-W1-Notice-of-Passing-public-notice.pdf"
"93-751","brightwater-master","Brightwater / Port Credit West Village","waterfront","Proposed","Partially built; future blocks approved","Retain source version in violet; exclude from strict verified scenario","Not separately specified","true","false","false","true","SP 22 103 contains townhouses. Completion status and phase name remain unresolved; these meshes do not represent the latest taller Brightwater permissions.","https://experiencebrightwater.ca/ ; https://www.mississauga.ca/wp-content/uploads/2026/01/22112618/OZ-25-17-W1-Notice-of-Passing-public-notice.pdf"
"93-752","brightwater-master","Brightwater / Port Credit West Village","waterfront","Proposed","Partially built; future blocks approved","Retain source version in violet; exclude from strict verified scenario","Not separately specified","true","false","false","true","SP 22 103 contains townhouses. Completion status and phase name remain unresolved; these meshes do not represent the latest taller Brightwater permissions.","https://experiencebrightwater.ca/ ; https://www.mississauga.ca/wp-content/uploads/2026/01/22112618/OZ-25-17-W1-Notice-of-Passing-public-notice.pdf"
"93-753","brightwater-master","Brightwater / Port Credit West Village","waterfront","Proposed","Partially built; future blocks approved","Retain source version in violet; exclude from strict verified scenario","Not separately specified","true","false","false","true","SP 22 103 contains townhouses. Completion status and phase name remain unresolved; these meshes do not represent the latest taller Brightwater permissions.","https://experiencebrightwater.ca/ ; https://www.mississauga.ca/wp-content/uploads/2026/01/22112618/OZ-25-17-W1-Notice-of-Passing-public-notice.pdf"
"93-754","brightwater-master","Brightwater / Port Credit West Village","waterfront","Proposed","Partially built; future blocks approved","Retain source version in violet; exclude from strict verified scenario","Not separately specified","true","false","false","true","SP 22 103 contains townhouses. Completion status and phase name remain unresolved; these meshes do not represent the latest taller Brightwater permissions.","https://experiencebrightwater.ca/ ; https://www.mississauga.ca/wp-content/uploads/2026/01/22112618/OZ-25-17-W1-Notice-of-Passing-public-notice.pdf"
"93-755","brightwater-master","Brightwater / Port Credit West Village","waterfront","Proposed","Partially built; future blocks approved","Retain source version in violet; exclude from strict verified scenario","Not separately specified","true","false","false","true","SP 22 103 contains townhouses. Completion status and phase name remain unresolved; these meshes do not represent the latest taller Brightwater permissions.","https://experiencebrightwater.ca/ ; https://www.mississauga.ca/wp-content/uploads/2026/01/22112618/OZ-25-17-W1-Notice-of-Passing-public-notice.pdf"
"93-756","brightwater-master","Brightwater / Port Credit West Village","waterfront","Proposed","Partially built; future blocks approved","Retain source version in violet; exclude from strict verified scenario","Not separately specified","true","false","false","true","SP 22 103 contains townhouses. Completion status and phase name remain unresolved; these meshes do not represent the latest taller Brightwater permissions.","https://experiencebrightwater.ca/ ; https://www.mississauga.ca/wp-content/uploads/2026/01/22112618/OZ-25-17-W1-Notice-of-Passing-public-notice.pdf"
"103-1073","city-group-30","Byngmount Shores / 970 East Avenue","group-status","Proposed","Under construction","Retain source massing with cited caveat","Not separately specified","true","false","false","false","Peel confirms February 17, 2026 groundbreaking and construction commenced. Seven storeys, 150 rental homes. City permit issued December 15, 2025. Target 2028 is forecast, not completion.","https://peelregion.ca/press-releases/peel-region-marks-groundbreaking-byngmount-shores ; https://www.mississauga.ca/wp-content/uploads/2026/03/02091702/December-2025-Statistics-Canada-Permit-Report.pdf ; https://services6.arcgis.com/hM5ymMLbxIyWTjn2/arcgis/rest/services/Growth_Management_%E2%80%93_Issued_Building_Permits/FeatureServer/0/query?f=json&geometry=%7B%22x%22%3A+-79.56345403787255%2C+%22y%22%3A+43.57171771521632%2C+%22spatialReference%22%3A+%7B%22wkid%22%3A+4326%7D%7D&geometryType=esriGeometryPoint&inSR=4326&spatialRel=esriSpatialRelIntersects&distance=90&units=esriSRUnit_Meter&outFields=BuildingPermitNumber%2CIssuedDate%2CBuildingPermitType%2CBuildingPermitScope%2CAddress%2CApprovedUse%2CResidentialUnits%2CNonResidentialGFA_m2&outSR=4326&returnGeometry=true"
"103-1074","city-group-30","Byngmount Shores / 970 East Avenue","group-status","Proposed","Under construction","Retain source massing with cited caveat","Not separately specified","true","false","false","false","Peel confirms February 17, 2026 groundbreaking and construction commenced. Seven storeys, 150 rental homes. City permit issued December 15, 2025. Target 2028 is forecast, not completion.","https://peelregion.ca/press-releases/peel-region-marks-groundbreaking-byngmount-shores ; https://www.mississauga.ca/wp-content/uploads/2026/03/02091702/December-2025-Statistics-Canada-Permit-Report.pdf ; https://services6.arcgis.com/hM5ymMLbxIyWTjn2/arcgis/rest/services/Growth_Management_%E2%80%93_Issued_Building_Permits/FeatureServer/0/query?f=json&geometry=%7B%22x%22%3A+-79.56345403787255%2C+%22y%22%3A+43.57171771521632%2C+%22spatialReference%22%3A+%7B%22wkid%22%3A+4326%7D%7D&geometryType=esriGeometryPoint&inSR=4326&spatialRel=esriSpatialRelIntersects&distance=90&units=esriSRUnit_Meter&outFields=BuildingPermitNumber%2CIssuedDate%2CBuildingPermitType%2CBuildingPermitScope%2CAddress%2CApprovedUse%2CResidentialUnits%2CNonResidentialGFA_m2&outSR=4326&returnGeometry=true"
"103-1075","city-group-30","Byngmount Shores / 970 East Avenue","group-status","Proposed","Under construction","Retain source massing with cited caveat","Not separately specified","true","false","false","false","Peel confirms February 17, 2026 groundbreaking and construction commenced. Seven storeys, 150 rental homes. City permit issued December 15, 2025. Target 2028 is forecast, not completion.","https://peelregion.ca/press-releases/peel-region-marks-groundbreaking-byngmount-shores ; https://www.mississauga.ca/wp-content/uploads/2026/03/02091702/December-2025-Statistics-Canada-Permit-Report.pdf ; https://services6.arcgis.com/hM5ymMLbxIyWTjn2/arcgis/rest/services/Growth_Management_%E2%80%93_Issued_Building_Permits/FeatureServer/0/query?f=json&geometry=%7B%22x%22%3A+-79.56345403787255%2C+%22y%22%3A+43.57171771521632%2C+%22spatialReference%22%3A+%7B%22wkid%22%3A+4326%7D%7D&geometryType=esriGeometryPoint&inSR=4326&spatialRel=esriSpatialRelIntersects&distance=90&units=esriSRUnit_Meter&outFields=BuildingPermitNumber%2CIssuedDate%2CBuildingPermitType%2CBuildingPermitScope%2CAddress%2CApprovedUse%2CResidentialUnits%2CNonResidentialGFA_m2&outSR=4326&returnGeometry=true"
"91-5024","city-group-80","Cashmere Ave PS Child Care Centre","group-status","Proposed","Funded childcare addition; exact completion unknown","Retain source massing with cited caveat","Not separately specified","true","false","false","false","Province confirms 73 licensed childcare spaces at Cashmere Avenue school. Source SP 22 140 matches minor SPM 22 140 at 2455 Cashmere. Existing school operation is not proof of addition opening.","https://news.ontario.ca/en/backgrounder/1001541/ontario-building-new-licensed-child-care-spaces ; https://services6.arcgis.com/hM5ymMLbxIyWTjn2/arcgis/rest/services/Growth_Management_%E2%80%93_Issued_Building_Permits/FeatureServer/0/query?f=json&geometry=%7B%22x%22%3A+-79.62553940046944%2C+%22y%22%3A+43.56517712644378%2C+%22spatialReference%22%3A+%7B%22wkid%22%3A+4326%7D%7D&geometryType=esriGeometryPoint&inSR=4326&spatialRel=esriSpatialRelIntersects&distance=90&units=esriSRUnit_Meter&outFields=BuildingPermitNumber%2CIssuedDate%2CBuildingPermitType%2CBuildingPermitScope%2CAddress%2CApprovedUse%2CResidentialUnits%2CNonResidentialGFA_m2&outSR=4326&returnGeometry=true"
"73-4291","city-group-107","Chelsea on the Green I","group-status","Proposed","Approved earlier apartment; additional 2026 expansion received","Retain source massing with cited caveat","Not separately specified","true","false","false","false","Chelsea source SP 23 11 is the previously approved apartment, distinct from three additional 20-storey towers proposed in June 2026. Existing two apartments remain. Current landing page cannot establish whether the older phase is physically underway.","https://www.mississauga.ca/services-and-programs/planning-and-development/development-applications/active-development-applications/4100-ponytrail-drive-and-1850-rathburn-road-east-oz-opa-26-9-w3/ ; https://services6.arcgis.com/hM5ymMLbxIyWTjn2/arcgis/rest/services/Growth_Management_%E2%80%93_Issued_Building_Permits/FeatureServer/0/query?f=json&geometry=%7B%22x%22%3A+-79.5955742121971%2C+%22y%22%3A+43.63434336659106%2C+%22spatialReference%22%3A+%7B%22wkid%22%3A+4326%7D%7D&geometryType=esriGeometryPoint&inSR=4326&spatialRel=esriSpatialRelIntersects&distance=90&units=esriSRUnit_Meter&outFields=BuildingPermitNumber%2CIssuedDate%2CBuildingPermitType%2CBuildingPermitScope%2CAddress%2CApprovedUse%2CResidentialUnits%2CNonResidentialGFA_m2&outSR=4326&returnGeometry=true"
"73-4292","city-group-107","Chelsea on the Green I","group-status","Proposed","Approved earlier apartment; additional 2026 expansion received","Retain source massing with cited caveat","Not separately specified","true","false","false","false","Chelsea source SP 23 11 is the previously approved apartment, distinct from three additional 20-storey towers proposed in June 2026. Existing two apartments remain. Current landing page cannot establish whether the older phase is physically underway.","https://www.mississauga.ca/services-and-programs/planning-and-development/development-applications/active-development-applications/4100-ponytrail-drive-and-1850-rathburn-road-east-oz-opa-26-9-w3/ ; https://services6.arcgis.com/hM5ymMLbxIyWTjn2/arcgis/rest/services/Growth_Management_%E2%80%93_Issued_Building_Permits/FeatureServer/0/query?f=json&geometry=%7B%22x%22%3A+-79.5955742121971%2C+%22y%22%3A+43.63434336659106%2C+%22spatialReference%22%3A+%7B%22wkid%22%3A+4326%7D%7D&geometryType=esriGeometryPoint&inSR=4326&spatialRel=esriSpatialRelIntersects&distance=90&units=esriSRUnit_Meter&outFields=BuildingPermitNumber%2CIssuedDate%2CBuildingPermitType%2CBuildingPermitScope%2CAddress%2CApprovedUse%2CResidentialUnits%2CNonResidentialGFA_m2&outSR=4326&returnGeometry=true"
"73-4293","city-group-107","Chelsea on the Green I","group-status","Proposed","Approved earlier apartment; additional 2026 expansion received","Retain source massing with cited caveat","Not separately specified","true","false","false","false","Chelsea source SP 23 11 is the previously approved apartment, distinct from three additional 20-storey towers proposed in June 2026. Existing two apartments remain. Current landing page cannot establish whether the older phase is physically underway.","https://www.mississauga.ca/services-and-programs/planning-and-development/development-applications/active-development-applications/4100-ponytrail-drive-and-1850-rathburn-road-east-oz-opa-26-9-w3/ ; https://services6.arcgis.com/hM5ymMLbxIyWTjn2/arcgis/rest/services/Growth_Management_%E2%80%93_Issued_Building_Permits/FeatureServer/0/query?f=json&geometry=%7B%22x%22%3A+-79.5955742121971%2C+%22y%22%3A+43.63434336659106%2C+%22spatialReference%22%3A+%7B%22wkid%22%3A+4326%7D%7D&geometryType=esriGeometryPoint&inSR=4326&spatialRel=esriSpatialRelIntersects&distance=90&units=esriSRUnit_Meter&outFields=BuildingPermitNumber%2CIssuedDate%2CBuildingPermitType%2CBuildingPermitScope%2CAddress%2CApprovedUse%2CResidentialUnits%2CNonResidentialGFA_m2&outSR=4326&returnGeometry=true"
"63-6157","connecting-cooksville","Connecting Cooksville","citywide","Proposed","Appealed","Retain source massing with cited caveat","Not separately specified","true","false","false","false","Address coordinates are approximate map pins. City snapshot meshes are source massing, not construction drawings; latest approvals and final detailed architecture may differ.","https://www.mississauga.ca/services-and-programs/planning-and-development/development-applications/active-development-applications/25-and-33-hillcrest-avenue-and-3146-3154-and-3168-hurontario-street-oz-opa-22-19-w7/"
"63-6158","connecting-cooksville","Connecting Cooksville","citywide","Proposed","Appealed","Retain source massing with cited caveat","Not separately specified","true","false","false","false","Address coordinates are approximate map pins. City snapshot meshes are source massing, not construction drawings; latest approvals and final detailed architecture may differ.","https://www.mississauga.ca/services-and-programs/planning-and-development/development-applications/active-development-applications/25-and-33-hillcrest-avenue-and-3146-3154-and-3168-hurontario-street-oz-opa-22-19-w7/"
"63-6159","connecting-cooksville","Connecting Cooksville","citywide","Proposed","Appealed","Retain source massing with cited caveat","Not separately specified","true","false","false","false","Address coordinates are approximate map pins. City snapshot meshes are source massing, not construction drawings; latest approvals and final detailed architecture may differ.","https://www.mississauga.ca/services-and-programs/planning-and-development/development-applications/active-development-applications/25-and-33-hillcrest-avenue-and-3146-3154-and-3168-hurontario-street-oz-opa-22-19-w7/"
"63-6160","connecting-cooksville","Connecting Cooksville","citywide","Proposed","Appealed","Retain source massing with cited caveat","Not separately specified","true","false","false","false","Address coordinates are approximate map pins. City snapshot meshes are source massing, not construction drawings; latest approvals and final detailed architecture may differ.","https://www.mississauga.ca/services-and-programs/planning-and-development/development-applications/active-development-applications/25-and-33-hillcrest-avenue-and-3146-3154-and-3168-hurontario-street-oz-opa-22-19-w7/"
"63-6161","connecting-cooksville","Connecting Cooksville","citywide","Proposed","Appealed","Retain source massing with cited caveat","Not separately specified","true","false","false","false","Address coordinates are approximate map pins. City snapshot meshes are source massing, not construction drawings; latest approvals and final detailed architecture may differ.","https://www.mississauga.ca/services-and-programs/planning-and-development/development-applications/active-development-applications/25-and-33-hillcrest-avenue-and-3146-3154-and-3168-hurontario-street-oz-opa-22-19-w7/"
"63-6162","connecting-cooksville","Connecting Cooksville","citywide","Proposed","Appealed","Retain source massing with cited caveat","Not separately specified","true","false","false","false","Address coordinates are approximate map pins. City snapshot meshes are source massing, not construction drawings; latest approvals and final detailed architecture may differ.","https://www.mississauga.ca/services-and-programs/planning-and-development/development-applications/active-development-applications/25-and-33-hillcrest-avenue-and-3146-3154-and-3168-hurontario-street-oz-opa-22-19-w7/"
"63-6163","connecting-cooksville","Connecting Cooksville","citywide","Proposed","Appealed","Retain source massing with cited caveat","Not separately specified","true","false","false","false","Address coordinates are approximate map pins. City snapshot meshes are source massing, not construction drawings; latest approvals and final detailed architecture may differ.","https://www.mississauga.ca/services-and-programs/planning-and-development/development-applications/active-development-applications/25-and-33-hillcrest-avenue-and-3146-3154-and-3168-hurontario-street-oz-opa-22-19-w7/"
"63-6164","connecting-cooksville","Connecting Cooksville","citywide","Proposed","Appealed","Retain source massing with cited caveat","Not separately specified","true","false","false","false","Address coordinates are approximate map pins. City snapshot meshes are source massing, not construction drawings; latest approvals and final detailed architecture may differ.","https://www.mississauga.ca/services-and-programs/planning-and-development/development-applications/active-development-applications/25-and-33-hillcrest-avenue-and-3146-3154-and-3168-hurontario-street-oz-opa-22-19-w7/"
"63-6165","connecting-cooksville","Connecting Cooksville","citywide","Proposed","Appealed","Retain source massing with cited caveat","Not separately specified","true","false","false","false","Address coordinates are approximate map pins. City snapshot meshes are source massing, not construction drawings; latest approvals and final detailed architecture may differ.","https://www.mississauga.ca/services-and-programs/planning-and-development/development-applications/active-development-applications/25-and-33-hillcrest-avenue-and-3146-3154-and-3168-hurontario-street-oz-opa-22-19-w7/"
"63-6166","connecting-cooksville","Connecting Cooksville","citywide","Proposed","Appealed","Retain source massing with cited caveat","Not separately specified","true","false","false","false","Address coordinates are approximate map pins. City snapshot meshes are source massing, not construction drawings; latest approvals and final detailed architecture may differ.","https://www.mississauga.ca/services-and-programs/planning-and-development/development-applications/active-development-applications/25-and-33-hillcrest-avenue-and-3146-3154-and-3168-hurontario-street-oz-opa-22-19-w7/"
"13-11375","city-group-66","Derry Britannia Phase 1 / Ninth Line","group-status","Proposed","Approved subdivision with 2026 permits; phased completion unverified","Retain source massing with cited caveat","Not separately specified","true","false","false","false","Derry Britannia Phase 1 is linked to Ninth Line subdivision; 2026 permits at Aliza, Maliyah, Mishiikenh and Persaud identify active delivery. April 2026 rezoning adjusts boundaries and detached/townhouse zones. Historical traffic-study 2028/2031 horizons are forecasts, not committed completion dates.","https://www.mississauga.ca/services-and-programs/planning-and-development/development-applications/active-development-applications/6578-ninth-line-oz-26-6-w10/ ; https://www.mississauga.ca/wp-content/uploads/2023/11/Traffic-Impact-Study-October-2023.pdf ; https://services6.arcgis.com/hM5ymMLbxIyWTjn2/arcgis/rest/services/Growth_Management_%E2%80%93_Issued_Building_Permits/FeatureServer/0/query?f=json&geometry=%7B%22x%22%3A+-79.7689414224194%2C+%22y%22%3A+43.56025342875602%2C+%22spatialReference%22%3A+%7B%22wkid%22%3A+4326%7D%7D&geometryType=esriGeometryPoint&inSR=4326&spatialRel=esriSpatialRelIntersects&distance=90&units=esriSRUnit_Meter&outFields=BuildingPermitNumber%2CIssuedDate%2CBuildingPermitType%2CBuildingPermitScope%2CAddress%2CApprovedUse%2CResidentialUnits%2CNonResidentialGFA_m2&outSR=4326&returnGeometry=true"
"13-11376","city-group-66","Derry Britannia Phase 1 / Ninth Line","group-status","Proposed","Approved subdivision with 2026 permits; phased completion unverified","Retain source massing with cited caveat","Not separately specified","true","false","false","false","Derry Britannia Phase 1 is linked to Ninth Line subdivision; 2026 permits at Aliza, Maliyah, Mishiikenh and Persaud identify active delivery. April 2026 rezoning adjusts boundaries and detached/townhouse zones. Historical traffic-study 2028/2031 horizons are forecasts, not committed completion dates.","https://www.mississauga.ca/services-and-programs/planning-and-development/development-applications/active-development-applications/6578-ninth-line-oz-26-6-w10/ ; https://www.mississauga.ca/wp-content/uploads/2023/11/Traffic-Impact-Study-October-2023.pdf ; https://services6.arcgis.com/hM5ymMLbxIyWTjn2/arcgis/rest/services/Growth_Management_%E2%80%93_Issued_Building_Permits/FeatureServer/0/query?f=json&geometry=%7B%22x%22%3A+-79.7689414224194%2C+%22y%22%3A+43.56025342875602%2C+%22spatialReference%22%3A+%7B%22wkid%22%3A+4326%7D%7D&geometryType=esriGeometryPoint&inSR=4326&spatialRel=esriSpatialRelIntersects&distance=90&units=esriSRUnit_Meter&outFields=BuildingPermitNumber%2CIssuedDate%2CBuildingPermitType%2CBuildingPermitScope%2CAddress%2CApprovedUse%2CResidentialUnits%2CNonResidentialGFA_m2&outSR=4326&returnGeometry=true"
"13-11377","city-group-66","Derry Britannia Phase 1 / Ninth Line","group-status","Proposed","Approved subdivision with 2026 permits; phased completion unverified","Retain source massing with cited caveat","Not separately specified","true","false","false","false","Derry Britannia Phase 1 is linked to Ninth Line subdivision; 2026 permits at Aliza, Maliyah, Mishiikenh and Persaud identify active delivery. April 2026 rezoning adjusts boundaries and detached/townhouse zones. Historical traffic-study 2028/2031 horizons are forecasts, not committed completion dates.","https://www.mississauga.ca/services-and-programs/planning-and-development/development-applications/active-development-applications/6578-ninth-line-oz-26-6-w10/ ; https://www.mississauga.ca/wp-content/uploads/2023/11/Traffic-Impact-Study-October-2023.pdf ; https://services6.arcgis.com/hM5ymMLbxIyWTjn2/arcgis/rest/services/Growth_Management_%E2%80%93_Issued_Building_Permits/FeatureServer/0/query?f=json&geometry=%7B%22x%22%3A+-79.7689414224194%2C+%22y%22%3A+43.56025342875602%2C+%22spatialReference%22%3A+%7B%22wkid%22%3A+4326%7D%7D&geometryType=esriGeometryPoint&inSR=4326&spatialRel=esriSpatialRelIntersects&distance=90&units=esriSRUnit_Meter&outFields=BuildingPermitNumber%2CIssuedDate%2CBuildingPermitType%2CBuildingPermitScope%2CAddress%2CApprovedUse%2CResidentialUnits%2CNonResidentialGFA_m2&outSR=4326&returnGeometry=true"
"13-11378","city-group-66","Derry Britannia Phase 1 / Ninth Line","group-status","Proposed","Approved subdivision with 2026 permits; phased completion unverified","Retain source massing with cited caveat","Not separately specified","true","false","false","false","Derry Britannia Phase 1 is linked to Ninth Line subdivision; 2026 permits at Aliza, Maliyah, Mishiikenh and Persaud identify active delivery. April 2026 rezoning adjusts boundaries and detached/townhouse zones. Historical traffic-study 2028/2031 horizons are forecasts, not committed completion dates.","https://www.mississauga.ca/services-and-programs/planning-and-development/development-applications/active-development-applications/6578-ninth-line-oz-26-6-w10/ ; https://www.mississauga.ca/wp-content/uploads/2023/11/Traffic-Impact-Study-October-2023.pdf ; https://services6.arcgis.com/hM5ymMLbxIyWTjn2/arcgis/rest/services/Growth_Management_%E2%80%93_Issued_Building_Permits/FeatureServer/0/query?f=json&geometry=%7B%22x%22%3A+-79.7689414224194%2C+%22y%22%3A+43.56025342875602%2C+%22spatialReference%22%3A+%7B%22wkid%22%3A+4326%7D%7D&geometryType=esriGeometryPoint&inSR=4326&spatialRel=esriSpatialRelIntersects&distance=90&units=esriSRUnit_Meter&outFields=BuildingPermitNumber%2CIssuedDate%2CBuildingPermitType%2CBuildingPermitScope%2CAddress%2CApprovedUse%2CResidentialUnits%2CNonResidentialGFA_m2&outSR=4326&returnGeometry=true"
"13-11379","city-group-66","Derry Britannia Phase 1 / Ninth Line","group-status","Proposed","Approved subdivision with 2026 permits; phased completion unverified","Retain source massing with cited caveat","Not separately specified","true","false","false","false","Derry Britannia Phase 1 is linked to Ninth Line subdivision; 2026 permits at Aliza, Maliyah, Mishiikenh and Persaud identify active delivery. April 2026 rezoning adjusts boundaries and detached/townhouse zones. Historical traffic-study 2028/2031 horizons are forecasts, not committed completion dates.","https://www.mississauga.ca/services-and-programs/planning-and-development/development-applications/active-development-applications/6578-ninth-line-oz-26-6-w10/ ; https://www.mississauga.ca/wp-content/uploads/2023/11/Traffic-Impact-Study-October-2023.pdf ; https://services6.arcgis.com/hM5ymMLbxIyWTjn2/arcgis/rest/services/Growth_Management_%E2%80%93_Issued_Building_Permits/FeatureServer/0/query?f=json&geometry=%7B%22x%22%3A+-79.7689414224194%2C+%22y%22%3A+43.56025342875602%2C+%22spatialReference%22%3A+%7B%22wkid%22%3A+4326%7D%7D&geometryType=esriGeometryPoint&inSR=4326&spatialRel=esriSpatialRelIntersects&distance=90&units=esriSRUnit_Meter&outFields=BuildingPermitNumber%2CIssuedDate%2CBuildingPermitType%2CBuildingPermitScope%2CAddress%2CApprovedUse%2CResidentialUnits%2CNonResidentialGFA_m2&outSR=4326&returnGeometry=true"
"13-11380","city-group-66","Derry Britannia Phase 1 / Ninth Line","group-status","Proposed","Approved subdivision with 2026 permits; phased completion unverified","Retain source massing with cited caveat","Not separately specified","true","false","false","false","Derry Britannia Phase 1 is linked to Ninth Line subdivision; 2026 permits at Aliza, Maliyah, Mishiikenh and Persaud identify active delivery. April 2026 rezoning adjusts boundaries and detached/townhouse zones. Historical traffic-study 2028/2031 horizons are forecasts, not committed completion dates.","https://www.mississauga.ca/services-and-programs/planning-and-development/development-applications/active-development-applications/6578-ninth-line-oz-26-6-w10/ ; https://www.mississauga.ca/wp-content/uploads/2023/11/Traffic-Impact-Study-October-2023.pdf ; https://services6.arcgis.com/hM5ymMLbxIyWTjn2/arcgis/rest/services/Growth_Management_%E2%80%93_Issued_Building_Permits/FeatureServer/0/query?f=json&geometry=%7B%22x%22%3A+-79.7689414224194%2C+%22y%22%3A+43.56025342875602%2C+%22spatialReference%22%3A+%7B%22wkid%22%3A+4326%7D%7D&geometryType=esriGeometryPoint&inSR=4326&spatialRel=esriSpatialRelIntersects&distance=90&units=esriSRUnit_Meter&outFields=BuildingPermitNumber%2CIssuedDate%2CBuildingPermitType%2CBuildingPermitScope%2CAddress%2CApprovedUse%2CResidentialUnits%2CNonResidentialGFA_m2&outSR=4326&returnGeometry=true"
"13-11381","city-group-66","Derry Britannia Phase 1 / Ninth Line","group-status","Proposed","Approved subdivision with 2026 permits; phased completion unverified","Retain source massing with cited caveat","Not separately specified","true","false","false","false","Derry Britannia Phase 1 is linked to Ninth Line subdivision; 2026 permits at Aliza, Maliyah, Mishiikenh and Persaud identify active delivery. April 2026 rezoning adjusts boundaries and detached/townhouse zones. Historical traffic-study 2028/2031 horizons are forecasts, not committed completion dates.","https://www.mississauga.ca/services-and-programs/planning-and-development/development-applications/active-development-applications/6578-ninth-line-oz-26-6-w10/ ; https://www.mississauga.ca/wp-content/uploads/2023/11/Traffic-Impact-Study-October-2023.pdf ; https://services6.arcgis.com/hM5ymMLbxIyWTjn2/arcgis/rest/services/Growth_Management_%E2%80%93_Issued_Building_Permits/FeatureServer/0/query?f=json&geometry=%7B%22x%22%3A+-79.7689414224194%2C+%22y%22%3A+43.56025342875602%2C+%22spatialReference%22%3A+%7B%22wkid%22%3A+4326%7D%7D&geometryType=esriGeometryPoint&inSR=4326&spatialRel=esriSpatialRelIntersects&distance=90&units=esriSRUnit_Meter&outFields=BuildingPermitNumber%2CIssuedDate%2CBuildingPermitType%2CBuildingPermitScope%2CAddress%2CApprovedUse%2CResidentialUnits%2CNonResidentialGFA_m2&outSR=4326&returnGeometry=true"
"13-11382","city-group-66","Derry Britannia Phase 1 / Ninth Line","group-status","Proposed","Approved subdivision with 2026 permits; phased completion unverified","Retain source massing with cited caveat","Not separately specified","true","false","false","false","Derry Britannia Phase 1 is linked to Ninth Line subdivision; 2026 permits at Aliza, Maliyah, Mishiikenh and Persaud identify active delivery. April 2026 rezoning adjusts boundaries and detached/townhouse zones. Historical traffic-study 2028/2031 horizons are forecasts, not committed completion dates.","https://www.mississauga.ca/services-and-programs/planning-and-development/development-applications/active-development-applications/6578-ninth-line-oz-26-6-w10/ ; https://www.mississauga.ca/wp-content/uploads/2023/11/Traffic-Impact-Study-October-2023.pdf ; https://services6.arcgis.com/hM5ymMLbxIyWTjn2/arcgis/rest/services/Growth_Management_%E2%80%93_Issued_Building_Permits/FeatureServer/0/query?f=json&geometry=%7B%22x%22%3A+-79.7689414224194%2C+%22y%22%3A+43.56025342875602%2C+%22spatialReference%22%3A+%7B%22wkid%22%3A+4326%7D%7D&geometryType=esriGeometryPoint&inSR=4326&spatialRel=esriSpatialRelIntersects&distance=90&units=esriSRUnit_Meter&outFields=BuildingPermitNumber%2CIssuedDate%2CBuildingPermitType%2CBuildingPermitScope%2CAddress%2CApprovedUse%2CResidentialUnits%2CNonResidentialGFA_m2&outSR=4326&returnGeometry=true"
"13-11383","city-group-66","Derry Britannia Phase 1 / Ninth Line","group-status","Proposed","Approved subdivision with 2026 permits; phased completion unverified","Retain source massing with cited caveat","Not separately specified","true","false","false","false","Derry Britannia Phase 1 is linked to Ninth Line subdivision; 2026 permits at Aliza, Maliyah, Mishiikenh and Persaud identify active delivery. April 2026 rezoning adjusts boundaries and detached/townhouse zones. Historical traffic-study 2028/2031 horizons are forecasts, not committed completion dates.","https://www.mississauga.ca/services-and-programs/planning-and-development/development-applications/active-development-applications/6578-ninth-line-oz-26-6-w10/ ; https://www.mississauga.ca/wp-content/uploads/2023/11/Traffic-Impact-Study-October-2023.pdf ; https://services6.arcgis.com/hM5ymMLbxIyWTjn2/arcgis/rest/services/Growth_Management_%E2%80%93_Issued_Building_Permits/FeatureServer/0/query?f=json&geometry=%7B%22x%22%3A+-79.7689414224194%2C+%22y%22%3A+43.56025342875602%2C+%22spatialReference%22%3A+%7B%22wkid%22%3A+4326%7D%7D&geometryType=esriGeometryPoint&inSR=4326&spatialRel=esriSpatialRelIntersects&distance=90&units=esriSRUnit_Meter&outFields=BuildingPermitNumber%2CIssuedDate%2CBuildingPermitType%2CBuildingPermitScope%2CAddress%2CApprovedUse%2CResidentialUnits%2CNonResidentialGFA_m2&outSR=4326&returnGeometry=true"
"13-11384","city-group-66","Derry Britannia Phase 1 / Ninth Line","group-status","Proposed","Approved subdivision with 2026 permits; phased completion unverified","Retain source massing with cited caveat","Not separately specified","true","false","false","false","Derry Britannia Phase 1 is linked to Ninth Line subdivision; 2026 permits at Aliza, Maliyah, Mishiikenh and Persaud identify active delivery. April 2026 rezoning adjusts boundaries and detached/townhouse zones. Historical traffic-study 2028/2031 horizons are forecasts, not committed completion dates.","https://www.mississauga.ca/services-and-programs/planning-and-development/development-applications/active-development-applications/6578-ninth-line-oz-26-6-w10/ ; https://www.mississauga.ca/wp-content/uploads/2023/11/Traffic-Impact-Study-October-2023.pdf ; https://services6.arcgis.com/hM5ymMLbxIyWTjn2/arcgis/rest/services/Growth_Management_%E2%80%93_Issued_Building_Permits/FeatureServer/0/query?f=json&geometry=%7B%22x%22%3A+-79.7689414224194%2C+%22y%22%3A+43.56025342875602%2C+%22spatialReference%22%3A+%7B%22wkid%22%3A+4326%7D%7D&geometryType=esriGeometryPoint&inSR=4326&spatialRel=esriSpatialRelIntersects&distance=90&units=esriSRUnit_Meter&outFields=BuildingPermitNumber%2CIssuedDate%2CBuildingPermitType%2CBuildingPermitScope%2CAddress%2CApprovedUse%2CResidentialUnits%2CNonResidentialGFA_m2&outSR=4326&returnGeometry=true"
"13-11385","city-group-66","Derry Britannia Phase 1 / Ninth Line","group-status","Proposed","Approved subdivision with 2026 permits; phased completion unverified","Retain source massing with cited caveat","Not separately specified","true","false","false","false","Derry Britannia Phase 1 is linked to Ninth Line subdivision; 2026 permits at Aliza, Maliyah, Mishiikenh and Persaud identify active delivery. April 2026 rezoning adjusts boundaries and detached/townhouse zones. Historical traffic-study 2028/2031 horizons are forecasts, not committed completion dates.","https://www.mississauga.ca/services-and-programs/planning-and-development/development-applications/active-development-applications/6578-ninth-line-oz-26-6-w10/ ; https://www.mississauga.ca/wp-content/uploads/2023/11/Traffic-Impact-Study-October-2023.pdf ; https://services6.arcgis.com/hM5ymMLbxIyWTjn2/arcgis/rest/services/Growth_Management_%E2%80%93_Issued_Building_Permits/FeatureServer/0/query?f=json&geometry=%7B%22x%22%3A+-79.7689414224194%2C+%22y%22%3A+43.56025342875602%2C+%22spatialReference%22%3A+%7B%22wkid%22%3A+4326%7D%7D&geometryType=esriGeometryPoint&inSR=4326&spatialRel=esriSpatialRelIntersects&distance=90&units=esriSRUnit_Meter&outFields=BuildingPermitNumber%2CIssuedDate%2CBuildingPermitType%2CBuildingPermitScope%2CAddress%2CApprovedUse%2CResidentialUnits%2CNonResidentialGFA_m2&outSR=4326&returnGeometry=true"
"13-11386","city-group-66","Derry Britannia Phase 1 / Ninth Line","group-status","Proposed","Approved subdivision with 2026 permits; phased completion unverified","Retain source massing with cited caveat","Not separately specified","true","false","false","false","Derry Britannia Phase 1 is linked to Ninth Line subdivision; 2026 permits at Aliza, Maliyah, Mishiikenh and Persaud identify active delivery. April 2026 rezoning adjusts boundaries and detached/townhouse zones. Historical traffic-study 2028/2031 horizons are forecasts, not committed completion dates.","https://www.mississauga.ca/services-and-programs/planning-and-development/development-applications/active-development-applications/6578-ninth-line-oz-26-6-w10/ ; https://www.mississauga.ca/wp-content/uploads/2023/11/Traffic-Impact-Study-October-2023.pdf ; https://services6.arcgis.com/hM5ymMLbxIyWTjn2/arcgis/rest/services/Growth_Management_%E2%80%93_Issued_Building_Permits/FeatureServer/0/query?f=json&geometry=%7B%22x%22%3A+-79.7689414224194%2C+%22y%22%3A+43.56025342875602%2C+%22spatialReference%22%3A+%7B%22wkid%22%3A+4326%7D%7D&geometryType=esriGeometryPoint&inSR=4326&spatialRel=esriSpatialRelIntersects&distance=90&units=esriSRUnit_Meter&outFields=BuildingPermitNumber%2CIssuedDate%2CBuildingPermitType%2CBuildingPermitScope%2CAddress%2CApprovedUse%2CResidentialUnits%2CNonResidentialGFA_m2&outSR=4326&returnGeometry=true"
"13-11387","city-group-66","Derry Britannia Phase 1 / Ninth Line","group-status","Proposed","Approved subdivision with 2026 permits; phased completion unverified","Retain source massing with cited caveat","Not separately specified","true","false","false","false","Derry Britannia Phase 1 is linked to Ninth Line subdivision; 2026 permits at Aliza, Maliyah, Mishiikenh and Persaud identify active delivery. April 2026 rezoning adjusts boundaries and detached/townhouse zones. Historical traffic-study 2028/2031 horizons are forecasts, not committed completion dates.","https://www.mississauga.ca/services-and-programs/planning-and-development/development-applications/active-development-applications/6578-ninth-line-oz-26-6-w10/ ; https://www.mississauga.ca/wp-content/uploads/2023/11/Traffic-Impact-Study-October-2023.pdf ; https://services6.arcgis.com/hM5ymMLbxIyWTjn2/arcgis/rest/services/Growth_Management_%E2%80%93_Issued_Building_Permits/FeatureServer/0/query?f=json&geometry=%7B%22x%22%3A+-79.7689414224194%2C+%22y%22%3A+43.56025342875602%2C+%22spatialReference%22%3A+%7B%22wkid%22%3A+4326%7D%7D&geometryType=esriGeometryPoint&inSR=4326&spatialRel=esriSpatialRelIntersects&distance=90&units=esriSRUnit_Meter&outFields=BuildingPermitNumber%2CIssuedDate%2CBuildingPermitType%2CBuildingPermitScope%2CAddress%2CApprovedUse%2CResidentialUnits%2CNonResidentialGFA_m2&outSR=4326&returnGeometry=true"
"13-11388","city-group-66","Derry Britannia Phase 1 / Ninth Line","group-status","Proposed","Approved subdivision with 2026 permits; phased completion unverified","Retain source massing with cited caveat","Not separately specified","true","false","false","false","Derry Britannia Phase 1 is linked to Ninth Line subdivision; 2026 permits at Aliza, Maliyah, Mishiikenh and Persaud identify active delivery. April 2026 rezoning adjusts boundaries and detached/townhouse zones. Historical traffic-study 2028/2031 horizons are forecasts, not committed completion dates.","https://www.mississauga.ca/services-and-programs/planning-and-development/development-applications/active-development-applications/6578-ninth-line-oz-26-6-w10/ ; https://www.mississauga.ca/wp-content/uploads/2023/11/Traffic-Impact-Study-October-2023.pdf ; https://services6.arcgis.com/hM5ymMLbxIyWTjn2/arcgis/rest/services/Growth_Management_%E2%80%93_Issued_Building_Permits/FeatureServer/0/query?f=json&geometry=%7B%22x%22%3A+-79.7689414224194%2C+%22y%22%3A+43.56025342875602%2C+%22spatialReference%22%3A+%7B%22wkid%22%3A+4326%7D%7D&geometryType=esriGeometryPoint&inSR=4326&spatialRel=esriSpatialRelIntersects&distance=90&units=esriSRUnit_Meter&outFields=BuildingPermitNumber%2CIssuedDate%2CBuildingPermitType%2CBuildingPermitScope%2CAddress%2CApprovedUse%2CResidentialUnits%2CNonResidentialGFA_m2&outSR=4326&returnGeometry=true"
"13-11389","city-group-66","Derry Britannia Phase 1 / Ninth Line","group-status","Proposed","Approved subdivision with 2026 permits; phased completion unverified","Retain source massing with cited caveat","Not separately specified","true","false","false","false","Derry Britannia Phase 1 is linked to Ninth Line subdivision; 2026 permits at Aliza, Maliyah, Mishiikenh and Persaud identify active delivery. April 2026 rezoning adjusts boundaries and detached/townhouse zones. Historical traffic-study 2028/2031 horizons are forecasts, not committed completion dates.","https://www.mississauga.ca/services-and-programs/planning-and-development/development-applications/active-development-applications/6578-ninth-line-oz-26-6-w10/ ; https://www.mississauga.ca/wp-content/uploads/2023/11/Traffic-Impact-Study-October-2023.pdf ; https://services6.arcgis.com/hM5ymMLbxIyWTjn2/arcgis/rest/services/Growth_Management_%E2%80%93_Issued_Building_Permits/FeatureServer/0/query?f=json&geometry=%7B%22x%22%3A+-79.7689414224194%2C+%22y%22%3A+43.56025342875602%2C+%22spatialReference%22%3A+%7B%22wkid%22%3A+4326%7D%7D&geometryType=esriGeometryPoint&inSR=4326&spatialRel=esriSpatialRelIntersects&distance=90&units=esriSRUnit_Meter&outFields=BuildingPermitNumber%2CIssuedDate%2CBuildingPermitType%2CBuildingPermitScope%2CAddress%2CApprovedUse%2CResidentialUnits%2CNonResidentialGFA_m2&outSR=4326&returnGeometry=true"
"13-11390","city-group-66","Derry Britannia Phase 1 / Ninth Line","group-status","Proposed","Approved subdivision with 2026 permits; phased completion unverified","Retain source massing with cited caveat","Not separately specified","true","false","false","false","Derry Britannia Phase 1 is linked to Ninth Line subdivision; 2026 permits at Aliza, Maliyah, Mishiikenh and Persaud identify active delivery. April 2026 rezoning adjusts boundaries and detached/townhouse zones. Historical traffic-study 2028/2031 horizons are forecasts, not committed completion dates.","https://www.mississauga.ca/services-and-programs/planning-and-development/development-applications/active-development-applications/6578-ninth-line-oz-26-6-w10/ ; https://www.mississauga.ca/wp-content/uploads/2023/11/Traffic-Impact-Study-October-2023.pdf ; https://services6.arcgis.com/hM5ymMLbxIyWTjn2/arcgis/rest/services/Growth_Management_%E2%80%93_Issued_Building_Permits/FeatureServer/0/query?f=json&geometry=%7B%22x%22%3A+-79.7689414224194%2C+%22y%22%3A+43.56025342875602%2C+%22spatialReference%22%3A+%7B%22wkid%22%3A+4326%7D%7D&geometryType=esriGeometryPoint&inSR=4326&spatialRel=esriSpatialRelIntersects&distance=90&units=esriSRUnit_Meter&outFields=BuildingPermitNumber%2CIssuedDate%2CBuildingPermitType%2CBuildingPermitScope%2CAddress%2CApprovedUse%2CResidentialUnits%2CNonResidentialGFA_m2&outSR=4326&returnGeometry=true"
"13-11391","city-group-66","Derry Britannia Phase 1 / Ninth Line","group-status","Proposed","Approved subdivision with 2026 permits; phased completion unverified","Retain source massing with cited caveat","Not separately specified","true","false","false","false","Derry Britannia Phase 1 is linked to Ninth Line subdivision; 2026 permits at Aliza, Maliyah, Mishiikenh and Persaud identify active delivery. April 2026 rezoning adjusts boundaries and detached/townhouse zones. Historical traffic-study 2028/2031 horizons are forecasts, not committed completion dates.","https://www.mississauga.ca/services-and-programs/planning-and-development/development-applications/active-development-applications/6578-ninth-line-oz-26-6-w10/ ; https://www.mississauga.ca/wp-content/uploads/2023/11/Traffic-Impact-Study-October-2023.pdf ; https://services6.arcgis.com/hM5ymMLbxIyWTjn2/arcgis/rest/services/Growth_Management_%E2%80%93_Issued_Building_Permits/FeatureServer/0/query?f=json&geometry=%7B%22x%22%3A+-79.7689414224194%2C+%22y%22%3A+43.56025342875602%2C+%22spatialReference%22%3A+%7B%22wkid%22%3A+4326%7D%7D&geometryType=esriGeometryPoint&inSR=4326&spatialRel=esriSpatialRelIntersects&distance=90&units=esriSRUnit_Meter&outFields=BuildingPermitNumber%2CIssuedDate%2CBuildingPermitType%2CBuildingPermitScope%2CAddress%2CApprovedUse%2CResidentialUnits%2CNonResidentialGFA_m2&outSR=4326&returnGeometry=true"
"13-11392","city-group-66","Derry Britannia Phase 1 / Ninth Line","group-status","Proposed","Approved subdivision with 2026 permits; phased completion unverified","Retain source massing with cited caveat","Not separately specified","true","false","false","false","Derry Britannia Phase 1 is linked to Ninth Line subdivision; 2026 permits at Aliza, Maliyah, Mishiikenh and Persaud identify active delivery. April 2026 rezoning adjusts boundaries and detached/townhouse zones. Historical traffic-study 2028/2031 horizons are forecasts, not committed completion dates.","https://www.mississauga.ca/services-and-programs/planning-and-development/development-applications/active-development-applications/6578-ninth-line-oz-26-6-w10/ ; https://www.mississauga.ca/wp-content/uploads/2023/11/Traffic-Impact-Study-October-2023.pdf ; https://services6.arcgis.com/hM5ymMLbxIyWTjn2/arcgis/rest/services/Growth_Management_%E2%80%93_Issued_Building_Permits/FeatureServer/0/query?f=json&geometry=%7B%22x%22%3A+-79.7689414224194%2C+%22y%22%3A+43.56025342875602%2C+%22spatialReference%22%3A+%7B%22wkid%22%3A+4326%7D%7D&geometryType=esriGeometryPoint&inSR=4326&spatialRel=esriSpatialRelIntersects&distance=90&units=esriSRUnit_Meter&outFields=BuildingPermitNumber%2CIssuedDate%2CBuildingPermitType%2CBuildingPermitScope%2CAddress%2CApprovedUse%2CResidentialUnits%2CNonResidentialGFA_m2&outSR=4326&returnGeometry=true"
"13-11393","city-group-66","Derry Britannia Phase 1 / Ninth Line","group-status","Proposed","Approved subdivision with 2026 permits; phased completion unverified","Retain source massing with cited caveat","Not separately specified","true","false","false","false","Derry Britannia Phase 1 is linked to Ninth Line subdivision; 2026 permits at Aliza, Maliyah, Mishiikenh and Persaud identify active delivery. April 2026 rezoning adjusts boundaries and detached/townhouse zones. Historical traffic-study 2028/2031 horizons are forecasts, not committed completion dates.","https://www.mississauga.ca/services-and-programs/planning-and-development/development-applications/active-development-applications/6578-ninth-line-oz-26-6-w10/ ; https://www.mississauga.ca/wp-content/uploads/2023/11/Traffic-Impact-Study-October-2023.pdf ; https://services6.arcgis.com/hM5ymMLbxIyWTjn2/arcgis/rest/services/Growth_Management_%E2%80%93_Issued_Building_Permits/FeatureServer/0/query?f=json&geometry=%7B%22x%22%3A+-79.7689414224194%2C+%22y%22%3A+43.56025342875602%2C+%22spatialReference%22%3A+%7B%22wkid%22%3A+4326%7D%7D&geometryType=esriGeometryPoint&inSR=4326&spatialRel=esriSpatialRelIntersects&distance=90&units=esriSRUnit_Meter&outFields=BuildingPermitNumber%2CIssuedDate%2CBuildingPermitType%2CBuildingPermitScope%2CAddress%2CApprovedUse%2CResidentialUnits%2CNonResidentialGFA_m2&outSR=4326&returnGeometry=true"
"13-11394","city-group-66","Derry Britannia Phase 1 / Ninth Line","group-status","Proposed","Approved subdivision with 2026 permits; phased completion unverified","Retain source massing with cited caveat","Not separately specified","true","false","false","false","Derry Britannia Phase 1 is linked to Ninth Line subdivision; 2026 permits at Aliza, Maliyah, Mishiikenh and Persaud identify active delivery. April 2026 rezoning adjusts boundaries and detached/townhouse zones. Historical traffic-study 2028/2031 horizons are forecasts, not committed completion dates.","https://www.mississauga.ca/services-and-programs/planning-and-development/development-applications/active-development-applications/6578-ninth-line-oz-26-6-w10/ ; https://www.mississauga.ca/wp-content/uploads/2023/11/Traffic-Impact-Study-October-2023.pdf ; https://services6.arcgis.com/hM5ymMLbxIyWTjn2/arcgis/rest/services/Growth_Management_%E2%80%93_Issued_Building_Permits/FeatureServer/0/query?f=json&geometry=%7B%22x%22%3A+-79.7689414224194%2C+%22y%22%3A+43.56025342875602%2C+%22spatialReference%22%3A+%7B%22wkid%22%3A+4326%7D%7D&geometryType=esriGeometryPoint&inSR=4326&spatialRel=esriSpatialRelIntersects&distance=90&units=esriSRUnit_Meter&outFields=BuildingPermitNumber%2CIssuedDate%2CBuildingPermitType%2CBuildingPermitScope%2CAddress%2CApprovedUse%2CResidentialUnits%2CNonResidentialGFA_m2&outSR=4326&returnGeometry=true"
"13-11395","city-group-66","Derry Britannia Phase 1 / Ninth Line","group-status","Proposed","Approved subdivision with 2026 permits; phased completion unverified","Retain source massing with cited caveat","Not separately specified","true","false","false","false","Derry Britannia Phase 1 is linked to Ninth Line subdivision; 2026 permits at Aliza, Maliyah, Mishiikenh and Persaud identify active delivery. April 2026 rezoning adjusts boundaries and detached/townhouse zones. Historical traffic-study 2028/2031 horizons are forecasts, not committed completion dates.","https://www.mississauga.ca/services-and-programs/planning-and-development/development-applications/active-development-applications/6578-ninth-line-oz-26-6-w10/ ; https://www.mississauga.ca/wp-content/uploads/2023/11/Traffic-Impact-Study-October-2023.pdf ; https://services6.arcgis.com/hM5ymMLbxIyWTjn2/arcgis/rest/services/Growth_Management_%E2%80%93_Issued_Building_Permits/FeatureServer/0/query?f=json&geometry=%7B%22x%22%3A+-79.7689414224194%2C+%22y%22%3A+43.56025342875602%2C+%22spatialReference%22%3A+%7B%22wkid%22%3A+4326%7D%7D&geometryType=esriGeometryPoint&inSR=4326&spatialRel=esriSpatialRelIntersects&distance=90&units=esriSRUnit_Meter&outFields=BuildingPermitNumber%2CIssuedDate%2CBuildingPermitType%2CBuildingPermitScope%2CAddress%2CApprovedUse%2CResidentialUnits%2CNonResidentialGFA_m2&outSR=4326&returnGeometry=true"
"13-11396","city-group-66","Derry Britannia Phase 1 / Ninth Line","group-status","Proposed","Approved subdivision with 2026 permits; phased completion unverified","Retain source massing with cited caveat","Not separately specified","true","false","false","false","Derry Britannia Phase 1 is linked to Ninth Line subdivision; 2026 permits at Aliza, Maliyah, Mishiikenh and Persaud identify active delivery. April 2026 rezoning adjusts boundaries and detached/townhouse zones. Historical traffic-study 2028/2031 horizons are forecasts, not committed completion dates.","https://www.mississauga.ca/services-and-programs/planning-and-development/development-applications/active-development-applications/6578-ninth-line-oz-26-6-w10/ ; https://www.mississauga.ca/wp-content/uploads/2023/11/Traffic-Impact-Study-October-2023.pdf ; https://services6.arcgis.com/hM5ymMLbxIyWTjn2/arcgis/rest/services/Growth_Management_%E2%80%93_Issued_Building_Permits/FeatureServer/0/query?f=json&geometry=%7B%22x%22%3A+-79.7689414224194%2C+%22y%22%3A+43.56025342875602%2C+%22spatialReference%22%3A+%7B%22wkid%22%3A+4326%7D%7D&geometryType=esriGeometryPoint&inSR=4326&spatialRel=esriSpatialRelIntersects&distance=90&units=esriSRUnit_Meter&outFields=BuildingPermitNumber%2CIssuedDate%2CBuildingPermitType%2CBuildingPermitScope%2CAddress%2CApprovedUse%2CResidentialUnits%2CNonResidentialGFA_m2&outSR=4326&returnGeometry=true"
"13-11397","city-group-66","Derry Britannia Phase 1 / Ninth Line","group-status","Proposed","Approved subdivision with 2026 permits; phased completion unverified","Retain source massing with cited caveat","Not separately specified","true","false","false","false","Derry Britannia Phase 1 is linked to Ninth Line subdivision; 2026 permits at Aliza, Maliyah, Mishiikenh and Persaud identify active delivery. April 2026 rezoning adjusts boundaries and detached/townhouse zones. Historical traffic-study 2028/2031 horizons are forecasts, not committed completion dates.","https://www.mississauga.ca/services-and-programs/planning-and-development/development-applications/active-development-applications/6578-ninth-line-oz-26-6-w10/ ; https://www.mississauga.ca/wp-content/uploads/2023/11/Traffic-Impact-Study-October-2023.pdf ; https://services6.arcgis.com/hM5ymMLbxIyWTjn2/arcgis/rest/services/Growth_Management_%E2%80%93_Issued_Building_Permits/FeatureServer/0/query?f=json&geometry=%7B%22x%22%3A+-79.7689414224194%2C+%22y%22%3A+43.56025342875602%2C+%22spatialReference%22%3A+%7B%22wkid%22%3A+4326%7D%7D&geometryType=esriGeometryPoint&inSR=4326&spatialRel=esriSpatialRelIntersects&distance=90&units=esriSRUnit_Meter&outFields=BuildingPermitNumber%2CIssuedDate%2CBuildingPermitType%2CBuildingPermitScope%2CAddress%2CApprovedUse%2CResidentialUnits%2CNonResidentialGFA_m2&outSR=4326&returnGeometry=true"
"13-11398","city-group-66","Derry Britannia Phase 1 / Ninth Line","group-status","Proposed","Approved subdivision with 2026 permits; phased completion unverified","Retain source massing with cited caveat","Not separately specified","true","false","false","false","Derry Britannia Phase 1 is linked to Ninth Line subdivision; 2026 permits at Aliza, Maliyah, Mishiikenh and Persaud identify active delivery. April 2026 rezoning adjusts boundaries and detached/townhouse zones. Historical traffic-study 2028/2031 horizons are forecasts, not committed completion dates.","https://www.mississauga.ca/services-and-programs/planning-and-development/development-applications/active-development-applications/6578-ninth-line-oz-26-6-w10/ ; https://www.mississauga.ca/wp-content/uploads/2023/11/Traffic-Impact-Study-October-2023.pdf ; https://services6.arcgis.com/hM5ymMLbxIyWTjn2/arcgis/rest/services/Growth_Management_%E2%80%93_Issued_Building_Permits/FeatureServer/0/query?f=json&geometry=%7B%22x%22%3A+-79.7689414224194%2C+%22y%22%3A+43.56025342875602%2C+%22spatialReference%22%3A+%7B%22wkid%22%3A+4326%7D%7D&geometryType=esriGeometryPoint&inSR=4326&spatialRel=esriSpatialRelIntersects&distance=90&units=esriSRUnit_Meter&outFields=BuildingPermitNumber%2CIssuedDate%2CBuildingPermitType%2CBuildingPermitScope%2CAddress%2CApprovedUse%2CResidentialUnits%2CNonResidentialGFA_m2&outSR=4326&returnGeometry=true"
"13-11399","city-group-66","Derry Britannia Phase 1 / Ninth Line","group-status","Proposed","Approved subdivision with 2026 permits; phased completion unverified","Retain source massing with cited caveat","Not separately specified","true","false","false","false","Derry Britannia Phase 1 is linked to Ninth Line subdivision; 2026 permits at Aliza, Maliyah, Mishiikenh and Persaud identify active delivery. April 2026 rezoning adjusts boundaries and detached/townhouse zones. Historical traffic-study 2028/2031 horizons are forecasts, not committed completion dates.","https://www.mississauga.ca/services-and-programs/planning-and-development/development-applications/active-development-applications/6578-ninth-line-oz-26-6-w10/ ; https://www.mississauga.ca/wp-content/uploads/2023/11/Traffic-Impact-Study-October-2023.pdf ; https://services6.arcgis.com/hM5ymMLbxIyWTjn2/arcgis/rest/services/Growth_Management_%E2%80%93_Issued_Building_Permits/FeatureServer/0/query?f=json&geometry=%7B%22x%22%3A+-79.7689414224194%2C+%22y%22%3A+43.56025342875602%2C+%22spatialReference%22%3A+%7B%22wkid%22%3A+4326%7D%7D&geometryType=esriGeometryPoint&inSR=4326&spatialRel=esriSpatialRelIntersects&distance=90&units=esriSRUnit_Meter&outFields=BuildingPermitNumber%2CIssuedDate%2CBuildingPermitType%2CBuildingPermitScope%2CAddress%2CApprovedUse%2CResidentialUnits%2CNonResidentialGFA_m2&outSR=4326&returnGeometry=true"
"13-11400","city-group-66","Derry Britannia Phase 1 / Ninth Line","group-status","Proposed","Approved subdivision with 2026 permits; phased completion unverified","Retain source massing with cited caveat","Not separately specified","true","false","false","false","Derry Britannia Phase 1 is linked to Ninth Line subdivision; 2026 permits at Aliza, Maliyah, Mishiikenh and Persaud identify active delivery. April 2026 rezoning adjusts boundaries and detached/townhouse zones. Historical traffic-study 2028/2031 horizons are forecasts, not committed completion dates.","https://www.mississauga.ca/services-and-programs/planning-and-development/development-applications/active-development-applications/6578-ninth-line-oz-26-6-w10/ ; https://www.mississauga.ca/wp-content/uploads/2023/11/Traffic-Impact-Study-October-2023.pdf ; https://services6.arcgis.com/hM5ymMLbxIyWTjn2/arcgis/rest/services/Growth_Management_%E2%80%93_Issued_Building_Permits/FeatureServer/0/query?f=json&geometry=%7B%22x%22%3A+-79.7689414224194%2C+%22y%22%3A+43.56025342875602%2C+%22spatialReference%22%3A+%7B%22wkid%22%3A+4326%7D%7D&geometryType=esriGeometryPoint&inSR=4326&spatialRel=esriSpatialRelIntersects&distance=90&units=esriSRUnit_Meter&outFields=BuildingPermitNumber%2CIssuedDate%2CBuildingPermitType%2CBuildingPermitScope%2CAddress%2CApprovedUse%2CResidentialUnits%2CNonResidentialGFA_m2&outSR=4326&returnGeometry=true"
"13-11401","city-group-66","Derry Britannia Phase 1 / Ninth Line","group-status","Proposed","Approved subdivision with 2026 permits; phased completion unverified","Retain source massing with cited caveat","Not separately specified","true","false","false","false","Derry Britannia Phase 1 is linked to Ninth Line subdivision; 2026 permits at Aliza, Maliyah, Mishiikenh and Persaud identify active delivery. April 2026 rezoning adjusts boundaries and detached/townhouse zones. Historical traffic-study 2028/2031 horizons are forecasts, not committed completion dates.","https://www.mississauga.ca/services-and-programs/planning-and-development/development-applications/active-development-applications/6578-ninth-line-oz-26-6-w10/ ; https://www.mississauga.ca/wp-content/uploads/2023/11/Traffic-Impact-Study-October-2023.pdf ; https://services6.arcgis.com/hM5ymMLbxIyWTjn2/arcgis/rest/services/Growth_Management_%E2%80%93_Issued_Building_Permits/FeatureServer/0/query?f=json&geometry=%7B%22x%22%3A+-79.7689414224194%2C+%22y%22%3A+43.56025342875602%2C+%22spatialReference%22%3A+%7B%22wkid%22%3A+4326%7D%7D&geometryType=esriGeometryPoint&inSR=4326&spatialRel=esriSpatialRelIntersects&distance=90&units=esriSRUnit_Meter&outFields=BuildingPermitNumber%2CIssuedDate%2CBuildingPermitType%2CBuildingPermitScope%2CAddress%2CApprovedUse%2CResidentialUnits%2CNonResidentialGFA_m2&outSR=4326&returnGeometry=true"
"13-11402","city-group-66","Derry Britannia Phase 1 / Ninth Line","group-status","Proposed","Approved subdivision with 2026 permits; phased completion unverified","Retain source massing with cited caveat","Not separately specified","true","false","false","false","Derry Britannia Phase 1 is linked to Ninth Line subdivision; 2026 permits at Aliza, Maliyah, Mishiikenh and Persaud identify active delivery. April 2026 rezoning adjusts boundaries and detached/townhouse zones. Historical traffic-study 2028/2031 horizons are forecasts, not committed completion dates.","https://www.mississauga.ca/services-and-programs/planning-and-development/development-applications/active-development-applications/6578-ninth-line-oz-26-6-w10/ ; https://www.mississauga.ca/wp-content/uploads/2023/11/Traffic-Impact-Study-October-2023.pdf ; https://services6.arcgis.com/hM5ymMLbxIyWTjn2/arcgis/rest/services/Growth_Management_%E2%80%93_Issued_Building_Permits/FeatureServer/0/query?f=json&geometry=%7B%22x%22%3A+-79.7689414224194%2C+%22y%22%3A+43.56025342875602%2C+%22spatialReference%22%3A+%7B%22wkid%22%3A+4326%7D%7D&geometryType=esriGeometryPoint&inSR=4326&spatialRel=esriSpatialRelIntersects&distance=90&units=esriSRUnit_Meter&outFields=BuildingPermitNumber%2CIssuedDate%2CBuildingPermitType%2CBuildingPermitScope%2CAddress%2CApprovedUse%2CResidentialUnits%2CNonResidentialGFA_m2&outSR=4326&returnGeometry=true"
"13-11403","city-group-66","Derry Britannia Phase 1 / Ninth Line","group-status","Proposed","Approved subdivision with 2026 permits; phased completion unverified","Retain source massing with cited caveat","Not separately specified","true","false","false","false","Derry Britannia Phase 1 is linked to Ninth Line subdivision; 2026 permits at Aliza, Maliyah, Mishiikenh and Persaud identify active delivery. April 2026 rezoning adjusts boundaries and detached/townhouse zones. Historical traffic-study 2028/2031 horizons are forecasts, not committed completion dates.","https://www.mississauga.ca/services-and-programs/planning-and-development/development-applications/active-development-applications/6578-ninth-line-oz-26-6-w10/ ; https://www.mississauga.ca/wp-content/uploads/2023/11/Traffic-Impact-Study-October-2023.pdf ; https://services6.arcgis.com/hM5ymMLbxIyWTjn2/arcgis/rest/services/Growth_Management_%E2%80%93_Issued_Building_Permits/FeatureServer/0/query?f=json&geometry=%7B%22x%22%3A+-79.7689414224194%2C+%22y%22%3A+43.56025342875602%2C+%22spatialReference%22%3A+%7B%22wkid%22%3A+4326%7D%7D&geometryType=esriGeometryPoint&inSR=4326&spatialRel=esriSpatialRelIntersects&distance=90&units=esriSRUnit_Meter&outFields=BuildingPermitNumber%2CIssuedDate%2CBuildingPermitType%2CBuildingPermitScope%2CAddress%2CApprovedUse%2CResidentialUnits%2CNonResidentialGFA_m2&outSR=4326&returnGeometry=true"
"13-11404","city-group-66","Derry Britannia Phase 1 / Ninth Line","group-status","Proposed","Approved subdivision with 2026 permits; phased completion unverified","Retain source massing with cited caveat","Not separately specified","true","false","false","false","Derry Britannia Phase 1 is linked to Ninth Line subdivision; 2026 permits at Aliza, Maliyah, Mishiikenh and Persaud identify active delivery. April 2026 rezoning adjusts boundaries and detached/townhouse zones. Historical traffic-study 2028/2031 horizons are forecasts, not committed completion dates.","https://www.mississauga.ca/services-and-programs/planning-and-development/development-applications/active-development-applications/6578-ninth-line-oz-26-6-w10/ ; https://www.mississauga.ca/wp-content/uploads/2023/11/Traffic-Impact-Study-October-2023.pdf ; https://services6.arcgis.com/hM5ymMLbxIyWTjn2/arcgis/rest/services/Growth_Management_%E2%80%93_Issued_Building_Permits/FeatureServer/0/query?f=json&geometry=%7B%22x%22%3A+-79.7689414224194%2C+%22y%22%3A+43.56025342875602%2C+%22spatialReference%22%3A+%7B%22wkid%22%3A+4326%7D%7D&geometryType=esriGeometryPoint&inSR=4326&spatialRel=esriSpatialRelIntersects&distance=90&units=esriSRUnit_Meter&outFields=BuildingPermitNumber%2CIssuedDate%2CBuildingPermitType%2CBuildingPermitScope%2CAddress%2CApprovedUse%2CResidentialUnits%2CNonResidentialGFA_m2&outSR=4326&returnGeometry=true"
"13-11405","city-group-66","Derry Britannia Phase 1 / Ninth Line","group-status","Proposed","Approved subdivision with 2026 permits; phased completion unverified","Retain source massing with cited caveat","Not separately specified","true","false","false","false","Derry Britannia Phase 1 is linked to Ninth Line subdivision; 2026 permits at Aliza, Maliyah, Mishiikenh and Persaud identify active delivery. April 2026 rezoning adjusts boundaries and detached/townhouse zones. Historical traffic-study 2028/2031 horizons are forecasts, not committed completion dates.","https://www.mississauga.ca/services-and-programs/planning-and-development/development-applications/active-development-applications/6578-ninth-line-oz-26-6-w10/ ; https://www.mississauga.ca/wp-content/uploads/2023/11/Traffic-Impact-Study-October-2023.pdf ; https://services6.arcgis.com/hM5ymMLbxIyWTjn2/arcgis/rest/services/Growth_Management_%E2%80%93_Issued_Building_Permits/FeatureServer/0/query?f=json&geometry=%7B%22x%22%3A+-79.7689414224194%2C+%22y%22%3A+43.56025342875602%2C+%22spatialReference%22%3A+%7B%22wkid%22%3A+4326%7D%7D&geometryType=esriGeometryPoint&inSR=4326&spatialRel=esriSpatialRelIntersects&distance=90&units=esriSRUnit_Meter&outFields=BuildingPermitNumber%2CIssuedDate%2CBuildingPermitType%2CBuildingPermitScope%2CAddress%2CApprovedUse%2CResidentialUnits%2CNonResidentialGFA_m2&outSR=4326&returnGeometry=true"
"13-11406","city-group-66","Derry Britannia Phase 1 / Ninth Line","group-status","Proposed","Approved subdivision with 2026 permits; phased completion unverified","Retain source massing with cited caveat","Not separately specified","true","false","false","false","Derry Britannia Phase 1 is linked to Ninth Line subdivision; 2026 permits at Aliza, Maliyah, Mishiikenh and Persaud identify active delivery. April 2026 rezoning adjusts boundaries and detached/townhouse zones. Historical traffic-study 2028/2031 horizons are forecasts, not committed completion dates.","https://www.mississauga.ca/services-and-programs/planning-and-development/development-applications/active-development-applications/6578-ninth-line-oz-26-6-w10/ ; https://www.mississauga.ca/wp-content/uploads/2023/11/Traffic-Impact-Study-October-2023.pdf ; https://services6.arcgis.com/hM5ymMLbxIyWTjn2/arcgis/rest/services/Growth_Management_%E2%80%93_Issued_Building_Permits/FeatureServer/0/query?f=json&geometry=%7B%22x%22%3A+-79.7689414224194%2C+%22y%22%3A+43.56025342875602%2C+%22spatialReference%22%3A+%7B%22wkid%22%3A+4326%7D%7D&geometryType=esriGeometryPoint&inSR=4326&spatialRel=esriSpatialRelIntersects&distance=90&units=esriSRUnit_Meter&outFields=BuildingPermitNumber%2CIssuedDate%2CBuildingPermitType%2CBuildingPermitScope%2CAddress%2CApprovedUse%2CResidentialUnits%2CNonResidentialGFA_m2&outSR=4326&returnGeometry=true"
"13-11407","city-group-66","Derry Britannia Phase 1 / Ninth Line","group-status","Proposed","Approved subdivision with 2026 permits; phased completion unverified","Retain source massing with cited caveat","Not separately specified","true","false","false","false","Derry Britannia Phase 1 is linked to Ninth Line subdivision; 2026 permits at Aliza, Maliyah, Mishiikenh and Persaud identify active delivery. April 2026 rezoning adjusts boundaries and detached/townhouse zones. Historical traffic-study 2028/2031 horizons are forecasts, not committed completion dates.","https://www.mississauga.ca/services-and-programs/planning-and-development/development-applications/active-development-applications/6578-ninth-line-oz-26-6-w10/ ; https://www.mississauga.ca/wp-content/uploads/2023/11/Traffic-Impact-Study-October-2023.pdf ; https://services6.arcgis.com/hM5ymMLbxIyWTjn2/arcgis/rest/services/Growth_Management_%E2%80%93_Issued_Building_Permits/FeatureServer/0/query?f=json&geometry=%7B%22x%22%3A+-79.7689414224194%2C+%22y%22%3A+43.56025342875602%2C+%22spatialReference%22%3A+%7B%22wkid%22%3A+4326%7D%7D&geometryType=esriGeometryPoint&inSR=4326&spatialRel=esriSpatialRelIntersects&distance=90&units=esriSRUnit_Meter&outFields=BuildingPermitNumber%2CIssuedDate%2CBuildingPermitType%2CBuildingPermitScope%2CAddress%2CApprovedUse%2CResidentialUnits%2CNonResidentialGFA_m2&outSR=4326&returnGeometry=true"
"13-11408","city-group-66","Derry Britannia Phase 1 / Ninth Line","group-status","Proposed","Approved subdivision with 2026 permits; phased completion unverified","Retain source massing with cited caveat","Not separately specified","true","false","false","false","Derry Britannia Phase 1 is linked to Ninth Line subdivision; 2026 permits at Aliza, Maliyah, Mishiikenh and Persaud identify active delivery. April 2026 rezoning adjusts boundaries and detached/townhouse zones. Historical traffic-study 2028/2031 horizons are forecasts, not committed completion dates.","https://www.mississauga.ca/services-and-programs/planning-and-development/development-applications/active-development-applications/6578-ninth-line-oz-26-6-w10/ ; https://www.mississauga.ca/wp-content/uploads/2023/11/Traffic-Impact-Study-October-2023.pdf ; https://services6.arcgis.com/hM5ymMLbxIyWTjn2/arcgis/rest/services/Growth_Management_%E2%80%93_Issued_Building_Permits/FeatureServer/0/query?f=json&geometry=%7B%22x%22%3A+-79.7689414224194%2C+%22y%22%3A+43.56025342875602%2C+%22spatialReference%22%3A+%7B%22wkid%22%3A+4326%7D%7D&geometryType=esriGeometryPoint&inSR=4326&spatialRel=esriSpatialRelIntersects&distance=90&units=esriSRUnit_Meter&outFields=BuildingPermitNumber%2CIssuedDate%2CBuildingPermitType%2CBuildingPermitScope%2CAddress%2CApprovedUse%2CResidentialUnits%2CNonResidentialGFA_m2&outSR=4326&returnGeometry=true"
"13-11409","city-group-66","Derry Britannia Phase 1 / Ninth Line","group-status","Proposed","Approved subdivision with 2026 permits; phased completion unverified","Retain source massing with cited caveat","Not separately specified","true","false","false","false","Derry Britannia Phase 1 is linked to Ninth Line subdivision; 2026 permits at Aliza, Maliyah, Mishiikenh and Persaud identify active delivery. April 2026 rezoning adjusts boundaries and detached/townhouse zones. Historical traffic-study 2028/2031 horizons are forecasts, not committed completion dates.","https://www.mississauga.ca/services-and-programs/planning-and-development/development-applications/active-development-applications/6578-ninth-line-oz-26-6-w10/ ; https://www.mississauga.ca/wp-content/uploads/2023/11/Traffic-Impact-Study-October-2023.pdf ; https://services6.arcgis.com/hM5ymMLbxIyWTjn2/arcgis/rest/services/Growth_Management_%E2%80%93_Issued_Building_Permits/FeatureServer/0/query?f=json&geometry=%7B%22x%22%3A+-79.7689414224194%2C+%22y%22%3A+43.56025342875602%2C+%22spatialReference%22%3A+%7B%22wkid%22%3A+4326%7D%7D&geometryType=esriGeometryPoint&inSR=4326&spatialRel=esriSpatialRelIntersects&distance=90&units=esriSRUnit_Meter&outFields=BuildingPermitNumber%2CIssuedDate%2CBuildingPermitType%2CBuildingPermitScope%2CAddress%2CApprovedUse%2CResidentialUnits%2CNonResidentialGFA_m2&outSR=4326&returnGeometry=true"
"13-11410","city-group-66","Derry Britannia Phase 1 / Ninth Line","group-status","Proposed","Approved subdivision with 2026 permits; phased completion unverified","Retain source massing with cited caveat","Not separately specified","true","false","false","false","Derry Britannia Phase 1 is linked to Ninth Line subdivision; 2026 permits at Aliza, Maliyah, Mishiikenh and Persaud identify active delivery. April 2026 rezoning adjusts boundaries and detached/townhouse zones. Historical traffic-study 2028/2031 horizons are forecasts, not committed completion dates.","https://www.mississauga.ca/services-and-programs/planning-and-development/development-applications/active-development-applications/6578-ninth-line-oz-26-6-w10/ ; https://www.mississauga.ca/wp-content/uploads/2023/11/Traffic-Impact-Study-October-2023.pdf ; https://services6.arcgis.com/hM5ymMLbxIyWTjn2/arcgis/rest/services/Growth_Management_%E2%80%93_Issued_Building_Permits/FeatureServer/0/query?f=json&geometry=%7B%22x%22%3A+-79.7689414224194%2C+%22y%22%3A+43.56025342875602%2C+%22spatialReference%22%3A+%7B%22wkid%22%3A+4326%7D%7D&geometryType=esriGeometryPoint&inSR=4326&spatialRel=esriSpatialRelIntersects&distance=90&units=esriSRUnit_Meter&outFields=BuildingPermitNumber%2CIssuedDate%2CBuildingPermitType%2CBuildingPermitScope%2CAddress%2CApprovedUse%2CResidentialUnits%2CNonResidentialGFA_m2&outSR=4326&returnGeometry=true"
"13-11411","city-group-66","Derry Britannia Phase 1 / Ninth Line","group-status","Proposed","Approved subdivision with 2026 permits; phased completion unverified","Retain source massing with cited caveat","Not separately specified","true","false","false","false","Derry Britannia Phase 1 is linked to Ninth Line subdivision; 2026 permits at Aliza, Maliyah, Mishiikenh and Persaud identify active delivery. April 2026 rezoning adjusts boundaries and detached/townhouse zones. Historical traffic-study 2028/2031 horizons are forecasts, not committed completion dates.","https://www.mississauga.ca/services-and-programs/planning-and-development/development-applications/active-development-applications/6578-ninth-line-oz-26-6-w10/ ; https://www.mississauga.ca/wp-content/uploads/2023/11/Traffic-Impact-Study-October-2023.pdf ; https://services6.arcgis.com/hM5ymMLbxIyWTjn2/arcgis/rest/services/Growth_Management_%E2%80%93_Issued_Building_Permits/FeatureServer/0/query?f=json&geometry=%7B%22x%22%3A+-79.7689414224194%2C+%22y%22%3A+43.56025342875602%2C+%22spatialReference%22%3A+%7B%22wkid%22%3A+4326%7D%7D&geometryType=esriGeometryPoint&inSR=4326&spatialRel=esriSpatialRelIntersects&distance=90&units=esriSRUnit_Meter&outFields=BuildingPermitNumber%2CIssuedDate%2CBuildingPermitType%2CBuildingPermitScope%2CAddress%2CApprovedUse%2CResidentialUnits%2CNonResidentialGFA_m2&outSR=4326&returnGeometry=true"
"13-11412","city-group-66","Derry Britannia Phase 1 / Ninth Line","group-status","Proposed","Approved subdivision with 2026 permits; phased completion unverified","Retain source massing with cited caveat","Not separately specified","true","false","false","false","Derry Britannia Phase 1 is linked to Ninth Line subdivision; 2026 permits at Aliza, Maliyah, Mishiikenh and Persaud identify active delivery. April 2026 rezoning adjusts boundaries and detached/townhouse zones. Historical traffic-study 2028/2031 horizons are forecasts, not committed completion dates.","https://www.mississauga.ca/services-and-programs/planning-and-development/development-applications/active-development-applications/6578-ninth-line-oz-26-6-w10/ ; https://www.mississauga.ca/wp-content/uploads/2023/11/Traffic-Impact-Study-October-2023.pdf ; https://services6.arcgis.com/hM5ymMLbxIyWTjn2/arcgis/rest/services/Growth_Management_%E2%80%93_Issued_Building_Permits/FeatureServer/0/query?f=json&geometry=%7B%22x%22%3A+-79.7689414224194%2C+%22y%22%3A+43.56025342875602%2C+%22spatialReference%22%3A+%7B%22wkid%22%3A+4326%7D%7D&geometryType=esriGeometryPoint&inSR=4326&spatialRel=esriSpatialRelIntersects&distance=90&units=esriSRUnit_Meter&outFields=BuildingPermitNumber%2CIssuedDate%2CBuildingPermitType%2CBuildingPermitScope%2CAddress%2CApprovedUse%2CResidentialUnits%2CNonResidentialGFA_m2&outSR=4326&returnGeometry=true"
"13-11413","city-group-66","Derry Britannia Phase 1 / Ninth Line","group-status","Proposed","Approved subdivision with 2026 permits; phased completion unverified","Retain source massing with cited caveat","Not separately specified","true","false","false","false","Derry Britannia Phase 1 is linked to Ninth Line subdivision; 2026 permits at Aliza, Maliyah, Mishiikenh and Persaud identify active delivery. April 2026 rezoning adjusts boundaries and detached/townhouse zones. Historical traffic-study 2028/2031 horizons are forecasts, not committed completion dates.","https://www.mississauga.ca/services-and-programs/planning-and-development/development-applications/active-development-applications/6578-ninth-line-oz-26-6-w10/ ; https://www.mississauga.ca/wp-content/uploads/2023/11/Traffic-Impact-Study-October-2023.pdf ; https://services6.arcgis.com/hM5ymMLbxIyWTjn2/arcgis/rest/services/Growth_Management_%E2%80%93_Issued_Building_Permits/FeatureServer/0/query?f=json&geometry=%7B%22x%22%3A+-79.7689414224194%2C+%22y%22%3A+43.56025342875602%2C+%22spatialReference%22%3A+%7B%22wkid%22%3A+4326%7D%7D&geometryType=esriGeometryPoint&inSR=4326&spatialRel=esriSpatialRelIntersects&distance=90&units=esriSRUnit_Meter&outFields=BuildingPermitNumber%2CIssuedDate%2CBuildingPermitType%2CBuildingPermitScope%2CAddress%2CApprovedUse%2CResidentialUnits%2CNonResidentialGFA_m2&outSR=4326&returnGeometry=true"
"13-11414","city-group-66","Derry Britannia Phase 1 / Ninth Line","group-status","Proposed","Approved subdivision with 2026 permits; phased completion unverified","Retain source massing with cited caveat","Not separately specified","true","false","false","false","Derry Britannia Phase 1 is linked to Ninth Line subdivision; 2026 permits at Aliza, Maliyah, Mishiikenh and Persaud identify active delivery. April 2026 rezoning adjusts boundaries and detached/townhouse zones. Historical traffic-study 2028/2031 horizons are forecasts, not committed completion dates.","https://www.mississauga.ca/services-and-programs/planning-and-development/development-applications/active-development-applications/6578-ninth-line-oz-26-6-w10/ ; https://www.mississauga.ca/wp-content/uploads/2023/11/Traffic-Impact-Study-October-2023.pdf ; https://services6.arcgis.com/hM5ymMLbxIyWTjn2/arcgis/rest/services/Growth_Management_%E2%80%93_Issued_Building_Permits/FeatureServer/0/query?f=json&geometry=%7B%22x%22%3A+-79.7689414224194%2C+%22y%22%3A+43.56025342875602%2C+%22spatialReference%22%3A+%7B%22wkid%22%3A+4326%7D%7D&geometryType=esriGeometryPoint&inSR=4326&spatialRel=esriSpatialRelIntersects&distance=90&units=esriSRUnit_Meter&outFields=BuildingPermitNumber%2CIssuedDate%2CBuildingPermitType%2CBuildingPermitScope%2CAddress%2CApprovedUse%2CResidentialUnits%2CNonResidentialGFA_m2&outSR=4326&returnGeometry=true"
"13-11415","city-group-66","Derry Britannia Phase 1 / Ninth Line","group-status","Proposed","Approved subdivision with 2026 permits; phased completion unverified","Retain source massing with cited caveat","Not separately specified","true","false","false","false","Derry Britannia Phase 1 is linked to Ninth Line subdivision; 2026 permits at Aliza, Maliyah, Mishiikenh and Persaud identify active delivery. April 2026 rezoning adjusts boundaries and detached/townhouse zones. Historical traffic-study 2028/2031 horizons are forecasts, not committed completion dates.","https://www.mississauga.ca/services-and-programs/planning-and-development/development-applications/active-development-applications/6578-ninth-line-oz-26-6-w10/ ; https://www.mississauga.ca/wp-content/uploads/2023/11/Traffic-Impact-Study-October-2023.pdf ; https://services6.arcgis.com/hM5ymMLbxIyWTjn2/arcgis/rest/services/Growth_Management_%E2%80%93_Issued_Building_Permits/FeatureServer/0/query?f=json&geometry=%7B%22x%22%3A+-79.7689414224194%2C+%22y%22%3A+43.56025342875602%2C+%22spatialReference%22%3A+%7B%22wkid%22%3A+4326%7D%7D&geometryType=esriGeometryPoint&inSR=4326&spatialRel=esriSpatialRelIntersects&distance=90&units=esriSRUnit_Meter&outFields=BuildingPermitNumber%2CIssuedDate%2CBuildingPermitType%2CBuildingPermitScope%2CAddress%2CApprovedUse%2CResidentialUnits%2CNonResidentialGFA_m2&outSR=4326&returnGeometry=true"
"102-7051","city-group-15","Dixie Outlet Mall redevelopment","inventory73-status","Proposed","Revised 997-home application under review","Retain source version in violet; exclude from strict verified scenario","Not separately specified","true","false","false","true","The June 2026 landing page confirms four buildings of 4–19 storeys. Source heights exactly match the May 2024 A100 site-plan labels (22.6, 30.6, 51.6, 61.2 and 64.2 m), supporting the identity of this version. However, the same submission A302 north elevation marks overall tower heights C2 74.70 m, C1 62.60 m and B 71.10 m; A013 statistics also differ in places. The source extents are about 23–65 m and cannot represent those taller roof envelopes. Keep the municipal massing as uncertain; do not stretch it or declare the entire submission obsolete.","https://www.mississauga.ca/services-and-programs/planning-and-development/development-applications/active-development-applications/1250-south-service-road-oz-opa-22-32-w1/ ; https://www.mississauga.ca/wp-content/uploads/2024/05/31105545/A100-Site-Plan-may-2024.pdf ; https://www.mississauga.ca/wp-content/uploads/2024/05/31105548/A302-North-Elevation-may-2024.pdf ; https://www.mississauga.ca/wp-content/uploads/2024/05/31105533/A013-Statistics-V2-may-2024.pdf"
"102-7052","city-group-15","Dixie Outlet Mall redevelopment","inventory73-status","Proposed","Revised 997-home application under review","Retain source version in violet; exclude from strict verified scenario","Not separately specified","true","false","false","true","The June 2026 landing page confirms four buildings of 4–19 storeys. Source heights exactly match the May 2024 A100 site-plan labels (22.6, 30.6, 51.6, 61.2 and 64.2 m), supporting the identity of this version. However, the same submission A302 north elevation marks overall tower heights C2 74.70 m, C1 62.60 m and B 71.10 m; A013 statistics also differ in places. The source extents are about 23–65 m and cannot represent those taller roof envelopes. Keep the municipal massing as uncertain; do not stretch it or declare the entire submission obsolete.","https://www.mississauga.ca/services-and-programs/planning-and-development/development-applications/active-development-applications/1250-south-service-road-oz-opa-22-32-w1/ ; https://www.mississauga.ca/wp-content/uploads/2024/05/31105545/A100-Site-Plan-may-2024.pdf ; https://www.mississauga.ca/wp-content/uploads/2024/05/31105548/A302-North-Elevation-may-2024.pdf ; https://www.mississauga.ca/wp-content/uploads/2024/05/31105533/A013-Statistics-V2-may-2024.pdf"
"102-7053","city-group-15","Dixie Outlet Mall redevelopment","inventory73-status","Proposed","Revised 997-home application under review","Retain source version in violet; exclude from strict verified scenario","Not separately specified","true","false","false","true","The June 2026 landing page confirms four buildings of 4–19 storeys. Source heights exactly match the May 2024 A100 site-plan labels (22.6, 30.6, 51.6, 61.2 and 64.2 m), supporting the identity of this version. However, the same submission A302 north elevation marks overall tower heights C2 74.70 m, C1 62.60 m and B 71.10 m; A013 statistics also differ in places. The source extents are about 23–65 m and cannot represent those taller roof envelopes. Keep the municipal massing as uncertain; do not stretch it or declare the entire submission obsolete.","https://www.mississauga.ca/services-and-programs/planning-and-development/development-applications/active-development-applications/1250-south-service-road-oz-opa-22-32-w1/ ; https://www.mississauga.ca/wp-content/uploads/2024/05/31105545/A100-Site-Plan-may-2024.pdf ; https://www.mississauga.ca/wp-content/uploads/2024/05/31105548/A302-North-Elevation-may-2024.pdf ; https://www.mississauga.ca/wp-content/uploads/2024/05/31105533/A013-Statistics-V2-may-2024.pdf"
"102-7054","city-group-15","Dixie Outlet Mall redevelopment","inventory73-status","Proposed","Revised 997-home application under review","Retain source version in violet; exclude from strict verified scenario","Not separately specified","true","false","false","true","The June 2026 landing page confirms four buildings of 4–19 storeys. Source heights exactly match the May 2024 A100 site-plan labels (22.6, 30.6, 51.6, 61.2 and 64.2 m), supporting the identity of this version. However, the same submission A302 north elevation marks overall tower heights C2 74.70 m, C1 62.60 m and B 71.10 m; A013 statistics also differ in places. The source extents are about 23–65 m and cannot represent those taller roof envelopes. Keep the municipal massing as uncertain; do not stretch it or declare the entire submission obsolete.","https://www.mississauga.ca/services-and-programs/planning-and-development/development-applications/active-development-applications/1250-south-service-road-oz-opa-22-32-w1/ ; https://www.mississauga.ca/wp-content/uploads/2024/05/31105545/A100-Site-Plan-may-2024.pdf ; https://www.mississauga.ca/wp-content/uploads/2024/05/31105548/A302-North-Elevation-may-2024.pdf ; https://www.mississauga.ca/wp-content/uploads/2024/05/31105533/A013-Statistics-V2-may-2024.pdf"
"102-7055","city-group-15","Dixie Outlet Mall redevelopment","inventory73-status","Proposed","Revised 997-home application under review","Retain source version in violet; exclude from strict verified scenario","Not separately specified","true","false","false","true","The June 2026 landing page confirms four buildings of 4–19 storeys. Source heights exactly match the May 2024 A100 site-plan labels (22.6, 30.6, 51.6, 61.2 and 64.2 m), supporting the identity of this version. However, the same submission A302 north elevation marks overall tower heights C2 74.70 m, C1 62.60 m and B 71.10 m; A013 statistics also differ in places. The source extents are about 23–65 m and cannot represent those taller roof envelopes. Keep the municipal massing as uncertain; do not stretch it or declare the entire submission obsolete.","https://www.mississauga.ca/services-and-programs/planning-and-development/development-applications/active-development-applications/1250-south-service-road-oz-opa-22-32-w1/ ; https://www.mississauga.ca/wp-content/uploads/2024/05/31105545/A100-Site-Plan-may-2024.pdf ; https://www.mississauga.ca/wp-content/uploads/2024/05/31105548/A302-North-Elevation-may-2024.pdf ; https://www.mississauga.ca/wp-content/uploads/2024/05/31105533/A013-Statistics-V2-may-2024.pdf"
"102-7056","city-group-15","Dixie Outlet Mall redevelopment","inventory73-status","Proposed","Revised 997-home application under review","Retain source version in violet; exclude from strict verified scenario","Not separately specified","true","false","false","true","The June 2026 landing page confirms four buildings of 4–19 storeys. Source heights exactly match the May 2024 A100 site-plan labels (22.6, 30.6, 51.6, 61.2 and 64.2 m), supporting the identity of this version. However, the same submission A302 north elevation marks overall tower heights C2 74.70 m, C1 62.60 m and B 71.10 m; A013 statistics also differ in places. The source extents are about 23–65 m and cannot represent those taller roof envelopes. Keep the municipal massing as uncertain; do not stretch it or declare the entire submission obsolete.","https://www.mississauga.ca/services-and-programs/planning-and-development/development-applications/active-development-applications/1250-south-service-road-oz-opa-22-32-w1/ ; https://www.mississauga.ca/wp-content/uploads/2024/05/31105545/A100-Site-Plan-may-2024.pdf ; https://www.mississauga.ca/wp-content/uploads/2024/05/31105548/A302-North-Elevation-may-2024.pdf ; https://www.mississauga.ca/wp-content/uploads/2024/05/31105533/A013-Statistics-V2-may-2024.pdf"
"102-7057","city-group-15","Dixie Outlet Mall redevelopment","inventory73-status","Proposed","Revised 997-home application under review","Retain source version in violet; exclude from strict verified scenario","Not separately specified","true","false","false","true","The June 2026 landing page confirms four buildings of 4–19 storeys. Source heights exactly match the May 2024 A100 site-plan labels (22.6, 30.6, 51.6, 61.2 and 64.2 m), supporting the identity of this version. However, the same submission A302 north elevation marks overall tower heights C2 74.70 m, C1 62.60 m and B 71.10 m; A013 statistics also differ in places. The source extents are about 23–65 m and cannot represent those taller roof envelopes. Keep the municipal massing as uncertain; do not stretch it or declare the entire submission obsolete.","https://www.mississauga.ca/services-and-programs/planning-and-development/development-applications/active-development-applications/1250-south-service-road-oz-opa-22-32-w1/ ; https://www.mississauga.ca/wp-content/uploads/2024/05/31105545/A100-Site-Plan-may-2024.pdf ; https://www.mississauga.ca/wp-content/uploads/2024/05/31105548/A302-North-Elevation-may-2024.pdf ; https://www.mississauga.ca/wp-content/uploads/2024/05/31105533/A013-Statistics-V2-may-2024.pdf"
"41-7752","city-group-165","Drew Rd. Industrial","inventory73-status","Proposed","Application retained; current construction and completion unverified","Retain source massing with cited caveat","Not separately specified","true","false","false","false","Longstanding structural-steel business at 1827 Drew does not prove the proposed renovation/addition complete. No current exact-scope completion evidence found.","https://services6.arcgis.com/hM5ymMLbxIyWTjn2/arcgis/rest/services/Growth_Management_%E2%80%93_Active_Development_Applications/FeatureServer/0/query?where=OBJECTID%3D142&outFields=*&outSR=4326&f=pjson"
"101-4524","dundas-mattawa","Dundas & Mattawa","citywide","Proposed","Appealed","Retain source massing with cited caveat","Not separately specified","true","false","false","false","Address coordinates are approximate map pins. City snapshot meshes are source massing, not construction drawings; latest approvals and final detailed architecture may differ.","https://www.mississauga.ca/services-and-programs/planning-and-development/development-applications/active-development-applications/1580-to-1650-dundas-street-east-oz-opa-22-22-w1-and-tm-22004/ ; https://urbantoronto.ca/database/projects/dundas-mattawa.49819 ; https://www.hazelview.com/private-real-estate-investing/development-management/developments/1580-1650-dundas-street-east"
"101-4525","dundas-mattawa","Dundas & Mattawa","citywide","Proposed","Appealed","Retain source massing with cited caveat","Not separately specified","true","false","false","false","Address coordinates are approximate map pins. City snapshot meshes are source massing, not construction drawings; latest approvals and final detailed architecture may differ.","https://www.mississauga.ca/services-and-programs/planning-and-development/development-applications/active-development-applications/1580-to-1650-dundas-street-east-oz-opa-22-22-w1-and-tm-22004/ ; https://urbantoronto.ca/database/projects/dundas-mattawa.49819 ; https://www.hazelview.com/private-real-estate-investing/development-management/developments/1580-1650-dundas-street-east"
"101-4526","dundas-mattawa","Dundas & Mattawa","citywide","Proposed","Appealed","Retain source massing with cited caveat","Not separately specified","true","false","false","false","Address coordinates are approximate map pins. City snapshot meshes are source massing, not construction drawings; latest approvals and final detailed architecture may differ.","https://www.mississauga.ca/services-and-programs/planning-and-development/development-applications/active-development-applications/1580-to-1650-dundas-street-east-oz-opa-22-22-w1-and-tm-22004/ ; https://urbantoronto.ca/database/projects/dundas-mattawa.49819 ; https://www.hazelview.com/private-real-estate-investing/development-management/developments/1580-1650-dundas-street-east"
"101-4527","dundas-mattawa","Dundas & Mattawa","citywide","Proposed","Appealed","Retain source massing with cited caveat","Not separately specified","true","false","false","false","Address coordinates are approximate map pins. City snapshot meshes are source massing, not construction drawings; latest approvals and final detailed architecture may differ.","https://www.mississauga.ca/services-and-programs/planning-and-development/development-applications/active-development-applications/1580-to-1650-dundas-street-east-oz-opa-22-22-w1-and-tm-22004/ ; https://urbantoronto.ca/database/projects/dundas-mattawa.49819 ; https://www.hazelview.com/private-real-estate-investing/development-management/developments/1580-1650-dundas-street-east"
"101-4528","dundas-mattawa","Dundas & Mattawa","citywide","Proposed","Appealed","Retain source massing with cited caveat","Not separately specified","true","false","false","false","Address coordinates are approximate map pins. City snapshot meshes are source massing, not construction drawings; latest approvals and final detailed architecture may differ.","https://www.mississauga.ca/services-and-programs/planning-and-development/development-applications/active-development-applications/1580-to-1650-dundas-street-east-oz-opa-22-22-w1-and-tm-22004/ ; https://urbantoronto.ca/database/projects/dundas-mattawa.49819 ; https://www.hazelview.com/private-real-estate-investing/development-management/developments/1580-1650-dundas-street-east"
"101-4529","dundas-mattawa","Dundas & Mattawa","citywide","Proposed","Appealed","Retain source massing with cited caveat","Not separately specified","true","false","false","false","Address coordinates are approximate map pins. City snapshot meshes are source massing, not construction drawings; latest approvals and final detailed architecture may differ.","https://www.mississauga.ca/services-and-programs/planning-and-development/development-applications/active-development-applications/1580-to-1650-dundas-street-east-oz-opa-22-22-w1-and-tm-22004/ ; https://urbantoronto.ca/database/projects/dundas-mattawa.49819 ; https://www.hazelview.com/private-real-estate-investing/development-management/developments/1580-1650-dundas-street-east"
"101-4530","dundas-mattawa","Dundas & Mattawa","citywide","Proposed","Appealed","Retain source massing with cited caveat","Not separately specified","true","false","false","false","Address coordinates are approximate map pins. City snapshot meshes are source massing, not construction drawings; latest approvals and final detailed architecture may differ.","https://www.mississauga.ca/services-and-programs/planning-and-development/development-applications/active-development-applications/1580-to-1650-dundas-street-east-oz-opa-22-22-w1-and-tm-22004/ ; https://urbantoronto.ca/database/projects/dundas-mattawa.49819 ; https://www.hazelview.com/private-real-estate-investing/development-management/developments/1580-1650-dundas-street-east"
"101-4531","dundas-mattawa","Dundas & Mattawa","citywide","Proposed","Appealed","Retain source massing with cited caveat","Not separately specified","true","false","false","false","Address coordinates are approximate map pins. City snapshot meshes are source massing, not construction drawings; latest approvals and final detailed architecture may differ.","https://www.mississauga.ca/services-and-programs/planning-and-development/development-applications/active-development-applications/1580-to-1650-dundas-street-east-oz-opa-22-22-w1-and-tm-22004/ ; https://urbantoronto.ca/database/projects/dundas-mattawa.49819 ; https://www.hazelview.com/private-real-estate-investing/development-management/developments/1580-1650-dundas-street-east"
"101-4532","dundas-mattawa","Dundas & Mattawa","citywide","Proposed","Appealed","Retain source massing with cited caveat","Not separately specified","true","false","false","false","Address coordinates are approximate map pins. City snapshot meshes are source massing, not construction drawings; latest approvals and final detailed architecture may differ.","https://www.mississauga.ca/services-and-programs/planning-and-development/development-applications/active-development-applications/1580-to-1650-dundas-street-east-oz-opa-22-22-w1-and-tm-22004/ ; https://urbantoronto.ca/database/projects/dundas-mattawa.49819 ; https://www.hazelview.com/private-real-estate-investing/development-management/developments/1580-1650-dundas-street-east"
"101-4533","dundas-mattawa","Dundas & Mattawa","citywide","Proposed","Appealed","Retain source massing with cited caveat","Not separately specified","true","false","false","false","Address coordinates are approximate map pins. City snapshot meshes are source massing, not construction drawings; latest approvals and final detailed architecture may differ.","https://www.mississauga.ca/services-and-programs/planning-and-development/development-applications/active-development-applications/1580-to-1650-dundas-street-east-oz-opa-22-22-w1-and-tm-22004/ ; https://urbantoronto.ca/database/projects/dundas-mattawa.49819 ; https://www.hazelview.com/private-real-estate-investing/development-management/developments/1580-1650-dundas-street-east"
"101-4534","dundas-mattawa","Dundas & Mattawa","citywide","Proposed","Appealed","Retain source massing with cited caveat","Not separately specified","true","false","false","false","Address coordinates are approximate map pins. City snapshot meshes are source massing, not construction drawings; latest approvals and final detailed architecture may differ.","https://www.mississauga.ca/services-and-programs/planning-and-development/development-applications/active-development-applications/1580-to-1650-dundas-street-east-oz-opa-22-22-w1-and-tm-22004/ ; https://urbantoronto.ca/database/projects/dundas-mattawa.49819 ; https://www.hazelview.com/private-real-estate-investing/development-management/developments/1580-1650-dundas-street-east"
"101-4535","dundas-mattawa","Dundas & Mattawa","citywide","Proposed","Appealed","Retain source massing with cited caveat","Not separately specified","true","false","false","false","Address coordinates are approximate map pins. City snapshot meshes are source massing, not construction drawings; latest approvals and final detailed architecture may differ.","https://www.mississauga.ca/services-and-programs/planning-and-development/development-applications/active-development-applications/1580-to-1650-dundas-street-east-oz-opa-22-22-w1-and-tm-22004/ ; https://urbantoronto.ca/database/projects/dundas-mattawa.49819 ; https://www.hazelview.com/private-real-estate-investing/development-management/developments/1580-1650-dundas-street-east"
"101-4536","dundas-mattawa","Dundas & Mattawa","citywide","Proposed","Appealed","Retain source massing with cited caveat","Not separately specified","true","false","false","false","Address coordinates are approximate map pins. City snapshot meshes are source massing, not construction drawings; latest approvals and final detailed architecture may differ.","https://www.mississauga.ca/services-and-programs/planning-and-development/development-applications/active-development-applications/1580-to-1650-dundas-street-east-oz-opa-22-22-w1-and-tm-22004/ ; https://urbantoronto.ca/database/projects/dundas-mattawa.49819 ; https://www.hazelview.com/private-real-estate-investing/development-management/developments/1580-1650-dundas-street-east"
"101-4537","dundas-mattawa","Dundas & Mattawa","citywide","Proposed","Appealed","Retain source massing with cited caveat","Not separately specified","true","false","false","false","Address coordinates are approximate map pins. City snapshot meshes are source massing, not construction drawings; latest approvals and final detailed architecture may differ.","https://www.mississauga.ca/services-and-programs/planning-and-development/development-applications/active-development-applications/1580-to-1650-dundas-street-east-oz-opa-22-22-w1-and-tm-22004/ ; https://urbantoronto.ca/database/projects/dundas-mattawa.49819 ; https://www.hazelview.com/private-real-estate-investing/development-management/developments/1580-1650-dundas-street-east"
"101-4538","dundas-mattawa","Dundas & Mattawa","citywide","Proposed","Appealed","Retain source massing with cited caveat","Not separately specified","true","false","false","false","Address coordinates are approximate map pins. City snapshot meshes are source massing, not construction drawings; latest approvals and final detailed architecture may differ.","https://www.mississauga.ca/services-and-programs/planning-and-development/development-applications/active-development-applications/1580-to-1650-dundas-street-east-oz-opa-22-22-w1-and-tm-22004/ ; https://urbantoronto.ca/database/projects/dundas-mattawa.49819 ; https://www.hazelview.com/private-real-estate-investing/development-management/developments/1580-1650-dundas-street-east"
"101-4539","dundas-mattawa","Dundas & Mattawa","citywide","Proposed","Appealed","Retain source massing with cited caveat","Not separately specified","true","false","false","false","Address coordinates are approximate map pins. City snapshot meshes are source massing, not construction drawings; latest approvals and final detailed architecture may differ.","https://www.mississauga.ca/services-and-programs/planning-and-development/development-applications/active-development-applications/1580-to-1650-dundas-street-east-oz-opa-22-22-w1-and-tm-22004/ ; https://urbantoronto.ca/database/projects/dundas-mattawa.49819 ; https://www.hazelview.com/private-real-estate-investing/development-management/developments/1580-1650-dundas-street-east"
"101-4540","dundas-mattawa","Dundas & Mattawa","citywide","Proposed","Appealed","Retain source massing with cited caveat","Not separately specified","true","false","false","false","Address coordinates are approximate map pins. City snapshot meshes are source massing, not construction drawings; latest approvals and final detailed architecture may differ.","https://www.mississauga.ca/services-and-programs/planning-and-development/development-applications/active-development-applications/1580-to-1650-dundas-street-east-oz-opa-22-22-w1-and-tm-22004/ ; https://urbantoronto.ca/database/projects/dundas-mattawa.49819 ; https://www.hazelview.com/private-real-estate-investing/development-management/developments/1580-1650-dundas-street-east"
"101-4541","dundas-mattawa","Dundas & Mattawa","citywide","Proposed","Appealed","Retain source massing with cited caveat","Not separately specified","true","false","false","false","Address coordinates are approximate map pins. City snapshot meshes are source massing, not construction drawings; latest approvals and final detailed architecture may differ.","https://www.mississauga.ca/services-and-programs/planning-and-development/development-applications/active-development-applications/1580-to-1650-dundas-street-east-oz-opa-22-22-w1-and-tm-22004/ ; https://urbantoronto.ca/database/projects/dundas-mattawa.49819 ; https://www.hazelview.com/private-real-estate-investing/development-management/developments/1580-1650-dundas-street-east"
"101-4542","dundas-mattawa","Dundas & Mattawa","citywide","Proposed","Appealed","Retain source massing with cited caveat","Not separately specified","true","false","false","false","Address coordinates are approximate map pins. City snapshot meshes are source massing, not construction drawings; latest approvals and final detailed architecture may differ.","https://www.mississauga.ca/services-and-programs/planning-and-development/development-applications/active-development-applications/1580-to-1650-dundas-street-east-oz-opa-22-22-w1-and-tm-22004/ ; https://urbantoronto.ca/database/projects/dundas-mattawa.49819 ; https://www.hazelview.com/private-real-estate-investing/development-management/developments/1580-1650-dundas-street-east"
"101-4543","dundas-mattawa","Dundas & Mattawa","citywide","Proposed","Appealed","Retain source massing with cited caveat","Not separately specified","true","false","false","false","Address coordinates are approximate map pins. City snapshot meshes are source massing, not construction drawings; latest approvals and final detailed architecture may differ.","https://www.mississauga.ca/services-and-programs/planning-and-development/development-applications/active-development-applications/1580-to-1650-dundas-street-east-oz-opa-22-22-w1-and-tm-22004/ ; https://urbantoronto.ca/database/projects/dundas-mattawa.49819 ; https://www.hazelview.com/private-real-estate-investing/development-management/developments/1580-1650-dundas-street-east"
"101-4544","dundas-mattawa","Dundas & Mattawa","citywide","Proposed","Appealed","Retain source massing with cited caveat","Not separately specified","true","false","false","false","Address coordinates are approximate map pins. City snapshot meshes are source massing, not construction drawings; latest approvals and final detailed architecture may differ.","https://www.mississauga.ca/services-and-programs/planning-and-development/development-applications/active-development-applications/1580-to-1650-dundas-street-east-oz-opa-22-22-w1-and-tm-22004/ ; https://urbantoronto.ca/database/projects/dundas-mattawa.49819 ; https://www.hazelview.com/private-real-estate-investing/development-management/developments/1580-1650-dundas-street-east"
"101-4545","dundas-mattawa","Dundas & Mattawa","citywide","Proposed","Appealed","Retain source massing with cited caveat","Not separately specified","true","false","false","false","Address coordinates are approximate map pins. City snapshot meshes are source massing, not construction drawings; latest approvals and final detailed architecture may differ.","https://www.mississauga.ca/services-and-programs/planning-and-development/development-applications/active-development-applications/1580-to-1650-dundas-street-east-oz-opa-22-22-w1-and-tm-22004/ ; https://urbantoronto.ca/database/projects/dundas-mattawa.49819 ; https://www.hazelview.com/private-real-estate-investing/development-management/developments/1580-1650-dundas-street-east"
"101-4546","dundas-mattawa","Dundas & Mattawa","citywide","Proposed","Appealed","Retain source massing with cited caveat","Not separately specified","true","false","false","false","Address coordinates are approximate map pins. City snapshot meshes are source massing, not construction drawings; latest approvals and final detailed architecture may differ.","https://www.mississauga.ca/services-and-programs/planning-and-development/development-applications/active-development-applications/1580-to-1650-dundas-street-east-oz-opa-22-22-w1-and-tm-22004/ ; https://urbantoronto.ca/database/projects/dundas-mattawa.49819 ; https://www.hazelview.com/private-real-estate-investing/development-management/developments/1580-1650-dundas-street-east"
"101-4547","dundas-mattawa","Dundas & Mattawa","citywide","Proposed","Appealed","Retain source massing with cited caveat","Not separately specified","true","false","false","false","Address coordinates are approximate map pins. City snapshot meshes are source massing, not construction drawings; latest approvals and final detailed architecture may differ.","https://www.mississauga.ca/services-and-programs/planning-and-development/development-applications/active-development-applications/1580-to-1650-dundas-street-east-oz-opa-22-22-w1-and-tm-22004/ ; https://urbantoronto.ca/database/projects/dundas-mattawa.49819 ; https://www.hazelview.com/private-real-estate-investing/development-management/developments/1580-1650-dundas-street-east"
"101-4548","dundas-mattawa","Dundas & Mattawa","citywide","Proposed","Appealed","Retain source massing with cited caveat","Not separately specified","true","false","false","false","Address coordinates are approximate map pins. City snapshot meshes are source massing, not construction drawings; latest approvals and final detailed architecture may differ.","https://www.mississauga.ca/services-and-programs/planning-and-development/development-applications/active-development-applications/1580-to-1650-dundas-street-east-oz-opa-22-22-w1-and-tm-22004/ ; https://urbantoronto.ca/database/projects/dundas-mattawa.49819 ; https://www.hazelview.com/private-real-estate-investing/development-management/developments/1580-1650-dundas-street-east"
"101-4549","dundas-mattawa","Dundas & Mattawa","citywide","Proposed","Appealed","Retain source massing with cited caveat","Not separately specified","true","false","false","false","Address coordinates are approximate map pins. City snapshot meshes are source massing, not construction drawings; latest approvals and final detailed architecture may differ.","https://www.mississauga.ca/services-and-programs/planning-and-development/development-applications/active-development-applications/1580-to-1650-dundas-street-east-oz-opa-22-22-w1-and-tm-22004/ ; https://urbantoronto.ca/database/projects/dundas-mattawa.49819 ; https://www.hazelview.com/private-real-estate-investing/development-management/developments/1580-1650-dundas-street-east"
"101-4550","dundas-mattawa","Dundas & Mattawa","citywide","Proposed","Appealed","Retain source massing with cited caveat","Not separately specified","true","false","false","false","Address coordinates are approximate map pins. City snapshot meshes are source massing, not construction drawings; latest approvals and final detailed architecture may differ.","https://www.mississauga.ca/services-and-programs/planning-and-development/development-applications/active-development-applications/1580-to-1650-dundas-street-east-oz-opa-22-22-w1-and-tm-22004/ ; https://urbantoronto.ca/database/projects/dundas-mattawa.49819 ; https://www.hazelview.com/private-real-estate-investing/development-management/developments/1580-1650-dundas-street-east"
"101-4551","dundas-mattawa","Dundas & Mattawa","citywide","Proposed","Appealed","Retain source massing with cited caveat","Not separately specified","true","false","false","false","Address coordinates are approximate map pins. City snapshot meshes are source massing, not construction drawings; latest approvals and final detailed architecture may differ.","https://www.mississauga.ca/services-and-programs/planning-and-development/development-applications/active-development-applications/1580-to-1650-dundas-street-east-oz-opa-22-22-w1-and-tm-22004/ ; https://urbantoronto.ca/database/projects/dundas-mattawa.49819 ; https://www.hazelview.com/private-real-estate-investing/development-management/developments/1580-1650-dundas-street-east"
"101-4552","dundas-mattawa","Dundas & Mattawa","citywide","Proposed","Appealed","Retain source massing with cited caveat","Not separately specified","true","false","false","false","Address coordinates are approximate map pins. City snapshot meshes are source massing, not construction drawings; latest approvals and final detailed architecture may differ.","https://www.mississauga.ca/services-and-programs/planning-and-development/development-applications/active-development-applications/1580-to-1650-dundas-street-east-oz-opa-22-22-w1-and-tm-22004/ ; https://urbantoronto.ca/database/projects/dundas-mattawa.49819 ; https://www.hazelview.com/private-real-estate-investing/development-management/developments/1580-1650-dundas-street-east"
"62-5932","city-group-8","Eagle Tech Recycling","group-status","Proposed","Operating recycling site; proposed addition completion unverified","Retain source version in violet; exclude from strict verified scenario","Not separately specified","true","false","false","true","Operator confirms 3378 Mavis Road, near the mesh. Operating business is not proof that the SP 21 78 proposed structure is complete.","https://eagletechrecycling.ca/contact/ ; https://services6.arcgis.com/hM5ymMLbxIyWTjn2/arcgis/rest/services/Growth_Management_%E2%80%93_Issued_Building_Permits/FeatureServer/0/query?f=json&geometry=%7B%22x%22%3A+-79.6435431115511%2C+%22y%22%3A+43.572733989658076%2C+%22spatialReference%22%3A+%7B%22wkid%22%3A+4326%7D%7D&geometryType=esriGeometryPoint&inSR=4326&spatialRel=esriSpatialRelIntersects&distance=90&units=esriSRUnit_Meter&outFields=BuildingPermitNumber%2CIssuedDate%2CBuildingPermitType%2CBuildingPermitScope%2CAddress%2CApprovedUse%2CResidentialUnits%2CNonResidentialGFA_m2&outSR=4326&returnGeometry=true"
"63-6206","edge-oro","Edge Towers and Oro","downtown","Proposed","under-construction","Retain source massing with cited caveat","false","true","false","false","false","Solmar confirms Oro / Tower 3 is under construction; the City's Proposed label is stale.","https://www.solmar.ca/oro-at-edge-towers/ ; https://www.solmar.ca/news"
"63-6207","edge-oro","Edge Towers and Oro","downtown","Proposed","under-construction","Retain source massing with cited caveat","false","true","false","false","false","Solmar confirms Oro / Tower 3 is under construction; the City's Proposed label is stale.","https://www.solmar.ca/oro-at-edge-towers/ ; https://www.solmar.ca/news"
"72-6128","city-group-88","Elia Land","group-status","Proposed","Elia masterplan proposal retained; current delivery unknown","Retain source massing with cited caveat","Not separately specified","true","false","false","false","Official notice identifies 4615 Hurontario/Elia/Eglinton, nine towers 28–45 storeys and townhomes. Current broker planning pages are not independent approval/completion evidence. Existing retail is retained.","https://www.mississauga.ca/publication/oz-opa-21-8-w4-and-21t-m-21-3-w4-4615-hurontario-street-25-35-55-105-and-110-elia-avenue-and-136-eglinton-avenue-east-2/ ; https://services6.arcgis.com/hM5ymMLbxIyWTjn2/arcgis/rest/services/Growth_Management_%E2%80%93_Issued_Building_Permits/FeatureServer/0/query?f=json&geometry=%7B%22x%22%3A+-79.64792236943877%2C+%22y%22%3A+43.60703471387458%2C+%22spatialReference%22%3A+%7B%22wkid%22%3A+4326%7D%7D&geometryType=esriGeometryPoint&inSR=4326&spatialRel=esriSpatialRelIntersects&distance=90&units=esriSRUnit_Meter&outFields=BuildingPermitNumber%2CIssuedDate%2CBuildingPermitType%2CBuildingPermitScope%2CAddress%2CApprovedUse%2CResidentialUnits%2CNonResidentialGFA_m2&outSR=4326&returnGeometry=true"
"72-6129","city-group-88","Elia Land","group-status","Proposed","Elia masterplan proposal retained; current delivery unknown","Retain source massing with cited caveat","Not separately specified","true","false","false","false","Official notice identifies 4615 Hurontario/Elia/Eglinton, nine towers 28–45 storeys and townhomes. Current broker planning pages are not independent approval/completion evidence. Existing retail is retained.","https://www.mississauga.ca/publication/oz-opa-21-8-w4-and-21t-m-21-3-w4-4615-hurontario-street-25-35-55-105-and-110-elia-avenue-and-136-eglinton-avenue-east-2/ ; https://services6.arcgis.com/hM5ymMLbxIyWTjn2/arcgis/rest/services/Growth_Management_%E2%80%93_Issued_Building_Permits/FeatureServer/0/query?f=json&geometry=%7B%22x%22%3A+-79.64792236943877%2C+%22y%22%3A+43.60703471387458%2C+%22spatialReference%22%3A+%7B%22wkid%22%3A+4326%7D%7D&geometryType=esriGeometryPoint&inSR=4326&spatialRel=esriSpatialRelIntersects&distance=90&units=esriSRUnit_Meter&outFields=BuildingPermitNumber%2CIssuedDate%2CBuildingPermitType%2CBuildingPermitScope%2CAddress%2CApprovedUse%2CResidentialUnits%2CNonResidentialGFA_m2&outSR=4326&returnGeometry=true"
"72-6130","city-group-88","Elia Land","group-status","Proposed","Elia masterplan proposal retained; current delivery unknown","Retain source massing with cited caveat","Not separately specified","true","false","false","false","Official notice identifies 4615 Hurontario/Elia/Eglinton, nine towers 28–45 storeys and townhomes. Current broker planning pages are not independent approval/completion evidence. Existing retail is retained.","https://www.mississauga.ca/publication/oz-opa-21-8-w4-and-21t-m-21-3-w4-4615-hurontario-street-25-35-55-105-and-110-elia-avenue-and-136-eglinton-avenue-east-2/ ; https://services6.arcgis.com/hM5ymMLbxIyWTjn2/arcgis/rest/services/Growth_Management_%E2%80%93_Issued_Building_Permits/FeatureServer/0/query?f=json&geometry=%7B%22x%22%3A+-79.64792236943877%2C+%22y%22%3A+43.60703471387458%2C+%22spatialReference%22%3A+%7B%22wkid%22%3A+4326%7D%7D&geometryType=esriGeometryPoint&inSR=4326&spatialRel=esriSpatialRelIntersects&distance=90&units=esriSRUnit_Meter&outFields=BuildingPermitNumber%2CIssuedDate%2CBuildingPermitType%2CBuildingPermitScope%2CAddress%2CApprovedUse%2CResidentialUnits%2CNonResidentialGFA_m2&outSR=4326&returnGeometry=true"
"72-6131","city-group-88","Elia Land","group-status","Proposed","Elia masterplan proposal retained; current delivery unknown","Retain source massing with cited caveat","Not separately specified","true","false","false","false","Official notice identifies 4615 Hurontario/Elia/Eglinton, nine towers 28–45 storeys and townhomes. Current broker planning pages are not independent approval/completion evidence. Existing retail is retained.","https://www.mississauga.ca/publication/oz-opa-21-8-w4-and-21t-m-21-3-w4-4615-hurontario-street-25-35-55-105-and-110-elia-avenue-and-136-eglinton-avenue-east-2/ ; https://services6.arcgis.com/hM5ymMLbxIyWTjn2/arcgis/rest/services/Growth_Management_%E2%80%93_Issued_Building_Permits/FeatureServer/0/query?f=json&geometry=%7B%22x%22%3A+-79.64792236943877%2C+%22y%22%3A+43.60703471387458%2C+%22spatialReference%22%3A+%7B%22wkid%22%3A+4326%7D%7D&geometryType=esriGeometryPoint&inSR=4326&spatialRel=esriSpatialRelIntersects&distance=90&units=esriSRUnit_Meter&outFields=BuildingPermitNumber%2CIssuedDate%2CBuildingPermitType%2CBuildingPermitScope%2CAddress%2CApprovedUse%2CResidentialUnits%2CNonResidentialGFA_m2&outSR=4326&returnGeometry=true"
"72-6132","city-group-88","Elia Land","group-status","Proposed","Elia masterplan proposal retained; current delivery unknown","Retain source massing with cited caveat","Not separately specified","true","false","false","false","Official notice identifies 4615 Hurontario/Elia/Eglinton, nine towers 28–45 storeys and townhomes. Current broker planning pages are not independent approval/completion evidence. Existing retail is retained.","https://www.mississauga.ca/publication/oz-opa-21-8-w4-and-21t-m-21-3-w4-4615-hurontario-street-25-35-55-105-and-110-elia-avenue-and-136-eglinton-avenue-east-2/ ; https://services6.arcgis.com/hM5ymMLbxIyWTjn2/arcgis/rest/services/Growth_Management_%E2%80%93_Issued_Building_Permits/FeatureServer/0/query?f=json&geometry=%7B%22x%22%3A+-79.64792236943877%2C+%22y%22%3A+43.60703471387458%2C+%22spatialReference%22%3A+%7B%22wkid%22%3A+4326%7D%7D&geometryType=esriGeometryPoint&inSR=4326&spatialRel=esriSpatialRelIntersects&distance=90&units=esriSRUnit_Meter&outFields=BuildingPermitNumber%2CIssuedDate%2CBuildingPermitType%2CBuildingPermitScope%2CAddress%2CApprovedUse%2CResidentialUnits%2CNonResidentialGFA_m2&outSR=4326&returnGeometry=true"
"72-6133","city-group-88","Elia Land","group-status","Proposed","Elia masterplan proposal retained; current delivery unknown","Retain source massing with cited caveat","Not separately specified","true","false","false","false","Official notice identifies 4615 Hurontario/Elia/Eglinton, nine towers 28–45 storeys and townhomes. Current broker planning pages are not independent approval/completion evidence. Existing retail is retained.","https://www.mississauga.ca/publication/oz-opa-21-8-w4-and-21t-m-21-3-w4-4615-hurontario-street-25-35-55-105-and-110-elia-avenue-and-136-eglinton-avenue-east-2/ ; https://services6.arcgis.com/hM5ymMLbxIyWTjn2/arcgis/rest/services/Growth_Management_%E2%80%93_Issued_Building_Permits/FeatureServer/0/query?f=json&geometry=%7B%22x%22%3A+-79.64792236943877%2C+%22y%22%3A+43.60703471387458%2C+%22spatialReference%22%3A+%7B%22wkid%22%3A+4326%7D%7D&geometryType=esriGeometryPoint&inSR=4326&spatialRel=esriSpatialRelIntersects&distance=90&units=esriSRUnit_Meter&outFields=BuildingPermitNumber%2CIssuedDate%2CBuildingPermitType%2CBuildingPermitScope%2CAddress%2CApprovedUse%2CResidentialUnits%2CNonResidentialGFA_m2&outSR=4326&returnGeometry=true"
"72-6134","city-group-88","Elia Land","group-status","Proposed","Elia masterplan proposal retained; current delivery unknown","Retain source massing with cited caveat","Not separately specified","true","false","false","false","Official notice identifies 4615 Hurontario/Elia/Eglinton, nine towers 28–45 storeys and townhomes. Current broker planning pages are not independent approval/completion evidence. Existing retail is retained.","https://www.mississauga.ca/publication/oz-opa-21-8-w4-and-21t-m-21-3-w4-4615-hurontario-street-25-35-55-105-and-110-elia-avenue-and-136-eglinton-avenue-east-2/ ; https://services6.arcgis.com/hM5ymMLbxIyWTjn2/arcgis/rest/services/Growth_Management_%E2%80%93_Issued_Building_Permits/FeatureServer/0/query?f=json&geometry=%7B%22x%22%3A+-79.64792236943877%2C+%22y%22%3A+43.60703471387458%2C+%22spatialReference%22%3A+%7B%22wkid%22%3A+4326%7D%7D&geometryType=esriGeometryPoint&inSR=4326&spatialRel=esriSpatialRelIntersects&distance=90&units=esriSRUnit_Meter&outFields=BuildingPermitNumber%2CIssuedDate%2CBuildingPermitType%2CBuildingPermitScope%2CAddress%2CApprovedUse%2CResidentialUnits%2CNonResidentialGFA_m2&outSR=4326&returnGeometry=true"
"72-6135","city-group-88","Elia Land","group-status","Proposed","Elia masterplan proposal retained; current delivery unknown","Retain source massing with cited caveat","Not separately specified","true","false","false","false","Official notice identifies 4615 Hurontario/Elia/Eglinton, nine towers 28–45 storeys and townhomes. Current broker planning pages are not independent approval/completion evidence. Existing retail is retained.","https://www.mississauga.ca/publication/oz-opa-21-8-w4-and-21t-m-21-3-w4-4615-hurontario-street-25-35-55-105-and-110-elia-avenue-and-136-eglinton-avenue-east-2/ ; https://services6.arcgis.com/hM5ymMLbxIyWTjn2/arcgis/rest/services/Growth_Management_%E2%80%93_Issued_Building_Permits/FeatureServer/0/query?f=json&geometry=%7B%22x%22%3A+-79.64792236943877%2C+%22y%22%3A+43.60703471387458%2C+%22spatialReference%22%3A+%7B%22wkid%22%3A+4326%7D%7D&geometryType=esriGeometryPoint&inSR=4326&spatialRel=esriSpatialRelIntersects&distance=90&units=esriSRUnit_Meter&outFields=BuildingPermitNumber%2CIssuedDate%2CBuildingPermitType%2CBuildingPermitScope%2CAddress%2CApprovedUse%2CResidentialUnits%2CNonResidentialGFA_m2&outSR=4326&returnGeometry=true"
"72-6136","city-group-88","Elia Land","group-status","Proposed","Elia masterplan proposal retained; current delivery unknown","Retain source massing with cited caveat","Not separately specified","true","false","false","false","Official notice identifies 4615 Hurontario/Elia/Eglinton, nine towers 28–45 storeys and townhomes. Current broker planning pages are not independent approval/completion evidence. Existing retail is retained.","https://www.mississauga.ca/publication/oz-opa-21-8-w4-and-21t-m-21-3-w4-4615-hurontario-street-25-35-55-105-and-110-elia-avenue-and-136-eglinton-avenue-east-2/ ; https://services6.arcgis.com/hM5ymMLbxIyWTjn2/arcgis/rest/services/Growth_Management_%E2%80%93_Issued_Building_Permits/FeatureServer/0/query?f=json&geometry=%7B%22x%22%3A+-79.64792236943877%2C+%22y%22%3A+43.60703471387458%2C+%22spatialReference%22%3A+%7B%22wkid%22%3A+4326%7D%7D&geometryType=esriGeometryPoint&inSR=4326&spatialRel=esriSpatialRelIntersects&distance=90&units=esriSRUnit_Meter&outFields=BuildingPermitNumber%2CIssuedDate%2CBuildingPermitType%2CBuildingPermitScope%2CAddress%2CApprovedUse%2CResidentialUnits%2CNonResidentialGFA_m2&outSR=4326&returnGeometry=true"
"72-6137","city-group-88","Elia Land","group-status","Proposed","Elia masterplan proposal retained; current delivery unknown","Retain source massing with cited caveat","Not separately specified","true","false","false","false","Official notice identifies 4615 Hurontario/Elia/Eglinton, nine towers 28–45 storeys and townhomes. Current broker planning pages are not independent approval/completion evidence. Existing retail is retained.","https://www.mississauga.ca/publication/oz-opa-21-8-w4-and-21t-m-21-3-w4-4615-hurontario-street-25-35-55-105-and-110-elia-avenue-and-136-eglinton-avenue-east-2/ ; https://services6.arcgis.com/hM5ymMLbxIyWTjn2/arcgis/rest/services/Growth_Management_%E2%80%93_Issued_Building_Permits/FeatureServer/0/query?f=json&geometry=%7B%22x%22%3A+-79.64792236943877%2C+%22y%22%3A+43.60703471387458%2C+%22spatialReference%22%3A+%7B%22wkid%22%3A+4326%7D%7D&geometryType=esriGeometryPoint&inSR=4326&spatialRel=esriSpatialRelIntersects&distance=90&units=esriSRUnit_Meter&outFields=BuildingPermitNumber%2CIssuedDate%2CBuildingPermitType%2CBuildingPermitScope%2CAddress%2CApprovedUse%2CResidentialUnits%2CNonResidentialGFA_m2&outSR=4326&returnGeometry=true"
"72-6138","city-group-88","Elia Land","group-status","Proposed","Elia masterplan proposal retained; current delivery unknown","Retain source massing with cited caveat","Not separately specified","true","false","false","false","Official notice identifies 4615 Hurontario/Elia/Eglinton, nine towers 28–45 storeys and townhomes. Current broker planning pages are not independent approval/completion evidence. Existing retail is retained.","https://www.mississauga.ca/publication/oz-opa-21-8-w4-and-21t-m-21-3-w4-4615-hurontario-street-25-35-55-105-and-110-elia-avenue-and-136-eglinton-avenue-east-2/ ; https://services6.arcgis.com/hM5ymMLbxIyWTjn2/arcgis/rest/services/Growth_Management_%E2%80%93_Issued_Building_Permits/FeatureServer/0/query?f=json&geometry=%7B%22x%22%3A+-79.64792236943877%2C+%22y%22%3A+43.60703471387458%2C+%22spatialReference%22%3A+%7B%22wkid%22%3A+4326%7D%7D&geometryType=esriGeometryPoint&inSR=4326&spatialRel=esriSpatialRelIntersects&distance=90&units=esriSRUnit_Meter&outFields=BuildingPermitNumber%2CIssuedDate%2CBuildingPermitType%2CBuildingPermitScope%2CAddress%2CApprovedUse%2CResidentialUnits%2CNonResidentialGFA_m2&outSR=4326&returnGeometry=true"
"72-6139","city-group-88","Elia Land","group-status","Proposed","Elia masterplan proposal retained; current delivery unknown","Retain source massing with cited caveat","Not separately specified","true","false","false","false","Official notice identifies 4615 Hurontario/Elia/Eglinton, nine towers 28–45 storeys and townhomes. Current broker planning pages are not independent approval/completion evidence. Existing retail is retained.","https://www.mississauga.ca/publication/oz-opa-21-8-w4-and-21t-m-21-3-w4-4615-hurontario-street-25-35-55-105-and-110-elia-avenue-and-136-eglinton-avenue-east-2/ ; https://services6.arcgis.com/hM5ymMLbxIyWTjn2/arcgis/rest/services/Growth_Management_%E2%80%93_Issued_Building_Permits/FeatureServer/0/query?f=json&geometry=%7B%22x%22%3A+-79.64792236943877%2C+%22y%22%3A+43.60703471387458%2C+%22spatialReference%22%3A+%7B%22wkid%22%3A+4326%7D%7D&geometryType=esriGeometryPoint&inSR=4326&spatialRel=esriSpatialRelIntersects&distance=90&units=esriSRUnit_Meter&outFields=BuildingPermitNumber%2CIssuedDate%2CBuildingPermitType%2CBuildingPermitScope%2CAddress%2CApprovedUse%2CResidentialUnits%2CNonResidentialGFA_m2&outSR=4326&returnGeometry=true"
"72-6140","city-group-88","Elia Land","group-status","Proposed","Elia masterplan proposal retained; current delivery unknown","Retain source massing with cited caveat","Not separately specified","true","false","false","false","Official notice identifies 4615 Hurontario/Elia/Eglinton, nine towers 28–45 storeys and townhomes. Current broker planning pages are not independent approval/completion evidence. Existing retail is retained.","https://www.mississauga.ca/publication/oz-opa-21-8-w4-and-21t-m-21-3-w4-4615-hurontario-street-25-35-55-105-and-110-elia-avenue-and-136-eglinton-avenue-east-2/ ; https://services6.arcgis.com/hM5ymMLbxIyWTjn2/arcgis/rest/services/Growth_Management_%E2%80%93_Issued_Building_Permits/FeatureServer/0/query?f=json&geometry=%7B%22x%22%3A+-79.64792236943877%2C+%22y%22%3A+43.60703471387458%2C+%22spatialReference%22%3A+%7B%22wkid%22%3A+4326%7D%7D&geometryType=esriGeometryPoint&inSR=4326&spatialRel=esriSpatialRelIntersects&distance=90&units=esriSRUnit_Meter&outFields=BuildingPermitNumber%2CIssuedDate%2CBuildingPermitType%2CBuildingPermitScope%2CAddress%2CApprovedUse%2CResidentialUnits%2CNonResidentialGFA_m2&outSR=4326&returnGeometry=true"
"72-6141","city-group-88","Elia Land","group-status","Proposed","Elia masterplan proposal retained; current delivery unknown","Retain source massing with cited caveat","Not separately specified","true","false","false","false","Official notice identifies 4615 Hurontario/Elia/Eglinton, nine towers 28–45 storeys and townhomes. Current broker planning pages are not independent approval/completion evidence. Existing retail is retained.","https://www.mississauga.ca/publication/oz-opa-21-8-w4-and-21t-m-21-3-w4-4615-hurontario-street-25-35-55-105-and-110-elia-avenue-and-136-eglinton-avenue-east-2/ ; https://services6.arcgis.com/hM5ymMLbxIyWTjn2/arcgis/rest/services/Growth_Management_%E2%80%93_Issued_Building_Permits/FeatureServer/0/query?f=json&geometry=%7B%22x%22%3A+-79.64792236943877%2C+%22y%22%3A+43.60703471387458%2C+%22spatialReference%22%3A+%7B%22wkid%22%3A+4326%7D%7D&geometryType=esriGeometryPoint&inSR=4326&spatialRel=esriSpatialRelIntersects&distance=90&units=esriSRUnit_Meter&outFields=BuildingPermitNumber%2CIssuedDate%2CBuildingPermitType%2CBuildingPermitScope%2CAddress%2CApprovedUse%2CResidentialUnits%2CNonResidentialGFA_m2&outSR=4326&returnGeometry=true"
"72-6142","city-group-88","Elia Land","group-status","Proposed","Elia masterplan proposal retained; current delivery unknown","Retain source massing with cited caveat","Not separately specified","true","false","false","false","Official notice identifies 4615 Hurontario/Elia/Eglinton, nine towers 28–45 storeys and townhomes. Current broker planning pages are not independent approval/completion evidence. Existing retail is retained.","https://www.mississauga.ca/publication/oz-opa-21-8-w4-and-21t-m-21-3-w4-4615-hurontario-street-25-35-55-105-and-110-elia-avenue-and-136-eglinton-avenue-east-2/ ; https://services6.arcgis.com/hM5ymMLbxIyWTjn2/arcgis/rest/services/Growth_Management_%E2%80%93_Issued_Building_Permits/FeatureServer/0/query?f=json&geometry=%7B%22x%22%3A+-79.64792236943877%2C+%22y%22%3A+43.60703471387458%2C+%22spatialReference%22%3A+%7B%22wkid%22%3A+4326%7D%7D&geometryType=esriGeometryPoint&inSR=4326&spatialRel=esriSpatialRelIntersects&distance=90&units=esriSRUnit_Meter&outFields=BuildingPermitNumber%2CIssuedDate%2CBuildingPermitType%2CBuildingPermitScope%2CAddress%2CApprovedUse%2CResidentialUnits%2CNonResidentialGFA_m2&outSR=4326&returnGeometry=true"
"72-6143","city-group-88","Elia Land","group-status","Proposed","Elia masterplan proposal retained; current delivery unknown","Retain source massing with cited caveat","Not separately specified","true","false","false","false","Official notice identifies 4615 Hurontario/Elia/Eglinton, nine towers 28–45 storeys and townhomes. Current broker planning pages are not independent approval/completion evidence. Existing retail is retained.","https://www.mississauga.ca/publication/oz-opa-21-8-w4-and-21t-m-21-3-w4-4615-hurontario-street-25-35-55-105-and-110-elia-avenue-and-136-eglinton-avenue-east-2/ ; https://services6.arcgis.com/hM5ymMLbxIyWTjn2/arcgis/rest/services/Growth_Management_%E2%80%93_Issued_Building_Permits/FeatureServer/0/query?f=json&geometry=%7B%22x%22%3A+-79.64792236943877%2C+%22y%22%3A+43.60703471387458%2C+%22spatialReference%22%3A+%7B%22wkid%22%3A+4326%7D%7D&geometryType=esriGeometryPoint&inSR=4326&spatialRel=esriSpatialRelIntersects&distance=90&units=esriSRUnit_Meter&outFields=BuildingPermitNumber%2CIssuedDate%2CBuildingPermitType%2CBuildingPermitScope%2CAddress%2CApprovedUse%2CResidentialUnits%2CNonResidentialGFA_m2&outSR=4326&returnGeometry=true"
"72-6144","city-group-88","Elia Land","group-status","Proposed","Elia masterplan proposal retained; current delivery unknown","Retain source massing with cited caveat","Not separately specified","true","false","false","false","Official notice identifies 4615 Hurontario/Elia/Eglinton, nine towers 28–45 storeys and townhomes. Current broker planning pages are not independent approval/completion evidence. Existing retail is retained.","https://www.mississauga.ca/publication/oz-opa-21-8-w4-and-21t-m-21-3-w4-4615-hurontario-street-25-35-55-105-and-110-elia-avenue-and-136-eglinton-avenue-east-2/ ; https://services6.arcgis.com/hM5ymMLbxIyWTjn2/arcgis/rest/services/Growth_Management_%E2%80%93_Issued_Building_Permits/FeatureServer/0/query?f=json&geometry=%7B%22x%22%3A+-79.64792236943877%2C+%22y%22%3A+43.60703471387458%2C+%22spatialReference%22%3A+%7B%22wkid%22%3A+4326%7D%7D&geometryType=esriGeometryPoint&inSR=4326&spatialRel=esriSpatialRelIntersects&distance=90&units=esriSRUnit_Meter&outFields=BuildingPermitNumber%2CIssuedDate%2CBuildingPermitType%2CBuildingPermitScope%2CAddress%2CApprovedUse%2CResidentialUnits%2CNonResidentialGFA_m2&outSR=4326&returnGeometry=true"
"72-6145","city-group-88","Elia Land","group-status","Proposed","Elia masterplan proposal retained; current delivery unknown","Retain source massing with cited caveat","Not separately specified","true","false","false","false","Official notice identifies 4615 Hurontario/Elia/Eglinton, nine towers 28–45 storeys and townhomes. Current broker planning pages are not independent approval/completion evidence. Existing retail is retained.","https://www.mississauga.ca/publication/oz-opa-21-8-w4-and-21t-m-21-3-w4-4615-hurontario-street-25-35-55-105-and-110-elia-avenue-and-136-eglinton-avenue-east-2/ ; https://services6.arcgis.com/hM5ymMLbxIyWTjn2/arcgis/rest/services/Growth_Management_%E2%80%93_Issued_Building_Permits/FeatureServer/0/query?f=json&geometry=%7B%22x%22%3A+-79.64792236943877%2C+%22y%22%3A+43.60703471387458%2C+%22spatialReference%22%3A+%7B%22wkid%22%3A+4326%7D%7D&geometryType=esriGeometryPoint&inSR=4326&spatialRel=esriSpatialRelIntersects&distance=90&units=esriSRUnit_Meter&outFields=BuildingPermitNumber%2CIssuedDate%2CBuildingPermitType%2CBuildingPermitScope%2CAddress%2CApprovedUse%2CResidentialUnits%2CNonResidentialGFA_m2&outSR=4326&returnGeometry=true"
"72-6146","city-group-88","Elia Land","group-status","Proposed","Elia masterplan proposal retained; current delivery unknown","Retain source massing with cited caveat","Not separately specified","true","false","false","false","Official notice identifies 4615 Hurontario/Elia/Eglinton, nine towers 28–45 storeys and townhomes. Current broker planning pages are not independent approval/completion evidence. Existing retail is retained.","https://www.mississauga.ca/publication/oz-opa-21-8-w4-and-21t-m-21-3-w4-4615-hurontario-street-25-35-55-105-and-110-elia-avenue-and-136-eglinton-avenue-east-2/ ; https://services6.arcgis.com/hM5ymMLbxIyWTjn2/arcgis/rest/services/Growth_Management_%E2%80%93_Issued_Building_Permits/FeatureServer/0/query?f=json&geometry=%7B%22x%22%3A+-79.64792236943877%2C+%22y%22%3A+43.60703471387458%2C+%22spatialReference%22%3A+%7B%22wkid%22%3A+4326%7D%7D&geometryType=esriGeometryPoint&inSR=4326&spatialRel=esriSpatialRelIntersects&distance=90&units=esriSRUnit_Meter&outFields=BuildingPermitNumber%2CIssuedDate%2CBuildingPermitType%2CBuildingPermitScope%2CAddress%2CApprovedUse%2CResidentialUnits%2CNonResidentialGFA_m2&outSR=4326&returnGeometry=true"
"72-6147","city-group-88","Elia Land","group-status","Proposed","Elia masterplan proposal retained; current delivery unknown","Retain source massing with cited caveat","Not separately specified","true","false","false","false","Official notice identifies 4615 Hurontario/Elia/Eglinton, nine towers 28–45 storeys and townhomes. Current broker planning pages are not independent approval/completion evidence. Existing retail is retained.","https://www.mississauga.ca/publication/oz-opa-21-8-w4-and-21t-m-21-3-w4-4615-hurontario-street-25-35-55-105-and-110-elia-avenue-and-136-eglinton-avenue-east-2/ ; https://services6.arcgis.com/hM5ymMLbxIyWTjn2/arcgis/rest/services/Growth_Management_%E2%80%93_Issued_Building_Permits/FeatureServer/0/query?f=json&geometry=%7B%22x%22%3A+-79.64792236943877%2C+%22y%22%3A+43.60703471387458%2C+%22spatialReference%22%3A+%7B%22wkid%22%3A+4326%7D%7D&geometryType=esriGeometryPoint&inSR=4326&spatialRel=esriSpatialRelIntersects&distance=90&units=esriSRUnit_Meter&outFields=BuildingPermitNumber%2CIssuedDate%2CBuildingPermitType%2CBuildingPermitScope%2CAddress%2CApprovedUse%2CResidentialUnits%2CNonResidentialGFA_m2&outSR=4326&returnGeometry=true"
"72-6148","city-group-88","Elia Land","group-status","Proposed","Elia masterplan proposal retained; current delivery unknown","Retain source massing with cited caveat","Not separately specified","true","false","false","false","Official notice identifies 4615 Hurontario/Elia/Eglinton, nine towers 28–45 storeys and townhomes. Current broker planning pages are not independent approval/completion evidence. Existing retail is retained.","https://www.mississauga.ca/publication/oz-opa-21-8-w4-and-21t-m-21-3-w4-4615-hurontario-street-25-35-55-105-and-110-elia-avenue-and-136-eglinton-avenue-east-2/ ; https://services6.arcgis.com/hM5ymMLbxIyWTjn2/arcgis/rest/services/Growth_Management_%E2%80%93_Issued_Building_Permits/FeatureServer/0/query?f=json&geometry=%7B%22x%22%3A+-79.64792236943877%2C+%22y%22%3A+43.60703471387458%2C+%22spatialReference%22%3A+%7B%22wkid%22%3A+4326%7D%7D&geometryType=esriGeometryPoint&inSR=4326&spatialRel=esriSpatialRelIntersects&distance=90&units=esriSRUnit_Meter&outFields=BuildingPermitNumber%2CIssuedDate%2CBuildingPermitType%2CBuildingPermitScope%2CAddress%2CApprovedUse%2CResidentialUnits%2CNonResidentialGFA_m2&outSR=4326&returnGeometry=true"
"72-6149","city-group-88","Elia Land","group-status","Proposed","Elia masterplan proposal retained; current delivery unknown","Retain source massing with cited caveat","Not separately specified","true","false","false","false","Official notice identifies 4615 Hurontario/Elia/Eglinton, nine towers 28–45 storeys and townhomes. Current broker planning pages are not independent approval/completion evidence. Existing retail is retained.","https://www.mississauga.ca/publication/oz-opa-21-8-w4-and-21t-m-21-3-w4-4615-hurontario-street-25-35-55-105-and-110-elia-avenue-and-136-eglinton-avenue-east-2/ ; https://services6.arcgis.com/hM5ymMLbxIyWTjn2/arcgis/rest/services/Growth_Management_%E2%80%93_Issued_Building_Permits/FeatureServer/0/query?f=json&geometry=%7B%22x%22%3A+-79.64792236943877%2C+%22y%22%3A+43.60703471387458%2C+%22spatialReference%22%3A+%7B%22wkid%22%3A+4326%7D%7D&geometryType=esriGeometryPoint&inSR=4326&spatialRel=esriSpatialRelIntersects&distance=90&units=esriSRUnit_Meter&outFields=BuildingPermitNumber%2CIssuedDate%2CBuildingPermitType%2CBuildingPermitScope%2CAddress%2CApprovedUse%2CResidentialUnits%2CNonResidentialGFA_m2&outSR=4326&returnGeometry=true"
"72-6150","city-group-88","Elia Land","group-status","Proposed","Elia masterplan proposal retained; current delivery unknown","Retain source massing with cited caveat","Not separately specified","true","false","false","false","Official notice identifies 4615 Hurontario/Elia/Eglinton, nine towers 28–45 storeys and townhomes. Current broker planning pages are not independent approval/completion evidence. Existing retail is retained.","https://www.mississauga.ca/publication/oz-opa-21-8-w4-and-21t-m-21-3-w4-4615-hurontario-street-25-35-55-105-and-110-elia-avenue-and-136-eglinton-avenue-east-2/ ; https://services6.arcgis.com/hM5ymMLbxIyWTjn2/arcgis/rest/services/Growth_Management_%E2%80%93_Issued_Building_Permits/FeatureServer/0/query?f=json&geometry=%7B%22x%22%3A+-79.64792236943877%2C+%22y%22%3A+43.60703471387458%2C+%22spatialReference%22%3A+%7B%22wkid%22%3A+4326%7D%7D&geometryType=esriGeometryPoint&inSR=4326&spatialRel=esriSpatialRelIntersects&distance=90&units=esriSRUnit_Meter&outFields=BuildingPermitNumber%2CIssuedDate%2CBuildingPermitType%2CBuildingPermitScope%2CAddress%2CApprovedUse%2CResidentialUnits%2CNonResidentialGFA_m2&outSR=4326&returnGeometry=true"
"72-6151","city-group-88","Elia Land","group-status","Proposed","Elia masterplan proposal retained; current delivery unknown","Retain source massing with cited caveat","Not separately specified","true","false","false","false","Official notice identifies 4615 Hurontario/Elia/Eglinton, nine towers 28–45 storeys and townhomes. Current broker planning pages are not independent approval/completion evidence. Existing retail is retained.","https://www.mississauga.ca/publication/oz-opa-21-8-w4-and-21t-m-21-3-w4-4615-hurontario-street-25-35-55-105-and-110-elia-avenue-and-136-eglinton-avenue-east-2/ ; https://services6.arcgis.com/hM5ymMLbxIyWTjn2/arcgis/rest/services/Growth_Management_%E2%80%93_Issued_Building_Permits/FeatureServer/0/query?f=json&geometry=%7B%22x%22%3A+-79.64792236943877%2C+%22y%22%3A+43.60703471387458%2C+%22spatialReference%22%3A+%7B%22wkid%22%3A+4326%7D%7D&geometryType=esriGeometryPoint&inSR=4326&spatialRel=esriSpatialRelIntersects&distance=90&units=esriSRUnit_Meter&outFields=BuildingPermitNumber%2CIssuedDate%2CBuildingPermitType%2CBuildingPermitScope%2CAddress%2CApprovedUse%2CResidentialUnits%2CNonResidentialGFA_m2&outSR=4326&returnGeometry=true"
"72-6152","city-group-88","Elia Land","group-status","Proposed","Elia masterplan proposal retained; current delivery unknown","Retain source massing with cited caveat","Not separately specified","true","false","false","false","Official notice identifies 4615 Hurontario/Elia/Eglinton, nine towers 28–45 storeys and townhomes. Current broker planning pages are not independent approval/completion evidence. Existing retail is retained.","https://www.mississauga.ca/publication/oz-opa-21-8-w4-and-21t-m-21-3-w4-4615-hurontario-street-25-35-55-105-and-110-elia-avenue-and-136-eglinton-avenue-east-2/ ; https://services6.arcgis.com/hM5ymMLbxIyWTjn2/arcgis/rest/services/Growth_Management_%E2%80%93_Issued_Building_Permits/FeatureServer/0/query?f=json&geometry=%7B%22x%22%3A+-79.64792236943877%2C+%22y%22%3A+43.60703471387458%2C+%22spatialReference%22%3A+%7B%22wkid%22%3A+4326%7D%7D&geometryType=esriGeometryPoint&inSR=4326&spatialRel=esriSpatialRelIntersects&distance=90&units=esriSRUnit_Meter&outFields=BuildingPermitNumber%2CIssuedDate%2CBuildingPermitType%2CBuildingPermitScope%2CAddress%2CApprovedUse%2CResidentialUnits%2CNonResidentialGFA_m2&outSR=4326&returnGeometry=true"
"72-6153","city-group-88","Elia Land","group-status","Proposed","Elia masterplan proposal retained; current delivery unknown","Retain source massing with cited caveat","Not separately specified","true","false","false","false","Official notice identifies 4615 Hurontario/Elia/Eglinton, nine towers 28–45 storeys and townhomes. Current broker planning pages are not independent approval/completion evidence. Existing retail is retained.","https://www.mississauga.ca/publication/oz-opa-21-8-w4-and-21t-m-21-3-w4-4615-hurontario-street-25-35-55-105-and-110-elia-avenue-and-136-eglinton-avenue-east-2/ ; https://services6.arcgis.com/hM5ymMLbxIyWTjn2/arcgis/rest/services/Growth_Management_%E2%80%93_Issued_Building_Permits/FeatureServer/0/query?f=json&geometry=%7B%22x%22%3A+-79.64792236943877%2C+%22y%22%3A+43.60703471387458%2C+%22spatialReference%22%3A+%7B%22wkid%22%3A+4326%7D%7D&geometryType=esriGeometryPoint&inSR=4326&spatialRel=esriSpatialRelIntersects&distance=90&units=esriSRUnit_Meter&outFields=BuildingPermitNumber%2CIssuedDate%2CBuildingPermitType%2CBuildingPermitScope%2CAddress%2CApprovedUse%2CResidentialUnits%2CNonResidentialGFA_m2&outSR=4326&returnGeometry=true"
"72-6154","city-group-88","Elia Land","group-status","Proposed","Elia masterplan proposal retained; current delivery unknown","Retain source massing with cited caveat","Not separately specified","true","false","false","false","Official notice identifies 4615 Hurontario/Elia/Eglinton, nine towers 28–45 storeys and townhomes. Current broker planning pages are not independent approval/completion evidence. Existing retail is retained.","https://www.mississauga.ca/publication/oz-opa-21-8-w4-and-21t-m-21-3-w4-4615-hurontario-street-25-35-55-105-and-110-elia-avenue-and-136-eglinton-avenue-east-2/ ; https://services6.arcgis.com/hM5ymMLbxIyWTjn2/arcgis/rest/services/Growth_Management_%E2%80%93_Issued_Building_Permits/FeatureServer/0/query?f=json&geometry=%7B%22x%22%3A+-79.64792236943877%2C+%22y%22%3A+43.60703471387458%2C+%22spatialReference%22%3A+%7B%22wkid%22%3A+4326%7D%7D&geometryType=esriGeometryPoint&inSR=4326&spatialRel=esriSpatialRelIntersects&distance=90&units=esriSRUnit_Meter&outFields=BuildingPermitNumber%2CIssuedDate%2CBuildingPermitType%2CBuildingPermitScope%2CAddress%2CApprovedUse%2CResidentialUnits%2CNonResidentialGFA_m2&outSR=4326&returnGeometry=true"
"72-6155","city-group-88","Elia Land","group-status","Proposed","Elia masterplan proposal retained; current delivery unknown","Retain source massing with cited caveat","Not separately specified","true","false","false","false","Official notice identifies 4615 Hurontario/Elia/Eglinton, nine towers 28–45 storeys and townhomes. Current broker planning pages are not independent approval/completion evidence. Existing retail is retained.","https://www.mississauga.ca/publication/oz-opa-21-8-w4-and-21t-m-21-3-w4-4615-hurontario-street-25-35-55-105-and-110-elia-avenue-and-136-eglinton-avenue-east-2/ ; https://services6.arcgis.com/hM5ymMLbxIyWTjn2/arcgis/rest/services/Growth_Management_%E2%80%93_Issued_Building_Permits/FeatureServer/0/query?f=json&geometry=%7B%22x%22%3A+-79.64792236943877%2C+%22y%22%3A+43.60703471387458%2C+%22spatialReference%22%3A+%7B%22wkid%22%3A+4326%7D%7D&geometryType=esriGeometryPoint&inSR=4326&spatialRel=esriSpatialRelIntersects&distance=90&units=esriSRUnit_Meter&outFields=BuildingPermitNumber%2CIssuedDate%2CBuildingPermitType%2CBuildingPermitScope%2CAddress%2CApprovedUse%2CResidentialUnits%2CNonResidentialGFA_m2&outSR=4326&returnGeometry=true"
"72-6156","city-group-88","Elia Land","group-status","Proposed","Elia masterplan proposal retained; current delivery unknown","Retain source massing with cited caveat","Not separately specified","true","false","false","false","Official notice identifies 4615 Hurontario/Elia/Eglinton, nine towers 28–45 storeys and townhomes. Current broker planning pages are not independent approval/completion evidence. Existing retail is retained.","https://www.mississauga.ca/publication/oz-opa-21-8-w4-and-21t-m-21-3-w4-4615-hurontario-street-25-35-55-105-and-110-elia-avenue-and-136-eglinton-avenue-east-2/ ; https://services6.arcgis.com/hM5ymMLbxIyWTjn2/arcgis/rest/services/Growth_Management_%E2%80%93_Issued_Building_Permits/FeatureServer/0/query?f=json&geometry=%7B%22x%22%3A+-79.64792236943877%2C+%22y%22%3A+43.60703471387458%2C+%22spatialReference%22%3A+%7B%22wkid%22%3A+4326%7D%7D&geometryType=esriGeometryPoint&inSR=4326&spatialRel=esriSpatialRelIntersects&distance=90&units=esriSRUnit_Meter&outFields=BuildingPermitNumber%2CIssuedDate%2CBuildingPermitType%2CBuildingPermitScope%2CAddress%2CApprovedUse%2CResidentialUnits%2CNonResidentialGFA_m2&outSR=4326&returnGeometry=true"
"72-6157","city-group-88","Elia Land","group-status","Proposed","Elia masterplan proposal retained; current delivery unknown","Retain source massing with cited caveat","Not separately specified","true","false","false","false","Official notice identifies 4615 Hurontario/Elia/Eglinton, nine towers 28–45 storeys and townhomes. Current broker planning pages are not independent approval/completion evidence. Existing retail is retained.","https://www.mississauga.ca/publication/oz-opa-21-8-w4-and-21t-m-21-3-w4-4615-hurontario-street-25-35-55-105-and-110-elia-avenue-and-136-eglinton-avenue-east-2/ ; https://services6.arcgis.com/hM5ymMLbxIyWTjn2/arcgis/rest/services/Growth_Management_%E2%80%93_Issued_Building_Permits/FeatureServer/0/query?f=json&geometry=%7B%22x%22%3A+-79.64792236943877%2C+%22y%22%3A+43.60703471387458%2C+%22spatialReference%22%3A+%7B%22wkid%22%3A+4326%7D%7D&geometryType=esriGeometryPoint&inSR=4326&spatialRel=esriSpatialRelIntersects&distance=90&units=esriSRUnit_Meter&outFields=BuildingPermitNumber%2CIssuedDate%2CBuildingPermitType%2CBuildingPermitScope%2CAddress%2CApprovedUse%2CResidentialUnits%2CNonResidentialGFA_m2&outSR=4326&returnGeometry=true"
"72-6158","city-group-88","Elia Land","group-status","Proposed","Elia masterplan proposal retained; current delivery unknown","Retain source massing with cited caveat","Not separately specified","true","false","false","false","Official notice identifies 4615 Hurontario/Elia/Eglinton, nine towers 28–45 storeys and townhomes. Current broker planning pages are not independent approval/completion evidence. Existing retail is retained.","https://www.mississauga.ca/publication/oz-opa-21-8-w4-and-21t-m-21-3-w4-4615-hurontario-street-25-35-55-105-and-110-elia-avenue-and-136-eglinton-avenue-east-2/ ; https://services6.arcgis.com/hM5ymMLbxIyWTjn2/arcgis/rest/services/Growth_Management_%E2%80%93_Issued_Building_Permits/FeatureServer/0/query?f=json&geometry=%7B%22x%22%3A+-79.64792236943877%2C+%22y%22%3A+43.60703471387458%2C+%22spatialReference%22%3A+%7B%22wkid%22%3A+4326%7D%7D&geometryType=esriGeometryPoint&inSR=4326&spatialRel=esriSpatialRelIntersects&distance=90&units=esriSRUnit_Meter&outFields=BuildingPermitNumber%2CIssuedDate%2CBuildingPermitType%2CBuildingPermitScope%2CAddress%2CApprovedUse%2CResidentialUnits%2CNonResidentialGFA_m2&outSR=4326&returnGeometry=true"
"72-6159","city-group-88","Elia Land","group-status","Proposed","Elia masterplan proposal retained; current delivery unknown","Retain source massing with cited caveat","Not separately specified","true","false","false","false","Official notice identifies 4615 Hurontario/Elia/Eglinton, nine towers 28–45 storeys and townhomes. Current broker planning pages are not independent approval/completion evidence. Existing retail is retained.","https://www.mississauga.ca/publication/oz-opa-21-8-w4-and-21t-m-21-3-w4-4615-hurontario-street-25-35-55-105-and-110-elia-avenue-and-136-eglinton-avenue-east-2/ ; https://services6.arcgis.com/hM5ymMLbxIyWTjn2/arcgis/rest/services/Growth_Management_%E2%80%93_Issued_Building_Permits/FeatureServer/0/query?f=json&geometry=%7B%22x%22%3A+-79.64792236943877%2C+%22y%22%3A+43.60703471387458%2C+%22spatialReference%22%3A+%7B%22wkid%22%3A+4326%7D%7D&geometryType=esriGeometryPoint&inSR=4326&spatialRel=esriSpatialRelIntersects&distance=90&units=esriSRUnit_Meter&outFields=BuildingPermitNumber%2CIssuedDate%2CBuildingPermitType%2CBuildingPermitScope%2CAddress%2CApprovedUse%2CResidentialUnits%2CNonResidentialGFA_m2&outSR=4326&returnGeometry=true"
"72-6160","city-group-88","Elia Land","group-status","Proposed","Elia masterplan proposal retained; current delivery unknown","Retain source massing with cited caveat","Not separately specified","true","false","false","false","Official notice identifies 4615 Hurontario/Elia/Eglinton, nine towers 28–45 storeys and townhomes. Current broker planning pages are not independent approval/completion evidence. Existing retail is retained.","https://www.mississauga.ca/publication/oz-opa-21-8-w4-and-21t-m-21-3-w4-4615-hurontario-street-25-35-55-105-and-110-elia-avenue-and-136-eglinton-avenue-east-2/ ; https://services6.arcgis.com/hM5ymMLbxIyWTjn2/arcgis/rest/services/Growth_Management_%E2%80%93_Issued_Building_Permits/FeatureServer/0/query?f=json&geometry=%7B%22x%22%3A+-79.64792236943877%2C+%22y%22%3A+43.60703471387458%2C+%22spatialReference%22%3A+%7B%22wkid%22%3A+4326%7D%7D&geometryType=esriGeometryPoint&inSR=4326&spatialRel=esriSpatialRelIntersects&distance=90&units=esriSRUnit_Meter&outFields=BuildingPermitNumber%2CIssuedDate%2CBuildingPermitType%2CBuildingPermitScope%2CAddress%2CApprovedUse%2CResidentialUnits%2CNonResidentialGFA_m2&outSR=4326&returnGeometry=true"
"72-6161","city-group-88","Elia Land","group-status","Proposed","Elia masterplan proposal retained; current delivery unknown","Retain source massing with cited caveat","Not separately specified","true","false","false","false","Official notice identifies 4615 Hurontario/Elia/Eglinton, nine towers 28–45 storeys and townhomes. Current broker planning pages are not independent approval/completion evidence. Existing retail is retained.","https://www.mississauga.ca/publication/oz-opa-21-8-w4-and-21t-m-21-3-w4-4615-hurontario-street-25-35-55-105-and-110-elia-avenue-and-136-eglinton-avenue-east-2/ ; https://services6.arcgis.com/hM5ymMLbxIyWTjn2/arcgis/rest/services/Growth_Management_%E2%80%93_Issued_Building_Permits/FeatureServer/0/query?f=json&geometry=%7B%22x%22%3A+-79.64792236943877%2C+%22y%22%3A+43.60703471387458%2C+%22spatialReference%22%3A+%7B%22wkid%22%3A+4326%7D%7D&geometryType=esriGeometryPoint&inSR=4326&spatialRel=esriSpatialRelIntersects&distance=90&units=esriSRUnit_Meter&outFields=BuildingPermitNumber%2CIssuedDate%2CBuildingPermitType%2CBuildingPermitScope%2CAddress%2CApprovedUse%2CResidentialUnits%2CNonResidentialGFA_m2&outSR=4326&returnGeometry=true"
"72-6162","city-group-88","Elia Land","group-status","Proposed","Elia masterplan proposal retained; current delivery unknown","Retain source massing with cited caveat","Not separately specified","true","false","false","false","Official notice identifies 4615 Hurontario/Elia/Eglinton, nine towers 28–45 storeys and townhomes. Current broker planning pages are not independent approval/completion evidence. Existing retail is retained.","https://www.mississauga.ca/publication/oz-opa-21-8-w4-and-21t-m-21-3-w4-4615-hurontario-street-25-35-55-105-and-110-elia-avenue-and-136-eglinton-avenue-east-2/ ; https://services6.arcgis.com/hM5ymMLbxIyWTjn2/arcgis/rest/services/Growth_Management_%E2%80%93_Issued_Building_Permits/FeatureServer/0/query?f=json&geometry=%7B%22x%22%3A+-79.64792236943877%2C+%22y%22%3A+43.60703471387458%2C+%22spatialReference%22%3A+%7B%22wkid%22%3A+4326%7D%7D&geometryType=esriGeometryPoint&inSR=4326&spatialRel=esriSpatialRelIntersects&distance=90&units=esriSRUnit_Meter&outFields=BuildingPermitNumber%2CIssuedDate%2CBuildingPermitType%2CBuildingPermitScope%2CAddress%2CApprovedUse%2CResidentialUnits%2CNonResidentialGFA_m2&outSR=4326&returnGeometry=true"
"72-6163","city-group-88","Elia Land","group-status","Proposed","Elia masterplan proposal retained; current delivery unknown","Retain source massing with cited caveat","Not separately specified","true","false","false","false","Official notice identifies 4615 Hurontario/Elia/Eglinton, nine towers 28–45 storeys and townhomes. Current broker planning pages are not independent approval/completion evidence. Existing retail is retained.","https://www.mississauga.ca/publication/oz-opa-21-8-w4-and-21t-m-21-3-w4-4615-hurontario-street-25-35-55-105-and-110-elia-avenue-and-136-eglinton-avenue-east-2/ ; https://services6.arcgis.com/hM5ymMLbxIyWTjn2/arcgis/rest/services/Growth_Management_%E2%80%93_Issued_Building_Permits/FeatureServer/0/query?f=json&geometry=%7B%22x%22%3A+-79.64792236943877%2C+%22y%22%3A+43.60703471387458%2C+%22spatialReference%22%3A+%7B%22wkid%22%3A+4326%7D%7D&geometryType=esriGeometryPoint&inSR=4326&spatialRel=esriSpatialRelIntersects&distance=90&units=esriSRUnit_Meter&outFields=BuildingPermitNumber%2CIssuedDate%2CBuildingPermitType%2CBuildingPermitScope%2CAddress%2CApprovedUse%2CResidentialUnits%2CNonResidentialGFA_m2&outSR=4326&returnGeometry=true"
"72-6164","city-group-88","Elia Land","group-status","Proposed","Elia masterplan proposal retained; current delivery unknown","Retain source massing with cited caveat","Not separately specified","true","false","false","false","Official notice identifies 4615 Hurontario/Elia/Eglinton, nine towers 28–45 storeys and townhomes. Current broker planning pages are not independent approval/completion evidence. Existing retail is retained.","https://www.mississauga.ca/publication/oz-opa-21-8-w4-and-21t-m-21-3-w4-4615-hurontario-street-25-35-55-105-and-110-elia-avenue-and-136-eglinton-avenue-east-2/ ; https://services6.arcgis.com/hM5ymMLbxIyWTjn2/arcgis/rest/services/Growth_Management_%E2%80%93_Issued_Building_Permits/FeatureServer/0/query?f=json&geometry=%7B%22x%22%3A+-79.64792236943877%2C+%22y%22%3A+43.60703471387458%2C+%22spatialReference%22%3A+%7B%22wkid%22%3A+4326%7D%7D&geometryType=esriGeometryPoint&inSR=4326&spatialRel=esriSpatialRelIntersects&distance=90&units=esriSRUnit_Meter&outFields=BuildingPermitNumber%2CIssuedDate%2CBuildingPermitType%2CBuildingPermitScope%2CAddress%2CApprovedUse%2CResidentialUnits%2CNonResidentialGFA_m2&outSR=4326&returnGeometry=true"
"61-3219","city-group-180","Ellengale Public School","group-status","Proposed","Replacement school contracted and permitted; current finish unverified","Retain source massing with cited caveat","Not separately specified","true","false","false","false","School board February 2025 minutes award construction contract and estimate January 2027 completion; City new-building permit issued April 28, 2025. Earlier September 2026 expectation is superseded. No actual completion claimed.","https://peel.cmdesign.imagineeverything.com/documents/d6aed8dc-e4ea-424a-aee3-5d2e7d652bd4/7.3-PPFB_Committee_Minutes_%20February%2025%2C%202025.pdf ; https://services6.arcgis.com/hM5ymMLbxIyWTjn2/arcgis/rest/services/Growth_Management_%E2%80%93_Issued_Building_Permits/FeatureServer/0/query?f=json&geometry=%7B%22x%22%3A+-79.65942386376621%2C+%22y%22%3A+43.56337380605663%2C+%22spatialReference%22%3A+%7B%22wkid%22%3A+4326%7D%7D&geometryType=esriGeometryPoint&inSR=4326&spatialRel=esriSpatialRelIntersects&distance=90&units=esriSRUnit_Meter&outFields=BuildingPermitNumber%2CIssuedDate%2CBuildingPermitType%2CBuildingPermitScope%2CAddress%2CApprovedUse%2CResidentialUnits%2CNonResidentialGFA_m2&outSR=4326&returnGeometry=true"
"12-17032","emtc-northwest","Erin Mills Town Centre — northwest phase","citywide","Proposed","Appealed","Retain source massing with cited caveat","Not separately specified","true","false","false","false","Address coordinates are approximate map pins. City snapshot meshes are source massing, not construction drawings; latest approvals and final detailed architecture may differ. Storeys array gives the documented range, not an inferred tower-by-tower distribution.","https://www.mississauga.ca/services-and-programs/planning-and-development/development-applications/active-development-applications/5100-erin-mills-parkway-oz-opa-24-15-w9/ ; https://urbantoronto.ca/forum/threads/toronto-erin-mills-town-centre-northwest-redevelopment-142-65m-44s-pemberton-bdp-quadrangle.41146/"
"12-17033","emtc-northwest","Erin Mills Town Centre — northwest phase","citywide","Proposed","Appealed","Retain source massing with cited caveat","Not separately specified","true","false","false","false","Address coordinates are approximate map pins. City snapshot meshes are source massing, not construction drawings; latest approvals and final detailed architecture may differ. Storeys array gives the documented range, not an inferred tower-by-tower distribution.","https://www.mississauga.ca/services-and-programs/planning-and-development/development-applications/active-development-applications/5100-erin-mills-parkway-oz-opa-24-15-w9/ ; https://urbantoronto.ca/forum/threads/toronto-erin-mills-town-centre-northwest-redevelopment-142-65m-44s-pemberton-bdp-quadrangle.41146/"
"12-17034","emtc-northwest","Erin Mills Town Centre — northwest phase","citywide","Proposed","Appealed","Retain source massing with cited caveat","Not separately specified","true","false","false","false","Address coordinates are approximate map pins. City snapshot meshes are source massing, not construction drawings; latest approvals and final detailed architecture may differ. Storeys array gives the documented range, not an inferred tower-by-tower distribution.","https://www.mississauga.ca/services-and-programs/planning-and-development/development-applications/active-development-applications/5100-erin-mills-parkway-oz-opa-24-15-w9/ ; https://urbantoronto.ca/forum/threads/toronto-erin-mills-town-centre-northwest-redevelopment-142-65m-44s-pemberton-bdp-quadrangle.41146/"
"12-17035","emtc-northwest","Erin Mills Town Centre — northwest phase","citywide","Proposed","Appealed","Retain source massing with cited caveat","Not separately specified","true","false","false","false","Address coordinates are approximate map pins. City snapshot meshes are source massing, not construction drawings; latest approvals and final detailed architecture may differ. Storeys array gives the documented range, not an inferred tower-by-tower distribution.","https://www.mississauga.ca/services-and-programs/planning-and-development/development-applications/active-development-applications/5100-erin-mills-parkway-oz-opa-24-15-w9/ ; https://urbantoronto.ca/forum/threads/toronto-erin-mills-town-centre-northwest-redevelopment-142-65m-44s-pemberton-bdp-quadrangle.41146/"
"12-17036","emtc-northwest","Erin Mills Town Centre — northwest phase","citywide","Proposed","Appealed","Retain source massing with cited caveat","Not separately specified","true","false","false","false","Address coordinates are approximate map pins. City snapshot meshes are source massing, not construction drawings; latest approvals and final detailed architecture may differ. Storeys array gives the documented range, not an inferred tower-by-tower distribution.","https://www.mississauga.ca/services-and-programs/planning-and-development/development-applications/active-development-applications/5100-erin-mills-parkway-oz-opa-24-15-w9/ ; https://urbantoronto.ca/forum/threads/toronto-erin-mills-town-centre-northwest-redevelopment-142-65m-44s-pemberton-bdp-quadrangle.41146/"
"12-17037","emtc-northwest","Erin Mills Town Centre — northwest phase","citywide","Proposed","Appealed","Retain source massing with cited caveat","Not separately specified","true","false","false","false","Address coordinates are approximate map pins. City snapshot meshes are source massing, not construction drawings; latest approvals and final detailed architecture may differ. Storeys array gives the documented range, not an inferred tower-by-tower distribution.","https://www.mississauga.ca/services-and-programs/planning-and-development/development-applications/active-development-applications/5100-erin-mills-parkway-oz-opa-24-15-w9/ ; https://urbantoronto.ca/forum/threads/toronto-erin-mills-town-centre-northwest-redevelopment-142-65m-44s-pemberton-bdp-quadrangle.41146/"
"12-17038","emtc-northwest","Erin Mills Town Centre — northwest phase","citywide","Proposed","Appealed","Retain source massing with cited caveat","Not separately specified","true","false","false","false","Address coordinates are approximate map pins. City snapshot meshes are source massing, not construction drawings; latest approvals and final detailed architecture may differ. Storeys array gives the documented range, not an inferred tower-by-tower distribution.","https://www.mississauga.ca/services-and-programs/planning-and-development/development-applications/active-development-applications/5100-erin-mills-parkway-oz-opa-24-15-w9/ ; https://urbantoronto.ca/forum/threads/toronto-erin-mills-town-centre-northwest-redevelopment-142-65m-44s-pemberton-bdp-quadrangle.41146/"
"12-17039","emtc-northwest","Erin Mills Town Centre — northwest phase","citywide","Proposed","Appealed","Retain source massing with cited caveat","Not separately specified","true","false","false","false","Address coordinates are approximate map pins. City snapshot meshes are source massing, not construction drawings; latest approvals and final detailed architecture may differ. Storeys array gives the documented range, not an inferred tower-by-tower distribution.","https://www.mississauga.ca/services-and-programs/planning-and-development/development-applications/active-development-applications/5100-erin-mills-parkway-oz-opa-24-15-w9/ ; https://urbantoronto.ca/forum/threads/toronto-erin-mills-town-centre-northwest-redevelopment-142-65m-44s-pemberton-bdp-quadrangle.41146/"
"12-17040","emtc-northwest","Erin Mills Town Centre — northwest phase","citywide","Proposed","Appealed","Retain source massing with cited caveat","Not separately specified","true","false","false","false","Address coordinates are approximate map pins. City snapshot meshes are source massing, not construction drawings; latest approvals and final detailed architecture may differ. Storeys array gives the documented range, not an inferred tower-by-tower distribution.","https://www.mississauga.ca/services-and-programs/planning-and-development/development-applications/active-development-applications/5100-erin-mills-parkway-oz-opa-24-15-w9/ ; https://urbantoronto.ca/forum/threads/toronto-erin-mills-town-centre-northwest-redevelopment-142-65m-44s-pemberton-bdp-quadrangle.41146/"
"12-17041","emtc-northwest","Erin Mills Town Centre — northwest phase","citywide","Proposed","Appealed","Retain source massing with cited caveat","Not separately specified","true","false","false","false","Address coordinates are approximate map pins. City snapshot meshes are source massing, not construction drawings; latest approvals and final detailed architecture may differ. Storeys array gives the documented range, not an inferred tower-by-tower distribution.","https://www.mississauga.ca/services-and-programs/planning-and-development/development-applications/active-development-applications/5100-erin-mills-parkway-oz-opa-24-15-w9/ ; https://urbantoronto.ca/forum/threads/toronto-erin-mills-town-centre-northwest-redevelopment-142-65m-44s-pemberton-bdp-quadrangle.41146/"
"12-17042","emtc-northwest","Erin Mills Town Centre — northwest phase","citywide","Proposed","Appealed","Retain source massing with cited caveat","Not separately specified","true","false","false","false","Address coordinates are approximate map pins. City snapshot meshes are source massing, not construction drawings; latest approvals and final detailed architecture may differ. Storeys array gives the documented range, not an inferred tower-by-tower distribution.","https://www.mississauga.ca/services-and-programs/planning-and-development/development-applications/active-development-applications/5100-erin-mills-parkway-oz-opa-24-15-w9/ ; https://urbantoronto.ca/forum/threads/toronto-erin-mills-town-centre-northwest-redevelopment-142-65m-44s-pemberton-bdp-quadrangle.41146/"
"12-17043","emtc-northwest","Erin Mills Town Centre — northwest phase","citywide","Proposed","Appealed","Retain source massing with cited caveat","Not separately specified","true","false","false","false","Address coordinates are approximate map pins. City snapshot meshes are source massing, not construction drawings; latest approvals and final detailed architecture may differ. Storeys array gives the documented range, not an inferred tower-by-tower distribution.","https://www.mississauga.ca/services-and-programs/planning-and-development/development-applications/active-development-applications/5100-erin-mills-parkway-oz-opa-24-15-w9/ ; https://urbantoronto.ca/forum/threads/toronto-erin-mills-town-centre-northwest-redevelopment-142-65m-44s-pemberton-bdp-quadrangle.41146/"
"12-17044","emtc-northwest","Erin Mills Town Centre — northwest phase","citywide","Proposed","Appealed","Retain source massing with cited caveat","Not separately specified","true","false","false","false","Address coordinates are approximate map pins. City snapshot meshes are source massing, not construction drawings; latest approvals and final detailed architecture may differ. Storeys array gives the documented range, not an inferred tower-by-tower distribution.","https://www.mississauga.ca/services-and-programs/planning-and-development/development-applications/active-development-applications/5100-erin-mills-parkway-oz-opa-24-15-w9/ ; https://urbantoronto.ca/forum/threads/toronto-erin-mills-town-centre-northwest-redevelopment-142-65m-44s-pemberton-bdp-quadrangle.41146/"
"12-17045","emtc-northwest","Erin Mills Town Centre — northwest phase","citywide","Proposed","Appealed","Retain source massing with cited caveat","Not separately specified","true","false","false","false","Address coordinates are approximate map pins. City snapshot meshes are source massing, not construction drawings; latest approvals and final detailed architecture may differ. Storeys array gives the documented range, not an inferred tower-by-tower distribution.","https://www.mississauga.ca/services-and-programs/planning-and-development/development-applications/active-development-applications/5100-erin-mills-parkway-oz-opa-24-15-w9/ ; https://urbantoronto.ca/forum/threads/toronto-erin-mills-town-centre-northwest-redevelopment-142-65m-44s-pemberton-bdp-quadrangle.41146/"
"12-17046","emtc-northwest","Erin Mills Town Centre — northwest phase","citywide","Proposed","Appealed","Retain source massing with cited caveat","Not separately specified","true","false","false","false","Address coordinates are approximate map pins. City snapshot meshes are source massing, not construction drawings; latest approvals and final detailed architecture may differ. Storeys array gives the documented range, not an inferred tower-by-tower distribution.","https://www.mississauga.ca/services-and-programs/planning-and-development/development-applications/active-development-applications/5100-erin-mills-parkway-oz-opa-24-15-w9/ ; https://urbantoronto.ca/forum/threads/toronto-erin-mills-town-centre-northwest-redevelopment-142-65m-44s-pemberton-bdp-quadrangle.41146/"
"12-17047","emtc-northwest","Erin Mills Town Centre — northwest phase","citywide","Proposed","Appealed","Retain source massing with cited caveat","Not separately specified","true","false","false","false","Address coordinates are approximate map pins. City snapshot meshes are source massing, not construction drawings; latest approvals and final detailed architecture may differ. Storeys array gives the documented range, not an inferred tower-by-tower distribution.","https://www.mississauga.ca/services-and-programs/planning-and-development/development-applications/active-development-applications/5100-erin-mills-parkway-oz-opa-24-15-w9/ ; https://urbantoronto.ca/forum/threads/toronto-erin-mills-town-centre-northwest-redevelopment-142-65m-44s-pemberton-bdp-quadrangle.41146/"
"12-17048","emtc-northwest","Erin Mills Town Centre — northwest phase","citywide","Proposed","Appealed","Retain source massing with cited caveat","Not separately specified","true","false","false","false","Address coordinates are approximate map pins. City snapshot meshes are source massing, not construction drawings; latest approvals and final detailed architecture may differ. Storeys array gives the documented range, not an inferred tower-by-tower distribution.","https://www.mississauga.ca/services-and-programs/planning-and-development/development-applications/active-development-applications/5100-erin-mills-parkway-oz-opa-24-15-w9/ ; https://urbantoronto.ca/forum/threads/toronto-erin-mills-town-centre-northwest-redevelopment-142-65m-44s-pemberton-bdp-quadrangle.41146/"
"91-5022","city-group-78","Erindale Academy School Addition","inventory73-status","Proposed","Application retained; current construction and completion unverified","Retain source massing with cited caveat","Not separately specified","true","false","false","false","April 2026 heritage designation proceedings concern the existing Erindale Academy property. Operating school classes do not complete the proposed two-storey addition.","https://services6.arcgis.com/hM5ymMLbxIyWTjn2/arcgis/rest/services/Growth_Management_%E2%80%93_Active_Development_Applications/FeatureServer/0/query?where=OBJECTID%3D107&outFields=*&outSR=4326&f=pjson ; https://pub-mississauga.escribemeetings.com/Meeting.aspx?Agenda=Merged&Id=9848ad2d-9fa8-4503-a6af-3d59dfcec2eb&lang=English"
"81-2834","city-group-28","Erinview Redevelopment - Retirement Residence","inventory73-status","Proposed","Phase 2 remains an application; construction and completion unverified","Retain source massing with cited caveat","Not separately specified","true","false","false","false","The exact application is a five-storey, 75-unit Phase 2 retirement building. Architect project text explicitly identifies the completed 2020 building as Phase 1 with 58 suites. Chartwell's July 2025 acquisition announcement lists Erinview as 57 existing suites and potential for 140 additional suites on excess land. The changed expansion capacity has not been matched to replacement building geometry.","https://services6.arcgis.com/hM5ymMLbxIyWTjn2/arcgis/rest/services/Growth_Management_%E2%80%93_Active_Development_Applications/FeatureServer/0/query?where=OBJECTID%3D23&outFields=*&outSR=4326&f=pjson ; https://www.ftarchitects.ca/project/erinview-retirement-home/ ; https://www.newswire.ca/news-releases/chartwell-grows-ontario-presence-with-the-acquisition-of-six-retirement-communities-863865151.html"
"81-2835","city-group-28","Erinview Redevelopment - Retirement Residence","inventory73-status","Proposed","Phase 2 remains an application; construction and completion unverified","Retain source massing with cited caveat","Not separately specified","true","false","false","false","The exact application is a five-storey, 75-unit Phase 2 retirement building. Architect project text explicitly identifies the completed 2020 building as Phase 1 with 58 suites. Chartwell's July 2025 acquisition announcement lists Erinview as 57 existing suites and potential for 140 additional suites on excess land. The changed expansion capacity has not been matched to replacement building geometry.","https://services6.arcgis.com/hM5ymMLbxIyWTjn2/arcgis/rest/services/Growth_Management_%E2%80%93_Active_Development_Applications/FeatureServer/0/query?where=OBJECTID%3D23&outFields=*&outSR=4326&f=pjson ; https://www.ftarchitects.ca/project/erinview-retirement-home/ ; https://www.newswire.ca/news-releases/chartwell-grows-ontario-presence-with-the-acquisition-of-six-retirement-communities-863865151.html"
"22-14232","city-group-63","Evergreen retirement addition / 800 Scollard Court","inventory73-status","Proposed","Application retained; current construction and completion unverified","Retain source massing with cited caveat","Not separately specified","true","false","false","false","Architect describes the original 10/12-storey Origin Evergreen phases at 820 Scollard. They do not complete the source five-storey 124-unit assisted-living/memory-care addition at 800 Scollard.","https://services6.arcgis.com/hM5ymMLbxIyWTjn2/arcgis/rest/services/Growth_Management_%E2%80%93_Active_Development_Applications/FeatureServer/0/query?where=OBJECTID%3D151&outFields=*&outSR=4326&f=pjson ; https://aainc.ca/projects/seniors/origin-evergreen"
"63-6197","exchange-south","Exchange District South /The Southlands","downtown","Proposed","proposed","Retain source massing with cited caveat","false","true","false","false","false","Municipal geometry appears to retain earlier 70-storey tallest variant; latest published count is 72. Preserve dated geometry with explicit version warning.","https://urbantoronto.ca/database/projects/southlands.48305 ; https://www.mississauga.ca/wp-content/uploads/2025/01/15082458/MOPA177-jan-2025.pdf ; https://pub-mississauga.escribemeetings.com/filestream.ashx?DocumentId=83367"
"63-6198","exchange-south","Exchange District South /The Southlands","downtown","Proposed","proposed","Retain source massing with cited caveat","false","true","false","false","false","Municipal geometry appears to retain earlier 70-storey tallest variant; latest published count is 72. Preserve dated geometry with explicit version warning.","https://urbantoronto.ca/database/projects/southlands.48305 ; https://www.mississauga.ca/wp-content/uploads/2025/01/15082458/MOPA177-jan-2025.pdf ; https://pub-mississauga.escribemeetings.com/filestream.ashx?DocumentId=83367"
"63-6199","exchange-south","Exchange District South /The Southlands","downtown","Proposed","proposed","Retain source massing with cited caveat","false","true","false","false","false","Municipal geometry appears to retain earlier 70-storey tallest variant; latest published count is 72. Preserve dated geometry with explicit version warning.","https://urbantoronto.ca/database/projects/southlands.48305 ; https://www.mississauga.ca/wp-content/uploads/2025/01/15082458/MOPA177-jan-2025.pdf ; https://pub-mississauga.escribemeetings.com/filestream.ashx?DocumentId=83367"
"63-6200","exchange-south","Exchange District South /The Southlands","downtown","Proposed","proposed","Retain source massing with cited caveat","false","true","false","false","false","Municipal geometry appears to retain earlier 70-storey tallest variant; latest published count is 72. Preserve dated geometry with explicit version warning.","https://urbantoronto.ca/database/projects/southlands.48305 ; https://www.mississauga.ca/wp-content/uploads/2025/01/15082458/MOPA177-jan-2025.pdf ; https://pub-mississauga.escribemeetings.com/filestream.ashx?DocumentId=83367"
"63-6201","exchange-south","Exchange District South /The Southlands","downtown","Proposed","proposed","Retain source massing with cited caveat","false","true","false","false","false","Municipal geometry appears to retain earlier 70-storey tallest variant; latest published count is 72. Preserve dated geometry with explicit version warning.","https://urbantoronto.ca/database/projects/southlands.48305 ; https://www.mississauga.ca/wp-content/uploads/2025/01/15082458/MOPA177-jan-2025.pdf ; https://pub-mississauga.escribemeetings.com/filestream.ashx?DocumentId=83367"
"63-6155","exchange-district","Exchange District: EX1, EX2, EX3 and EXS","downtown","Existing","under-construction-partly-completed","reclassify as design/construction, not observed Existing","false","true","false","false","false","City records named NewBldgsA_B and NewMassingC_D together contain four complete design forms. They overlap the dated construction capture and the separate proposed EX3 component. Keep these full design meshes once in the reviewed future and remove them from the observed-capture baseline. Their vertical extents of 193.5 m and 230.5 m differ from the published architectural heights of 201 m and 232 m; preserve their geometry and disclose the discrepancy.","https://urbantoronto.ca/news/2024/12/mississaugas-high-point-passes-exchange-district-condos.57488 ; https://services6.arcgis.com/hM5ymMLbxIyWTjn2/arcgis/rest/services/Growth_Management_%E2%80%93_Issued_Building_Permits/FeatureServer/0"
"63-6156","exchange-district","Exchange District: EX1, EX2, EX3 and EXS","downtown","Existing","under-construction-partly-completed","reclassify as design/construction, not observed Existing","false","true","false","false","false","City records named NewBldgsA_B and NewMassingC_D together contain four complete design forms. They overlap the dated construction capture and the separate proposed EX3 component. Keep these full design meshes once in the reviewed future and remove them from the observed-capture baseline. Their vertical extents of 193.5 m and 230.5 m differ from the published architectural heights of 201 m and 232 m; preserve their geometry and disclose the discrepancy.","https://urbantoronto.ca/news/2024/12/mississaugas-high-point-passes-exchange-district-condos.57488 ; https://services6.arcgis.com/hM5ymMLbxIyWTjn2/arcgis/rest/services/Growth_Management_%E2%80%93_Issued_Building_Permits/FeatureServer/0"
"63-6189","exchange-district","Exchange District: EX1, EX2, EX3 and EXS","downtown","Proposed","duplicate-earlier-design","Exclude duplicate design","false","false","false","true","false","The proposed 215 m tower and podium coincide with the northern tower already represented in 63-6156. The issued permit at 135 City Centre Drive supports the identity. These are duplicate versions of EX3, not a fifth Exchange tower. Preserve them in the raw source archive but omit them from the reviewed future.","https://urbantoronto.ca/news/2024/12/mississaugas-high-point-passes-exchange-district-condos.57488 ; https://services6.arcgis.com/hM5ymMLbxIyWTjn2/arcgis/rest/services/Growth_Management_%E2%80%93_Issued_Building_Permits/FeatureServer/0"
"63-6190","exchange-district","Exchange District: EX1, EX2, EX3 and EXS","downtown","Proposed","duplicate-earlier-design","Exclude duplicate design","false","false","false","true","false","The proposed 215 m tower and podium coincide with the northern tower already represented in 63-6156. The issued permit at 135 City Centre Drive supports the identity. These are duplicate versions of EX3, not a fifth Exchange tower. Preserve them in the raw source archive but omit them from the reviewed future.","https://urbantoronto.ca/news/2024/12/mississaugas-high-point-passes-exchange-district-condos.57488 ; https://services6.arcgis.com/hM5ymMLbxIyWTjn2/arcgis/rest/services/Growth_Management_%E2%80%93_Issued_Building_Permits/FeatureServer/0"
"63-6253","exchange-district","Exchange District: EX1, EX2, EX3 and EXS","downtown","Under Construction","dated-construction-capture","Retain dated capture in baseline only","true","false","false","true","false","This 137.09 m capture occupies the Exchange construction site and overlaps the full design records. It must be hidden when the complete design meshes are shown. Keep it only in the separately dated capture scenario. The high-level projection confirms overlap with record 63-6155; the incomplete eastern structure lies below that projection threshold.","https://urbantoronto.ca/news/2024/12/mississaugas-high-point-passes-exchange-district-condos.57488 ; https://services6.arcgis.com/hM5ymMLbxIyWTjn2/arcgis/rest/services/Growth_Management_%E2%80%93_Issued_Building_Permits/FeatureServer/0"
"83-1950","city-group-158","Fire Station #103 Renovation & Addition","group-status","Proposed","Fire Station 103 renovation permitted; completion unknown","Retain source version in violet; exclude from strict verified scenario","Not separately specified","true","false","false","true","City construction-manager award covers Stations 103/111; addition permit at exact 2035 Lushes issued August 5, 2025. No current reopening/actual finish evidence found.","https://www.mississauga.ca/wp-content/uploads/2024/08/08093225/July_2024_Competitive_Acquisitions_Report.pdf ; https://services6.arcgis.com/hM5ymMLbxIyWTjn2/arcgis/rest/services/Growth_Management_%E2%80%93_Issued_Building_Permits/FeatureServer/0/query?f=json&geometry=%7B%22x%22%3A+-79.62833297011105%2C+%22y%22%3A+43.510568916774965%2C+%22spatialReference%22%3A+%7B%22wkid%22%3A+4326%7D%7D&geometryType=esriGeometryPoint&inSR=4326&spatialRel=esriSpatialRelIntersects&distance=90&units=esriSRUnit_Meter&outFields=BuildingPermitNumber%2CIssuedDate%2CBuildingPermitType%2CBuildingPermitScope%2CAddress%2CApprovedUse%2CResidentialUnits%2CNonResidentialGFA_m2&outSR=4326&returnGeometry=true"
"13-11438","city-group-70","Fire Station #111 - Renovation & Addition","group-status","Proposed","Renovation scheduled and permitted; reopening unverified","Retain source version in violet; exclude from strict verified scenario","Not separately specified","true","false","false","true","Ward 9 notice expected August 2025 start and mid-2026 finish. City addition/alteration permit issued September 3, 2025. The elapsed target is not proof of reopening; temporary operations do not complete the renovation.","https://ward9.ca/ward-9-development/ ; https://www.mississauga.ca/wp-content/uploads/2024/08/08093225/July_2024_Competitive_Acquisitions_Report.pdf ; https://services6.arcgis.com/hM5ymMLbxIyWTjn2/arcgis/rest/services/Growth_Management_%E2%80%93_Issued_Building_Permits/FeatureServer/0/query?f=json&geometry=%7B%22x%22%3A+-79.76434312244024%2C+%22y%22%3A+43.59349323819572%2C+%22spatialReference%22%3A+%7B%22wkid%22%3A+4326%7D%7D&geometryType=esriGeometryPoint&inSR=4326&spatialRel=esriSpatialRelIntersects&distance=90&units=esriSRUnit_Meter&outFields=BuildingPermitNumber%2CIssuedDate%2CBuildingPermitType%2CBuildingPermitScope%2CAddress%2CApprovedUse%2CResidentialUnits%2CNonResidentialGFA_m2&outSR=4326&returnGeometry=true"
"73-4280","fieldgate-3403","Forest Glen plaza / 3403–3445 Fieldgate","citywide","Proposed","Under review","Retain source massing with cited caveat","Not separately specified","true","false","false","false","Address coordinates are approximate map pins. City snapshot meshes are source massing, not construction drawings; latest approvals and final detailed architecture may differ.","https://www.mississauga.ca/services-and-programs/planning-and-development/development-applications/active-development-applications/3403-to-3445-fieldgate-drive-oz-opa-25-1-w3/ ; https://urbantoronto.ca/news/2024/12/trio-towers-proposed-replace-plaza-fieldgate-and-bloor-mississauga.57552"
"73-4281","fieldgate-3403","Forest Glen plaza / 3403–3445 Fieldgate","citywide","Proposed","Under review","Retain source massing with cited caveat","Not separately specified","true","false","false","false","Address coordinates are approximate map pins. City snapshot meshes are source massing, not construction drawings; latest approvals and final detailed architecture may differ.","https://www.mississauga.ca/services-and-programs/planning-and-development/development-applications/active-development-applications/3403-to-3445-fieldgate-drive-oz-opa-25-1-w3/ ; https://urbantoronto.ca/news/2024/12/trio-towers-proposed-replace-plaza-fieldgate-and-bloor-mississauga.57552"
"73-4282","fieldgate-3403","Forest Glen plaza / 3403–3445 Fieldgate","citywide","Proposed","Under review","Retain source massing with cited caveat","Not separately specified","true","false","false","false","Address coordinates are approximate map pins. City snapshot meshes are source massing, not construction drawings; latest approvals and final detailed architecture may differ.","https://www.mississauga.ca/services-and-programs/planning-and-development/development-applications/active-development-applications/3403-to-3445-fieldgate-drive-oz-opa-25-1-w3/ ; https://urbantoronto.ca/news/2024/12/trio-towers-proposed-replace-plaza-fieldgate-and-bloor-mississauga.57552"
"73-4283","fieldgate-3403","Forest Glen plaza / 3403–3445 Fieldgate","citywide","Proposed","Under review","Retain source massing with cited caveat","Not separately specified","true","false","false","false","Address coordinates are approximate map pins. City snapshot meshes are source massing, not construction drawings; latest approvals and final detailed architecture may differ.","https://www.mississauga.ca/services-and-programs/planning-and-development/development-applications/active-development-applications/3403-to-3445-fieldgate-drive-oz-opa-25-1-w3/ ; https://urbantoronto.ca/news/2024/12/trio-towers-proposed-replace-plaza-fieldgate-and-bloor-mississauga.57552"
"73-4284","fieldgate-3403","Forest Glen plaza / 3403–3445 Fieldgate","citywide","Proposed","Under review","Retain source massing with cited caveat","Not separately specified","true","false","false","false","Address coordinates are approximate map pins. City snapshot meshes are source massing, not construction drawings; latest approvals and final detailed architecture may differ.","https://www.mississauga.ca/services-and-programs/planning-and-development/development-applications/active-development-applications/3403-to-3445-fieldgate-drive-oz-opa-25-1-w3/ ; https://urbantoronto.ca/news/2024/12/trio-towers-proposed-replace-plaza-fieldgate-and-bloor-mississauga.57552"
"73-4285","fieldgate-3403","Forest Glen plaza / 3403–3445 Fieldgate","citywide","Proposed","Under review","Retain source massing with cited caveat","Not separately specified","true","false","false","false","Address coordinates are approximate map pins. City snapshot meshes are source massing, not construction drawings; latest approvals and final detailed architecture may differ.","https://www.mississauga.ca/services-and-programs/planning-and-development/development-applications/active-development-applications/3403-to-3445-fieldgate-drive-oz-opa-25-1-w3/ ; https://urbantoronto.ca/news/2024/12/trio-towers-proposed-replace-plaza-fieldgate-and-bloor-mississauga.57552"
"73-4286","fieldgate-3403","Forest Glen plaza / 3403–3445 Fieldgate","citywide","Proposed","Under review","Retain source massing with cited caveat","Not separately specified","true","false","false","false","Address coordinates are approximate map pins. City snapshot meshes are source massing, not construction drawings; latest approvals and final detailed architecture may differ.","https://www.mississauga.ca/services-and-programs/planning-and-development/development-applications/active-development-applications/3403-to-3445-fieldgate-drive-oz-opa-25-1-w3/ ; https://urbantoronto.ca/news/2024/12/trio-towers-proposed-replace-plaza-fieldgate-and-bloor-mississauga.57552"
"32-920","city-group-101","Galaxy Banquet Hall","inventory73-status","Proposed","Application retained; current construction and completion unverified","Retain source massing with cited caveat","Not separately specified","true","false","false","false","Current warehouse occupants do not complete a specific banquet-hall conversion. The 2022 Hilton Bloom certificate names 455 Gibraltar as an owner address, not the hotel project site; it is rejected as completion evidence for this group.","https://services6.arcgis.com/hM5ymMLbxIyWTjn2/arcgis/rest/services/Growth_Management_%E2%80%93_Active_Development_Applications/FeatureServer/0/query?where=OBJECTID%3D70&outFields=*&outSR=4326&f=pjson"
"32-921","city-group-102","Hampton Inn & Suites proposal / 110 Derry Road East","group-status","Proposed","New Hampton project permitted; opening unverified","Retain source massing with cited caveat","Not separately specified","true","false","false","false","Correct source location is 110 Derry Road East, not operating Hampton at Caroga Drive. Official Hilton 2024 franchise disclosure lists signed but not open; City issued new 7,025 m² building permit June 23, 2026.","https://hmd-wp.go-vip.net/wp-content/uploads/2024/07/2024-Canada-Hampton-FDD.pdf ; https://services6.arcgis.com/hM5ymMLbxIyWTjn2/arcgis/rest/services/Growth_Management_%E2%80%93_Issued_Building_Permits/FeatureServer/0/query?f=json&geometry=%7B%22x%22%3A+-79.70332695939817%2C+%22y%22%3A+43.64806135173603%2C+%22spatialReference%22%3A+%7B%22wkid%22%3A+4326%7D%7D&geometryType=esriGeometryPoint&inSR=4326&spatialRel=esriSpatialRelIntersects&distance=90&units=esriSRUnit_Meter&outFields=BuildingPermitNumber%2CIssuedDate%2CBuildingPermitType%2CBuildingPermitScope%2CAddress%2CApprovedUse%2CResidentialUnits%2CNonResidentialGFA_m2&outSR=4326&returnGeometry=true"
"51-5299","city-group-145","Hilton Garden Inn","inventory73-status","Proposed","Application retained; current construction and completion unverified","Retain source massing with cited caveat","Not separately specified","true","false","false","false","April 2025 City adjustment record concerns proposed hotel construction at 3645 Platinum. Unrelated operating Hilton hotels or office addresses do not establish this hotel open.","https://services6.arcgis.com/hM5ymMLbxIyWTjn2/arcgis/rest/services/Growth_Management_%E2%80%93_Active_Development_Applications/FeatureServer/0/query?where=OBJECTID%3D88&outFields=*&outSR=4326&f=pjson ; https://pub-mississauga.escribemeetings.com/FileStream.ashx?DocumentId=71666"
"51-5300","city-group-145","Hilton Garden Inn","inventory73-status","Proposed","Application retained; current construction and completion unverified","Retain source massing with cited caveat","Not separately specified","true","false","false","false","April 2025 City adjustment record concerns proposed hotel construction at 3645 Platinum. Unrelated operating Hilton hotels or office addresses do not establish this hotel open.","https://services6.arcgis.com/hM5ymMLbxIyWTjn2/arcgis/rest/services/Growth_Management_%E2%80%93_Active_Development_Applications/FeatureServer/0/query?where=OBJECTID%3D88&outFields=*&outSR=4326&f=pjson ; https://pub-mississauga.escribemeetings.com/FileStream.ashx?DocumentId=71666"
"102-7060","lakeview-dxe","Lakeview DXE Club","waterfront","Proposed","Under construction; topped off July 2026","Update status to under construction","Not separately specified","true","false","false","false","PCL construction report dated July 8, 2026 confirms the eight- and twelve-storey development topped off. Source status Proposed is stale.","https://canada.constructconnect.com/dcn/news/projects/2026/07/pcl-construction-tops-off-lakeview-dxe-club-condo-development?lang=es%2Ffeed ; https://www.ksvadvisory.com/docs/default-source/insolvency-case-documents/vandyk/receivership-proceedings/kingsett-mortgage-corporation-and-dorr-capital-corporation-v-vandyk---uptowns-limited-et-al/reports/vandyk---3rd-report-of-the-receiver---final.pdf?sfvrsn=dc3126b6_3"
"102-7061","lakeview-dxe","Lakeview DXE Club","waterfront","Proposed","Under construction; topped off July 2026","Update status to under construction","Not separately specified","true","false","false","false","PCL construction report dated July 8, 2026 confirms the eight- and twelve-storey development topped off. Source status Proposed is stale.","https://canada.constructconnect.com/dcn/news/projects/2026/07/pcl-construction-tops-off-lakeview-dxe-club-condo-development?lang=es%2Ffeed ; https://www.ksvadvisory.com/docs/default-source/insolvency-case-documents/vandyk/receivership-proceedings/kingsett-mortgage-corporation-and-dorr-capital-corporation-v-vandyk---uptowns-limited-et-al/reports/vandyk---3rd-report-of-the-receiver---final.pdf?sfvrsn=dc3126b6_3"
"102-7062","lakeview-dxe","Lakeview DXE Club","waterfront","Proposed","Under construction; topped off July 2026","Update status to under construction","Not separately specified","true","false","false","false","PCL construction report dated July 8, 2026 confirms the eight- and twelve-storey development topped off. Source status Proposed is stale.","https://canada.constructconnect.com/dcn/news/projects/2026/07/pcl-construction-tops-off-lakeview-dxe-club-condo-development?lang=es%2Ffeed ; https://www.ksvadvisory.com/docs/default-source/insolvency-case-documents/vandyk/receivership-proceedings/kingsett-mortgage-corporation-and-dorr-capital-corporation-v-vandyk---uptowns-limited-et-al/reports/vandyk---3rd-report-of-the-receiver---final.pdf?sfvrsn=dc3126b6_3"
"102-7063","lakeview-dxe","Lakeview DXE Club","waterfront","Proposed","Under construction; topped off July 2026","Update status to under construction","Not separately specified","true","false","false","false","PCL construction report dated July 8, 2026 confirms the eight- and twelve-storey development topped off. Source status Proposed is stale.","https://canada.constructconnect.com/dcn/news/projects/2026/07/pcl-construction-tops-off-lakeview-dxe-club-condo-development?lang=es%2Ffeed ; https://www.ksvadvisory.com/docs/default-source/insolvency-case-documents/vandyk/receivership-proceedings/kingsett-mortgage-corporation-and-dorr-capital-corporation-v-vandyk---uptowns-limited-et-al/reports/vandyk---3rd-report-of-the-receiver---final.pdf?sfvrsn=dc3126b6_3"
"102-7064","lakeview-dxe","Lakeview DXE Club","waterfront","Proposed","Under construction; topped off July 2026","Update status to under construction","Not separately specified","true","false","false","false","PCL construction report dated July 8, 2026 confirms the eight- and twelve-storey development topped off. Source status Proposed is stale.","https://canada.constructconnect.com/dcn/news/projects/2026/07/pcl-construction-tops-off-lakeview-dxe-club-condo-development?lang=es%2Ffeed ; https://www.ksvadvisory.com/docs/default-source/insolvency-case-documents/vandyk/receivership-proceedings/kingsett-mortgage-corporation-and-dorr-capital-corporation-v-vandyk---uptowns-limited-et-al/reports/vandyk---3rd-report-of-the-receiver---final.pdf?sfvrsn=dc3126b6_3"
"102-7065","lakeview-dxe","Lakeview DXE Club","waterfront","Proposed","Under construction; topped off July 2026","Update status to under construction","Not separately specified","true","false","false","false","PCL construction report dated July 8, 2026 confirms the eight- and twelve-storey development topped off. Source status Proposed is stale.","https://canada.constructconnect.com/dcn/news/projects/2026/07/pcl-construction-tops-off-lakeview-dxe-club-condo-development?lang=es%2Ffeed ; https://www.ksvadvisory.com/docs/default-source/insolvency-case-documents/vandyk/receivership-proceedings/kingsett-mortgage-corporation-and-dorr-capital-corporation-v-vandyk---uptowns-limited-et-al/reports/vandyk---3rd-report-of-the-receiver---final.pdf?sfvrsn=dc3126b6_3"
"102-7066","lakeview-dxe","Lakeview DXE Club","waterfront","Proposed","Under construction; topped off July 2026","Update status to under construction","Not separately specified","true","false","false","false","PCL construction report dated July 8, 2026 confirms the eight- and twelve-storey development topped off. Source status Proposed is stale.","https://canada.constructconnect.com/dcn/news/projects/2026/07/pcl-construction-tops-off-lakeview-dxe-club-condo-development?lang=es%2Ffeed ; https://www.ksvadvisory.com/docs/default-source/insolvency-case-documents/vandyk/receivership-proceedings/kingsett-mortgage-corporation-and-dorr-capital-corporation-v-vandyk---uptowns-limited-et-al/reports/vandyk---3rd-report-of-the-receiver---final.pdf?sfvrsn=dc3126b6_3"
"102-7067","lakeview-dxe","Lakeview DXE Club","waterfront","Proposed","Under construction; topped off July 2026","Update status to under construction","Not separately specified","true","false","false","false","PCL construction report dated July 8, 2026 confirms the eight- and twelve-storey development topped off. Source status Proposed is stale.","https://canada.constructconnect.com/dcn/news/projects/2026/07/pcl-construction-tops-off-lakeview-dxe-club-condo-development?lang=es%2Ffeed ; https://www.ksvadvisory.com/docs/default-source/insolvency-case-documents/vandyk/receivership-proceedings/kingsett-mortgage-corporation-and-dorr-capital-corporation-v-vandyk---uptowns-limited-et-al/reports/vandyk---3rd-report-of-the-receiver---final.pdf?sfvrsn=dc3126b6_3"
"103-1077","lakeview-master","Lakeview Village","waterfront","Proposed","Infrastructure and first residential phase under construction","Retain source version in violet; exclude from strict verified scenario","Not separately specified","true","false","false","true","SP 24 19 is identified only as Lakeview Village in the source. Do not assign these meshes to Harbourwalk, Aquanova or Birch without an official block/file crosswalk. No evidence of cancellation was found.","https://www.mississauga.ca/projects-and-strategies/city-projects/lakeview-waterfront-area-redevelopment/lakeview-village/ ; https://www.sasaki.com/projects/lakeview-village-master-plan/"
"103-1078","lakeview-master","Lakeview Village","waterfront","Proposed","Infrastructure and first residential phase under construction","Retain source version in violet; exclude from strict verified scenario","Not separately specified","true","false","false","true","SP 24 19 is identified only as Lakeview Village in the source. Do not assign these meshes to Harbourwalk, Aquanova or Birch without an official block/file crosswalk. No evidence of cancellation was found.","https://www.mississauga.ca/projects-and-strategies/city-projects/lakeview-waterfront-area-redevelopment/lakeview-village/ ; https://www.sasaki.com/projects/lakeview-village-master-plan/"
"103-1079","lakeview-master","Lakeview Village","waterfront","Proposed","Infrastructure and first residential phase under construction","Retain source version in violet; exclude from strict verified scenario","Not separately specified","true","false","false","true","SP 24 19 is identified only as Lakeview Village in the source. Do not assign these meshes to Harbourwalk, Aquanova or Birch without an official block/file crosswalk. No evidence of cancellation was found.","https://www.mississauga.ca/projects-and-strategies/city-projects/lakeview-waterfront-area-redevelopment/lakeview-village/ ; https://www.sasaki.com/projects/lakeview-village-master-plan/"
"103-1080","lakeview-master","Lakeview Village","waterfront","Proposed","Infrastructure and first residential phase under construction","Retain source version in violet; exclude from strict verified scenario","Not separately specified","true","false","false","true","SP 24 15 is identified only as Lakeview Village in the source. Do not assign these meshes to Harbourwalk, Aquanova or Birch without an official block/file crosswalk. No evidence of cancellation was found.","https://www.mississauga.ca/projects-and-strategies/city-projects/lakeview-waterfront-area-redevelopment/lakeview-village/ ; https://www.sasaki.com/projects/lakeview-village-master-plan/"
"103-1081","lakeview-master","Lakeview Village","waterfront","Proposed","Infrastructure and first residential phase under construction","Retain source version in violet; exclude from strict verified scenario","Not separately specified","true","false","false","true","SP 24 15 is identified only as Lakeview Village in the source. Do not assign these meshes to Harbourwalk, Aquanova or Birch without an official block/file crosswalk. No evidence of cancellation was found.","https://www.mississauga.ca/projects-and-strategies/city-projects/lakeview-waterfront-area-redevelopment/lakeview-village/ ; https://www.sasaki.com/projects/lakeview-village-master-plan/"
"103-1082","lakeview-master","Lakeview Village","waterfront","Proposed","Infrastructure and first residential phase under construction","Retain source version in violet; exclude from strict verified scenario","Not separately specified","true","false","false","true","SP 24 15 is identified only as Lakeview Village in the source. Do not assign these meshes to Harbourwalk, Aquanova or Birch without an official block/file crosswalk. No evidence of cancellation was found.","https://www.mississauga.ca/projects-and-strategies/city-projects/lakeview-waterfront-area-redevelopment/lakeview-village/ ; https://www.sasaki.com/projects/lakeview-village-master-plan/"
"103-1083","lakeview-master","Lakeview Village","waterfront","Proposed","Infrastructure and first residential phase under construction","Retain source version in violet; exclude from strict verified scenario","Not separately specified","true","false","false","true","SP 24 15 is identified only as Lakeview Village in the source. Do not assign these meshes to Harbourwalk, Aquanova or Birch without an official block/file crosswalk. No evidence of cancellation was found.","https://www.mississauga.ca/projects-and-strategies/city-projects/lakeview-waterfront-area-redevelopment/lakeview-village/ ; https://www.sasaki.com/projects/lakeview-village-master-plan/"
"103-1084","lakeview-master","Lakeview Village","waterfront","Proposed","Infrastructure and first residential phase under construction","Retain source version in violet; exclude from strict verified scenario","Not separately specified","true","false","false","true","SP 24 15 is identified only as Lakeview Village in the source. Do not assign these meshes to Harbourwalk, Aquanova or Birch without an official block/file crosswalk. No evidence of cancellation was found.","https://www.mississauga.ca/projects-and-strategies/city-projects/lakeview-waterfront-area-redevelopment/lakeview-village/ ; https://www.sasaki.com/projects/lakeview-village-master-plan/"
"103-1085","lakeview-master","Lakeview Village","waterfront","Proposed","Infrastructure and first residential phase under construction","Retain source version in violet; exclude from strict verified scenario","Not separately specified","true","false","false","true","SP 24 15 is identified only as Lakeview Village in the source. Do not assign these meshes to Harbourwalk, Aquanova or Birch without an official block/file crosswalk. No evidence of cancellation was found.","https://www.mississauga.ca/projects-and-strategies/city-projects/lakeview-waterfront-area-redevelopment/lakeview-village/ ; https://www.sasaki.com/projects/lakeview-village-master-plan/"
"103-1086","lakeview-master","Lakeview Village","waterfront","Proposed","Infrastructure and first residential phase under construction","Retain source version in violet; exclude from strict verified scenario","Not separately specified","true","false","false","true","SP 24 15 is identified only as Lakeview Village in the source. Do not assign these meshes to Harbourwalk, Aquanova or Birch without an official block/file crosswalk. No evidence of cancellation was found.","https://www.mississauga.ca/projects-and-strategies/city-projects/lakeview-waterfront-area-redevelopment/lakeview-village/ ; https://www.sasaki.com/projects/lakeview-village-master-plan/"
"103-1087","lakeview-master","Lakeview Village","waterfront","Proposed","Infrastructure and first residential phase under construction","Retain source version in violet; exclude from strict verified scenario","Not separately specified","true","false","false","true","SP 22 56 is identified only as Lakeview Village in the source. Do not assign these meshes to Harbourwalk, Aquanova or Birch without an official block/file crosswalk. No evidence of cancellation was found.","https://www.mississauga.ca/projects-and-strategies/city-projects/lakeview-waterfront-area-redevelopment/lakeview-village/ ; https://www.sasaki.com/projects/lakeview-village-master-plan/"
"103-1088","lakeview-master","Lakeview Village","waterfront","Proposed","Infrastructure and first residential phase under construction","Retain source version in violet; exclude from strict verified scenario","Not separately specified","true","false","false","true","SP 22 56 is identified only as Lakeview Village in the source. Do not assign these meshes to Harbourwalk, Aquanova or Birch without an official block/file crosswalk. No evidence of cancellation was found.","https://www.mississauga.ca/projects-and-strategies/city-projects/lakeview-waterfront-area-redevelopment/lakeview-village/ ; https://www.sasaki.com/projects/lakeview-village-master-plan/"
"103-1089","lakeview-master","Lakeview Village","waterfront","Proposed","Infrastructure and first residential phase under construction","Retain source version in violet; exclude from strict verified scenario","Not separately specified","true","false","false","true","SP 22 56 is identified only as Lakeview Village in the source. Do not assign these meshes to Harbourwalk, Aquanova or Birch without an official block/file crosswalk. No evidence of cancellation was found.","https://www.mississauga.ca/projects-and-strategies/city-projects/lakeview-waterfront-area-redevelopment/lakeview-village/ ; https://www.sasaki.com/projects/lakeview-village-master-plan/"
"103-1090","lakeview-master","Lakeview Village","waterfront","Proposed","Infrastructure and first residential phase under construction","Retain source version in violet; exclude from strict verified scenario","Not separately specified","true","false","false","true","SP 22 56 is identified only as Lakeview Village in the source. Do not assign these meshes to Harbourwalk, Aquanova or Birch without an official block/file crosswalk. No evidence of cancellation was found.","https://www.mississauga.ca/projects-and-strategies/city-projects/lakeview-waterfront-area-redevelopment/lakeview-village/ ; https://www.sasaki.com/projects/lakeview-village-master-plan/"
"103-1091","lakeview-master","Lakeview Village","waterfront","Proposed","Infrastructure and first residential phase under construction","Retain source version in violet; exclude from strict verified scenario","Not separately specified","true","false","false","true","SP 22 56 is identified only as Lakeview Village in the source. Do not assign these meshes to Harbourwalk, Aquanova or Birch without an official block/file crosswalk. No evidence of cancellation was found.","https://www.mississauga.ca/projects-and-strategies/city-projects/lakeview-waterfront-area-redevelopment/lakeview-village/ ; https://www.sasaki.com/projects/lakeview-village-master-plan/"
"103-1092","lakeview-master","Lakeview Village","waterfront","Proposed","Infrastructure and first residential phase under construction","Retain source version in violet; exclude from strict verified scenario","Not separately specified","true","false","false","true","SP 22 56 is identified only as Lakeview Village in the source. Do not assign these meshes to Harbourwalk, Aquanova or Birch without an official block/file crosswalk. No evidence of cancellation was found.","https://www.mississauga.ca/projects-and-strategies/city-projects/lakeview-waterfront-area-redevelopment/lakeview-village/ ; https://www.sasaki.com/projects/lakeview-village-master-plan/"
"103-1093","lakeview-master","Lakeview Village","waterfront","Proposed","Infrastructure and first residential phase under construction","Retain source version in violet; exclude from strict verified scenario","Not separately specified","true","false","false","true","SP 22 56 is identified only as Lakeview Village in the source. Do not assign these meshes to Harbourwalk, Aquanova or Birch without an official block/file crosswalk. No evidence of cancellation was found.","https://www.mississauga.ca/projects-and-strategies/city-projects/lakeview-waterfront-area-redevelopment/lakeview-village/ ; https://www.sasaki.com/projects/lakeview-village-master-plan/"
"103-1094","lakeview-master","Lakeview Village","waterfront","Proposed","Infrastructure and first residential phase under construction","Retain source version in violet; exclude from strict verified scenario","Not separately specified","true","false","false","true","SP 22 56 is identified only as Lakeview Village in the source. Do not assign these meshes to Harbourwalk, Aquanova or Birch without an official block/file crosswalk. No evidence of cancellation was found.","https://www.mississauga.ca/projects-and-strategies/city-projects/lakeview-waterfront-area-redevelopment/lakeview-village/ ; https://www.sasaki.com/projects/lakeview-village-master-plan/"
"103-1095","lakeview-master","Lakeview Village","waterfront","Proposed","Infrastructure and first residential phase under construction","Retain source version in violet; exclude from strict verified scenario","Not separately specified","true","false","false","true","SP 22 82 is identified only as Lakeview Village in the source. Do not assign these meshes to Harbourwalk, Aquanova or Birch without an official block/file crosswalk. No evidence of cancellation was found.","https://www.mississauga.ca/projects-and-strategies/city-projects/lakeview-waterfront-area-redevelopment/lakeview-village/ ; https://www.sasaki.com/projects/lakeview-village-master-plan/"
"103-1096","lakeview-master","Lakeview Village","waterfront","Proposed","Infrastructure and first residential phase under construction","Retain source version in violet; exclude from strict verified scenario","Not separately specified","true","false","false","true","SP 22 82 is identified only as Lakeview Village in the source. Do not assign these meshes to Harbourwalk, Aquanova or Birch without an official block/file crosswalk. No evidence of cancellation was found.","https://www.mississauga.ca/projects-and-strategies/city-projects/lakeview-waterfront-area-redevelopment/lakeview-village/ ; https://www.sasaki.com/projects/lakeview-village-master-plan/"
"103-1097","lakeview-master","Lakeview Village","waterfront","Proposed","Infrastructure and first residential phase under construction","Retain source version in violet; exclude from strict verified scenario","Not separately specified","true","false","false","true","SP 22 82 is identified only as Lakeview Village in the source. Do not assign these meshes to Harbourwalk, Aquanova or Birch without an official block/file crosswalk. No evidence of cancellation was found.","https://www.mississauga.ca/projects-and-strategies/city-projects/lakeview-waterfront-area-redevelopment/lakeview-village/ ; https://www.sasaki.com/projects/lakeview-village-master-plan/"
"103-1098","lakeview-master","Lakeview Village","waterfront","Proposed","Infrastructure and first residential phase under construction","Retain source version in violet; exclude from strict verified scenario","Not separately specified","true","false","false","true","SP 22 82 is identified only as Lakeview Village in the source. Do not assign these meshes to Harbourwalk, Aquanova or Birch without an official block/file crosswalk. No evidence of cancellation was found.","https://www.mississauga.ca/projects-and-strategies/city-projects/lakeview-waterfront-area-redevelopment/lakeview-village/ ; https://www.sasaki.com/projects/lakeview-village-master-plan/"
"103-1099","lakeview-master","Lakeview Village","waterfront","Proposed","Infrastructure and first residential phase under construction","Retain source version in violet; exclude from strict verified scenario","Not separately specified","true","false","false","true","SP 22 82 is identified only as Lakeview Village in the source. Do not assign these meshes to Harbourwalk, Aquanova or Birch without an official block/file crosswalk. No evidence of cancellation was found.","https://www.mississauga.ca/projects-and-strategies/city-projects/lakeview-waterfront-area-redevelopment/lakeview-village/ ; https://www.sasaki.com/projects/lakeview-village-master-plan/"
"103-1100","lakeview-master","Lakeview Village","waterfront","Proposed","Infrastructure and first residential phase under construction","Retain source version in violet; exclude from strict verified scenario","Not separately specified","true","false","false","true","SP 22 82 is identified only as Lakeview Village in the source. Do not assign these meshes to Harbourwalk, Aquanova or Birch without an official block/file crosswalk. No evidence of cancellation was found.","https://www.mississauga.ca/projects-and-strategies/city-projects/lakeview-waterfront-area-redevelopment/lakeview-village/ ; https://www.sasaki.com/projects/lakeview-village-master-plan/"
"103-1101","lakeview-master","Lakeview Village","waterfront","Proposed","Infrastructure and first residential phase under construction","Retain source version in violet; exclude from strict verified scenario","Not separately specified","true","false","false","true","SP 22 82 is identified only as Lakeview Village in the source. Do not assign these meshes to Harbourwalk, Aquanova or Birch without an official block/file crosswalk. No evidence of cancellation was found.","https://www.mississauga.ca/projects-and-strategies/city-projects/lakeview-waterfront-area-redevelopment/lakeview-village/ ; https://www.sasaki.com/projects/lakeview-village-master-plan/"
"103-1102","lakeview-master","Lakeview Village","waterfront","Proposed","Infrastructure and first residential phase under construction","Retain source version in violet; exclude from strict verified scenario","Not separately specified","true","false","false","true","SP 22 82 is identified only as Lakeview Village in the source. Do not assign these meshes to Harbourwalk, Aquanova or Birch without an official block/file crosswalk. No evidence of cancellation was found.","https://www.mississauga.ca/projects-and-strategies/city-projects/lakeview-waterfront-area-redevelopment/lakeview-village/ ; https://www.sasaki.com/projects/lakeview-village-master-plan/"
"22-14222","city-group-56","Lullaboo Bristol Campus","group-status","Proposed","Bristol campus operating; exact building completion date unknown","Retain source massing with cited caveat","Not separately specified","true","false","false","false","Correct operator spelling is Lullaboo. Official April 2026 parent manual includes Bristol campus at 1760 Bristol Road West. This supports campus operation; no precise opening date or as-built verification found.","https://lullaboo.ca/wp-content/uploads/2026/04/2026-Parent-Manual_REV-Apr-16-2026.pdf ; https://services6.arcgis.com/hM5ymMLbxIyWTjn2/arcgis/rest/services/Growth_Management_%E2%80%93_Issued_Building_Permits/FeatureServer/0/query?f=json&geometry=%7B%22x%22%3A+-79.70641050476435%2C+%22y%22%3A+43.58261083377271%2C+%22spatialReference%22%3A+%7B%22wkid%22%3A+4326%7D%7D&geometryType=esriGeometryPoint&inSR=4326&spatialRel=esriSpatialRelIntersects&distance=90&units=esriSRUnit_Meter&outFields=BuildingPermitNumber%2CIssuedDate%2CBuildingPermitType%2CBuildingPermitScope%2CAddress%2CApprovedUse%2CResidentialUnits%2CNonResidentialGFA_m2&outSR=4326&returnGeometry=true"
"63-6248","mcity-1-2","M City M1 and M2","downtown","Existing","completed","retain source geometry","true","true","false","false","false","The southeastern M City block beside Webb and Confederation matches the official community plan and the issued permit at 3883 Quartz Road. The source mesh measures 200.04 m vertically; the published architectural height is 200 m.","https://www.mcitycondos.com/assets/img/community/m6-community-map.jpg ; https://www.mcitycondos.com/construction.php ; https://services6.arcgis.com/hM5ymMLbxIyWTjn2/arcgis/rest/services/Growth_Management_%E2%80%93_Issued_Building_Permits/FeatureServer/0 ; https://www.skyscrapercenter.com/complex/2859"
"63-6252","mcity-1-2","M City M1 and M2","downtown","Existing","completed","retain source geometry","true","true","false","false","false","The northeastern M City block beside Burnhamthorpe and Confederation matches the official community plan. The municipal mesh measures 200.35 m vertically; this includes the source grade and roof conventions and is not identical to the published 199.2 m architectural height.","https://www.mcitycondos.com/assets/img/community/m6-community-map.jpg ; https://www.mcitycondos.com/construction.php ; https://www.skyscrapercenter.com/complex/2859"
"63-6249","mcity-3","M City M3","downtown","Under Construction","topped-out-partially-occupied","retain only as dated partial capture; full form missing","true","true","false","false","false","The 2024 LiDAR mesh captures only 107 m of vertical extent. The engineer and CTBUH confirm a full height of 260.29 m, and the developer reports crown completion and phased occupancy in spring 2026. The full submitted profile was not recovered. Extending the captured lower tower would invent its distinctive upper flare and crown.","https://www.mcitycondos.com/assets/img/community/m6-community-map.jpg ; https://www.mcitycondos.com/construction.php ; https://verticalurbanism.org/news-article/in-mississaugas-m-city-the-next-building-tops-out-at-260-meters/ ; https://andrewfisher.ca/portfolio/m3-at-mcity/"
"63-6173","mcity-6","M City M6","downtown","Proposed","proposed","retain municipal design; update storey reference","false","true","false","false","false","SP 22-145 at 3990 Redmond Road is described as 58 storeys in the City active-application register as of June 30, 2026. The municipal tower height attribute is 186.85 m. Preserve the exact source surfaces. This tower is spatially separate from M1, M2 and M3.","https://services6.arcgis.com/hM5ymMLbxIyWTjn2/arcgis/rest/services/Growth_Management_%E2%80%93_Active_Development_Applications/FeatureServer/0 ; https://www.mcitycondos.com/assets/img/community/m6-community-map.jpg"
"63-6174","mcity-6","M City M6","downtown","Proposed","proposed","retain municipal design; update storey reference","false","true","false","false","false","SP 22-145 at 3990 Redmond Road is described as 58 storeys in the City active-application register as of June 30, 2026. The municipal tower height attribute is 186.85 m. Preserve the exact source surfaces. This tower is spatially separate from M1, M2 and M3.","https://services6.arcgis.com/hM5ymMLbxIyWTjn2/arcgis/rest/services/Growth_Management_%E2%80%93_Active_Development_Applications/FeatureServer/0 ; https://www.mcitycondos.com/assets/img/community/m6-community-map.jpg"
"63-6170","mcity-7-8","M City M7 and M8","downtown","Proposed","proposed","retain source geometry","false","true","false","false","false","SP 24-30 at 3970 Redmond Road and 535 Webb Drive comprises a shared podium and two towers. The June 2026 active register confirms two condominium buildings. These meshes do not duplicate M1, M2 or M3. Assigning each individual name to the two tower components requires the latest labelled site plan.","https://services6.arcgis.com/hM5ymMLbxIyWTjn2/arcgis/rest/services/Growth_Management_%E2%80%93_Active_Development_Applications/FeatureServer/0 ; https://www.mcitycondos.com/assets/img/community/m6-community-map.jpg"
"63-6171","mcity-7-8","M City M7 and M8","downtown","Proposed","proposed","retain source geometry","false","true","false","false","false","SP 24-30 at 3970 Redmond Road and 535 Webb Drive comprises a shared podium and two towers. The June 2026 active register confirms two condominium buildings. These meshes do not duplicate M1, M2 or M3. Assigning each individual name to the two tower components requires the latest labelled site plan.","https://services6.arcgis.com/hM5ymMLbxIyWTjn2/arcgis/rest/services/Growth_Management_%E2%80%93_Active_Development_Applications/FeatureServer/0 ; https://www.mcitycondos.com/assets/img/community/m6-community-map.jpg"
"63-6172","mcity-7-8","M City M7 and M8","downtown","Proposed","proposed","retain source geometry","false","true","false","false","false","SP 24-30 at 3970 Redmond Road and 535 Webb Drive comprises a shared podium and two towers. The June 2026 active register confirms two condominium buildings. These meshes do not duplicate M1, M2 or M3. Assigning each individual name to the two tower components requires the latest labelled site plan.","https://services6.arcgis.com/hM5ymMLbxIyWTjn2/arcgis/rest/services/Growth_Management_%E2%80%93_Active_Development_Applications/FeatureServer/0 ; https://www.mcitycondos.com/assets/img/community/m6-community-map.jpg"
"13-11417","city-group-68","Meadowvale Lane","inventory73-status","Proposed","Vacant development land; delivery unverified","Retain source version in violet; exclude from strict verified scenario","Not separately specified","true","false","false","true","2026 land marketing still describes vacant redevelopment land; receivership/lending records do not themselves cancel planning. The proposed 15 homes are not established as complete.","https://services6.arcgis.com/hM5ymMLbxIyWTjn2/arcgis/rest/services/Growth_Management_%E2%80%93_Active_Development_Applications/FeatureServer/0/query?where=OBJECTID%3D78&outFields=*&outSR=4326&f=pjson ; https://www.zolo.ca/mississauga-real-estate/6532--6544-winston-churchill-boulevard ; https://www.loopnet.ca/Listing/6532-6544-Winston-Churchill-Blvd-Mississauga-ON/34973347/"
"13-11418","city-group-68","Meadowvale Lane","inventory73-status","Proposed","Vacant development land; delivery unverified","Retain source version in violet; exclude from strict verified scenario","Not separately specified","true","false","false","true","2026 land marketing still describes vacant redevelopment land; receivership/lending records do not themselves cancel planning. The proposed 15 homes are not established as complete.","https://services6.arcgis.com/hM5ymMLbxIyWTjn2/arcgis/rest/services/Growth_Management_%E2%80%93_Active_Development_Applications/FeatureServer/0/query?where=OBJECTID%3D78&outFields=*&outSR=4326&f=pjson ; https://www.zolo.ca/mississauga-real-estate/6532--6544-winston-churchill-boulevard ; https://www.loopnet.ca/Listing/6532-6544-Winston-Churchill-Blvd-Mississauga-ON/34973347/"
"13-11419","city-group-68","Meadowvale Lane","inventory73-status","Proposed","Vacant development land; delivery unverified","Retain source version in violet; exclude from strict verified scenario","Not separately specified","true","false","false","true","2026 land marketing still describes vacant redevelopment land; receivership/lending records do not themselves cancel planning. The proposed 15 homes are not established as complete.","https://services6.arcgis.com/hM5ymMLbxIyWTjn2/arcgis/rest/services/Growth_Management_%E2%80%93_Active_Development_Applications/FeatureServer/0/query?where=OBJECTID%3D78&outFields=*&outSR=4326&f=pjson ; https://www.zolo.ca/mississauga-real-estate/6532--6544-winston-churchill-boulevard ; https://www.loopnet.ca/Listing/6532-6544-Winston-Churchill-Blvd-Mississauga-ON/34973347/"
"13-11420","city-group-68","Meadowvale Lane","inventory73-status","Proposed","Vacant development land; delivery unverified","Retain source version in violet; exclude from strict verified scenario","Not separately specified","true","false","false","true","2026 land marketing still describes vacant redevelopment land; receivership/lending records do not themselves cancel planning. The proposed 15 homes are not established as complete.","https://services6.arcgis.com/hM5ymMLbxIyWTjn2/arcgis/rest/services/Growth_Management_%E2%80%93_Active_Development_Applications/FeatureServer/0/query?where=OBJECTID%3D78&outFields=*&outSR=4326&f=pjson ; https://www.zolo.ca/mississauga-real-estate/6532--6544-winston-churchill-boulevard ; https://www.loopnet.ca/Listing/6532-6544-Winston-Churchill-Blvd-Mississauga-ON/34973347/"
"13-11421","city-group-68","Meadowvale Lane","inventory73-status","Proposed","Vacant development land; delivery unverified","Retain source version in violet; exclude from strict verified scenario","Not separately specified","true","false","false","true","2026 land marketing still describes vacant redevelopment land; receivership/lending records do not themselves cancel planning. The proposed 15 homes are not established as complete.","https://services6.arcgis.com/hM5ymMLbxIyWTjn2/arcgis/rest/services/Growth_Management_%E2%80%93_Active_Development_Applications/FeatureServer/0/query?where=OBJECTID%3D78&outFields=*&outSR=4326&f=pjson ; https://www.zolo.ca/mississauga-real-estate/6532--6544-winston-churchill-boulevard ; https://www.loopnet.ca/Listing/6532-6544-Winston-Churchill-Blvd-Mississauga-ON/34973347/"
"13-11422","city-group-68","Meadowvale Lane","inventory73-status","Proposed","Vacant development land; delivery unverified","Retain source version in violet; exclude from strict verified scenario","Not separately specified","true","false","false","true","2026 land marketing still describes vacant redevelopment land; receivership/lending records do not themselves cancel planning. The proposed 15 homes are not established as complete.","https://services6.arcgis.com/hM5ymMLbxIyWTjn2/arcgis/rest/services/Growth_Management_%E2%80%93_Active_Development_Applications/FeatureServer/0/query?where=OBJECTID%3D78&outFields=*&outSR=4326&f=pjson ; https://www.zolo.ca/mississauga-real-estate/6532--6544-winston-churchill-boulevard ; https://www.loopnet.ca/Listing/6532-6544-Winston-Churchill-Blvd-Mississauga-ON/34973347/"
"13-11423","city-group-68","Meadowvale Lane","inventory73-status","Proposed","Vacant development land; delivery unverified","Retain source version in violet; exclude from strict verified scenario","Not separately specified","true","false","false","true","2026 land marketing still describes vacant redevelopment land; receivership/lending records do not themselves cancel planning. The proposed 15 homes are not established as complete.","https://services6.arcgis.com/hM5ymMLbxIyWTjn2/arcgis/rest/services/Growth_Management_%E2%80%93_Active_Development_Applications/FeatureServer/0/query?where=OBJECTID%3D78&outFields=*&outSR=4326&f=pjson ; https://www.zolo.ca/mississauga-real-estate/6532--6544-winston-churchill-boulevard ; https://www.loopnet.ca/Listing/6532-6544-Winston-Churchill-Blvd-Mississauga-ON/34973347/"
"13-11424","city-group-68","Meadowvale Lane","inventory73-status","Proposed","Vacant development land; delivery unverified","Retain source version in violet; exclude from strict verified scenario","Not separately specified","true","false","false","true","2026 land marketing still describes vacant redevelopment land; receivership/lending records do not themselves cancel planning. The proposed 15 homes are not established as complete.","https://services6.arcgis.com/hM5ymMLbxIyWTjn2/arcgis/rest/services/Growth_Management_%E2%80%93_Active_Development_Applications/FeatureServer/0/query?where=OBJECTID%3D78&outFields=*&outSR=4326&f=pjson ; https://www.zolo.ca/mississauga-real-estate/6532--6544-winston-churchill-boulevard ; https://www.loopnet.ca/Listing/6532-6544-Winston-Churchill-Blvd-Mississauga-ON/34973347/"
"13-11425","city-group-68","Meadowvale Lane","inventory73-status","Proposed","Vacant development land; delivery unverified","Retain source version in violet; exclude from strict verified scenario","Not separately specified","true","false","false","true","2026 land marketing still describes vacant redevelopment land; receivership/lending records do not themselves cancel planning. The proposed 15 homes are not established as complete.","https://services6.arcgis.com/hM5ymMLbxIyWTjn2/arcgis/rest/services/Growth_Management_%E2%80%93_Active_Development_Applications/FeatureServer/0/query?where=OBJECTID%3D78&outFields=*&outSR=4326&f=pjson ; https://www.zolo.ca/mississauga-real-estate/6532--6544-winston-churchill-boulevard ; https://www.loopnet.ca/Listing/6532-6544-Winston-Churchill-Blvd-Mississauga-ON/34973347/"
"13-11426","city-group-68","Meadowvale Lane","inventory73-status","Proposed","Vacant development land; delivery unverified","Retain source version in violet; exclude from strict verified scenario","Not separately specified","true","false","false","true","2026 land marketing still describes vacant redevelopment land; receivership/lending records do not themselves cancel planning. The proposed 15 homes are not established as complete.","https://services6.arcgis.com/hM5ymMLbxIyWTjn2/arcgis/rest/services/Growth_Management_%E2%80%93_Active_Development_Applications/FeatureServer/0/query?where=OBJECTID%3D78&outFields=*&outSR=4326&f=pjson ; https://www.zolo.ca/mississauga-real-estate/6532--6544-winston-churchill-boulevard ; https://www.loopnet.ca/Listing/6532-6544-Winston-Churchill-Blvd-Mississauga-ON/34973347/"
"13-11427","city-group-68","Meadowvale Lane","inventory73-status","Proposed","Vacant development land; delivery unverified","Retain source version in violet; exclude from strict verified scenario","Not separately specified","true","false","false","true","2026 land marketing still describes vacant redevelopment land; receivership/lending records do not themselves cancel planning. The proposed 15 homes are not established as complete.","https://services6.arcgis.com/hM5ymMLbxIyWTjn2/arcgis/rest/services/Growth_Management_%E2%80%93_Active_Development_Applications/FeatureServer/0/query?where=OBJECTID%3D78&outFields=*&outSR=4326&f=pjson ; https://www.zolo.ca/mississauga-real-estate/6532--6544-winston-churchill-boulevard ; https://www.loopnet.ca/Listing/6532-6544-Winston-Churchill-Blvd-Mississauga-ON/34973347/"
"13-11428","city-group-68","Meadowvale Lane","inventory73-status","Proposed","Vacant development land; delivery unverified","Retain source version in violet; exclude from strict verified scenario","Not separately specified","true","false","false","true","2026 land marketing still describes vacant redevelopment land; receivership/lending records do not themselves cancel planning. The proposed 15 homes are not established as complete.","https://services6.arcgis.com/hM5ymMLbxIyWTjn2/arcgis/rest/services/Growth_Management_%E2%80%93_Active_Development_Applications/FeatureServer/0/query?where=OBJECTID%3D78&outFields=*&outSR=4326&f=pjson ; https://www.zolo.ca/mississauga-real-estate/6532--6544-winston-churchill-boulevard ; https://www.loopnet.ca/Listing/6532-6544-Winston-Churchill-Blvd-Mississauga-ON/34973347/"
"13-11429","city-group-68","Meadowvale Lane","inventory73-status","Proposed","Vacant development land; delivery unverified","Retain source version in violet; exclude from strict verified scenario","Not separately specified","true","false","false","true","2026 land marketing still describes vacant redevelopment land; receivership/lending records do not themselves cancel planning. The proposed 15 homes are not established as complete.","https://services6.arcgis.com/hM5ymMLbxIyWTjn2/arcgis/rest/services/Growth_Management_%E2%80%93_Active_Development_Applications/FeatureServer/0/query?where=OBJECTID%3D78&outFields=*&outSR=4326&f=pjson ; https://www.zolo.ca/mississauga-real-estate/6532--6544-winston-churchill-boulevard ; https://www.loopnet.ca/Listing/6532-6544-Winston-Churchill-Blvd-Mississauga-ON/34973347/"
"13-11430","city-group-68","Meadowvale Lane","inventory73-status","Proposed","Vacant development land; delivery unverified","Retain source version in violet; exclude from strict verified scenario","Not separately specified","true","false","false","true","2026 land marketing still describes vacant redevelopment land; receivership/lending records do not themselves cancel planning. The proposed 15 homes are not established as complete.","https://services6.arcgis.com/hM5ymMLbxIyWTjn2/arcgis/rest/services/Growth_Management_%E2%80%93_Active_Development_Applications/FeatureServer/0/query?where=OBJECTID%3D78&outFields=*&outSR=4326&f=pjson ; https://www.zolo.ca/mississauga-real-estate/6532--6544-winston-churchill-boulevard ; https://www.loopnet.ca/Listing/6532-6544-Winston-Churchill-Blvd-Mississauga-ON/34973347/"
"13-11431","city-group-68","Meadowvale Lane","inventory73-status","Proposed","Vacant development land; delivery unverified","Retain source version in violet; exclude from strict verified scenario","Not separately specified","true","false","false","true","2026 land marketing still describes vacant redevelopment land; receivership/lending records do not themselves cancel planning. The proposed 15 homes are not established as complete.","https://services6.arcgis.com/hM5ymMLbxIyWTjn2/arcgis/rest/services/Growth_Management_%E2%80%93_Active_Development_Applications/FeatureServer/0/query?where=OBJECTID%3D78&outFields=*&outSR=4326&f=pjson ; https://www.zolo.ca/mississauga-real-estate/6532--6544-winston-churchill-boulevard ; https://www.loopnet.ca/Listing/6532-6544-Winston-Churchill-Blvd-Mississauga-ON/34973347/"
"72-6171","city-group-92","Metro Store No. 461","group-status","Proposed","Metro site work status unverified","Retain source version in violet; exclude from strict verified scenario","Not separately specified","true","false","false","true","Nearest municipal-site locator is 1585 Mississauga Valley Boulevard. Existing grocery-store operation cannot certify a specific SP 22 163 addition. No relevant indexed project-completion evidence found.","https://services6.arcgis.com/hM5ymMLbxIyWTjn2/arcgis/rest/services/Growth_Management_%E2%80%93_Issued_Building_Permits/FeatureServer/0/query?f=json&geometry=%7B%22x%22%3A+-79.62535321070291%2C+%22y%22%3A+43.592378382695856%2C+%22spatialReference%22%3A+%7B%22wkid%22%3A+4326%7D%7D&geometryType=esriGeometryPoint&inSR=4326&spatialRel=esriSpatialRelIntersects&distance=90&units=esriSRUnit_Meter&outFields=BuildingPermitNumber%2CIssuedDate%2CBuildingPermitType%2CBuildingPermitScope%2CAddress%2CApprovedUse%2CResidentialUnits%2CNonResidentialGFA_m2&outSR=4326&returnGeometry=true"
"63-6219","square-one-office","Offices at Square One District /Block 14","downtown","Proposed","proposed","Retain source massing with cited caveat","false","true","false","false","false","Candidate office-site match; preserve source geometry. Architectural height and final office design are unconfirmed.","https://livesquareonedistrict.com/the-offices/ ; https://www.investmississauga.ca/downtown/commercial-opportunities/offices-sq1-district/"
"63-6220","square-one-office","Offices at Square One District /Block 14","downtown","Proposed","proposed","Retain source massing with cited caveat","false","true","false","false","false","Candidate office-site match; preserve source geometry. Architectural height and final office design are unconfirmed.","https://livesquareonedistrict.com/the-offices/ ; https://www.investmississauga.ca/downtown/commercial-opportunities/offices-sq1-district/"
"63-6221","square-one-office","Offices at Square One District /Block 14","downtown","Proposed","proposed","Retain source massing with cited caveat","false","true","false","false","false","Candidate office-site match; preserve source geometry. Architectural height and final office design are unconfirmed.","https://livesquareonedistrict.com/the-offices/ ; https://www.investmississauga.ca/downtown/commercial-opportunities/offices-sq1-district/"
"73-4302","city-group-111","Pacific Way Residential Development","inventory73-status","Proposed","Application retained; current construction and completion unverified","Retain source massing with cited caveat","Not separately specified","true","false","false","false","January 2025 City amendment establishes one new 10-storey rental building; older two eight-storey concept differs. Existing two occupied apartments are retained and do not complete this infill project.","https://services6.arcgis.com/hM5ymMLbxIyWTjn2/arcgis/rest/services/Growth_Management_%E2%80%93_Active_Development_Applications/FeatureServer/0/query?where=OBJECTID%3D36&outFields=*&outSR=4326&f=pjson ; https://www.mississauga.ca/wp-content/uploads/2025/01/15082533/MOPA183-jan-2025.pdf"
"73-4303","city-group-111","Pacific Way Residential Development","inventory73-status","Proposed","Application retained; current construction and completion unverified","Retain source massing with cited caveat","Not separately specified","true","false","false","false","January 2025 City amendment establishes one new 10-storey rental building; older two eight-storey concept differs. Existing two occupied apartments are retained and do not complete this infill project.","https://services6.arcgis.com/hM5ymMLbxIyWTjn2/arcgis/rest/services/Growth_Management_%E2%80%93_Active_Development_Applications/FeatureServer/0/query?where=OBJECTID%3D36&outFields=*&outSR=4326&f=pjson ; https://www.mississauga.ca/wp-content/uploads/2025/01/15082533/MOPA183-jan-2025.pdf"
"63-6237","avia","Parkside Village Avia 1 and 2","downtown","Under Construction","completed-existing","reclassify completed; keep source capture","true","true","false","false","false","The mesh matches the issued permit at 430 Square One Drive and the adjoining Parkside parcel. The official November 2025 Amacon update confirms completion. Its 156.5 m vertical extent is dated captured geometry, not a verified architectural height.","https://services6.arcgis.com/hM5ymMLbxIyWTjn2/arcgis/rest/services/Growth_Management_%E2%80%93_Issued_Building_Permits/FeatureServer/0 ; https://www.lifeatparkside.com/post/voya-takes-shape-as-construction-reaches-new-heights"
"91-5029","mississauga-hospital","Peter Gilgan Mississauga Hospital / Shah Family Hospital","citywide","Proposed","Under construction","Retain source massing with cited caveat","Not separately specified","true","false","false","false","Hospital tower retained as future construction; completed garage belongs in existing context. City massing height 129.775 m is source geometry, not an independently verified maximum.","https://www.thp.ca/newsroom/Pages/2026/THP-marks-major-milestone-laying-the-foundation-at-Mississauga%E2%80%99s-future-hospital.aspx ; https://urbantoronto.ca/news/2026/04/cranes-foundations-underway-peter-gilgan-mississauga-hospital.60708 ; https://www.thp.ca/AR2025/A/documents/Trillium-Health-Partners-2025.pdf"
"91-5030","mississauga-hospital","Peter Gilgan Mississauga Hospital / Shah Family Hospital","construction-status","Under Construction","Completed and operating","Retain source massing with cited caveat","Not separately specified","true","false","false","false","THP 2025 audited financial statements identify the parking garage as operational in November 2024. This component is the garage, not the 22-storey future hospital.","https://www.thp.ca/AR2025/A/documents/Trillium-Health-Partners-2025.pdf"
"22-14233","watergarden","Pinnacle Uptown / Watergarden / Gemma","citywide","Proposed","Approved / phased delivery; individual completion unverified","Retain source massing with cited caveat","Not separately specified","true","false","false","false","Gemma storey counts vary by convention and reported completion was not independently verified. Treat source meshes as phased source massing; never resurrect old 50-storey concept.","https://urbantoronto.ca/forum/threads/toronto-pinnacle-uptown-watergarden-137-52m-38s-pinnacle-richmond-architects.28710/page-2 ; https://www7.mississauga.ca/documents/Business/Planning_Justification_Report_-_June_2018_0_and_5044_Hurontario_St.pdf"
"22-14234","watergarden","Pinnacle Uptown / Watergarden / Gemma","citywide","Proposed","Approved / phased delivery; individual completion unverified","Retain source massing with cited caveat","Not separately specified","true","false","false","false","Gemma storey counts vary by convention and reported completion was not independently verified. Treat source meshes as phased source massing; never resurrect old 50-storey concept.","https://urbantoronto.ca/forum/threads/toronto-pinnacle-uptown-watergarden-137-52m-38s-pinnacle-richmond-architects.28710/page-2 ; https://www7.mississauga.ca/documents/Business/Planning_Justification_Report_-_June_2018_0_and_5044_Hurontario_St.pdf"
"22-14235","watergarden","Pinnacle Uptown / Watergarden / Gemma","citywide","Proposed","Approved / phased delivery; individual completion unverified","Retain source massing with cited caveat","Not separately specified","true","false","false","false","Gemma storey counts vary by convention and reported completion was not independently verified. Treat source meshes as phased source massing; never resurrect old 50-storey concept.","https://urbantoronto.ca/forum/threads/toronto-pinnacle-uptown-watergarden-137-52m-38s-pinnacle-richmond-architects.28710/page-2 ; https://www7.mississauga.ca/documents/Business/Planning_Justification_Report_-_June_2018_0_and_5044_Hurontario_St.pdf"
"22-14236","watergarden","Pinnacle Uptown / Watergarden / Gemma","citywide","Proposed","Approved / phased delivery; individual completion unverified","Retain source massing with cited caveat","Not separately specified","true","false","false","false","Gemma storey counts vary by convention and reported completion was not independently verified. Treat source meshes as phased source massing; never resurrect old 50-storey concept.","https://urbantoronto.ca/forum/threads/toronto-pinnacle-uptown-watergarden-137-52m-38s-pinnacle-richmond-architects.28710/page-2 ; https://www7.mississauga.ca/documents/Business/Planning_Justification_Report_-_June_2018_0_and_5044_Hurontario_St.pdf"
"22-14237","watergarden","Pinnacle Uptown / Watergarden / Gemma","citywide","Proposed","Approved / phased delivery; individual completion unverified","Retain source massing with cited caveat","Not separately specified","true","false","false","false","Gemma storey counts vary by convention and reported completion was not independently verified. Treat source meshes as phased source massing; never resurrect old 50-storey concept.","https://urbantoronto.ca/forum/threads/toronto-pinnacle-uptown-watergarden-137-52m-38s-pinnacle-richmond-architects.28710/page-2 ; https://www7.mississauga.ca/documents/Business/Planning_Justification_Report_-_June_2018_0_and_5044_Hurontario_St.pdf"
"22-14238","watergarden","Pinnacle Uptown / Watergarden / Gemma","citywide","Proposed","Approved / phased delivery; individual completion unverified","Retain source massing with cited caveat","Not separately specified","true","false","false","false","Gemma storey counts vary by convention and reported completion was not independently verified. Treat source meshes as phased source massing; never resurrect old 50-storey concept.","https://urbantoronto.ca/forum/threads/toronto-pinnacle-uptown-watergarden-137-52m-38s-pinnacle-richmond-architects.28710/page-2 ; https://www7.mississauga.ca/documents/Business/Planning_Justification_Report_-_June_2018_0_and_5044_Hurontario_St.pdf"
"22-14239","watergarden","Pinnacle Uptown / Watergarden / Gemma","citywide","Proposed","Approved / phased delivery; individual completion unverified","Retain source massing with cited caveat","Not separately specified","true","false","false","false","Gemma storey counts vary by convention and reported completion was not independently verified. Treat source meshes as phased source massing; never resurrect old 50-storey concept.","https://urbantoronto.ca/forum/threads/toronto-pinnacle-uptown-watergarden-137-52m-38s-pinnacle-richmond-architects.28710/page-2 ; https://www7.mississauga.ca/documents/Business/Planning_Justification_Report_-_June_2018_0_and_5044_Hurontario_St.pdf"
"22-14240","watergarden","Pinnacle Uptown / Watergarden / Gemma","construction-status","Under Construction","Completed / occupied phase; precise completion date unverified","Retain source massing with cited caveat","Not separately specified","true","false","false","false","Exact City permit address and occupied-suite rental evidence identify Gemma. Livabl says complete and move-in ready; 2025 is a secondary completion year. This does not complete the wider Watergarden master plan. Municipal geometry is a partial construction capture.","https://www.livabl.com/mississauga-on/gemma ; https://www.condoinvestments.ca/listings/15-watergarden-drive-unit-2306-mississauga-W13632002 ; https://condos.ca/mississauga/gemma-15-watergarden-dr"
"81-2824","city-group-23","Sheridan Park Offices","inventory73-status","Proposed","Application retained; current construction and completion unverified","Retain source massing with cited caveat","Not separately specified","true","false","false","false","City 2021 holding-removal notice permits two one-storey offices. Removal of a holding provision is not proof that the offices were built.","https://services6.arcgis.com/hM5ymMLbxIyWTjn2/arcgis/rest/services/Growth_Management_%E2%80%93_Active_Development_Applications/FeatureServer/0/query?where=OBJECTID%3D100&outFields=*&outSR=4326&f=pjson ; https://www.mississauga.ca/wp-content/uploads/2021/08/12160352/H-OZ-19-010-Notice.pdf"
"81-2825","city-group-23","Sheridan Park Offices","inventory73-status","Proposed","Application retained; current construction and completion unverified","Retain source massing with cited caveat","Not separately specified","true","false","false","false","City 2021 holding-removal notice permits two one-storey offices. Removal of a holding provision is not proof that the offices were built.","https://services6.arcgis.com/hM5ymMLbxIyWTjn2/arcgis/rest/services/Growth_Management_%E2%80%93_Active_Development_Applications/FeatureServer/0/query?where=OBJECTID%3D100&outFields=*&outSR=4326&f=pjson ; https://www.mississauga.ca/wp-content/uploads/2021/08/12160352/H-OZ-19-010-Notice.pdf"
"33-4078","city-group-95","SOTI Headquarters","inventory73-status","Proposed","Six-storey office proposal at 1 Traders Boulevard East; delivery unverified","Retain source massing with cited caveat","Not separately specified","true","false","false","false","The exact City application identifies a six-storey office building at 1 Traders Boulevard East, transferred from SP 17-53 W5. SOTI's official October 9, 2024 release identifies its opened headquarters at 1950 Meadowvale Boulevard. That four-floor property is not the modelled six-storey proposal. Moving headquarters does not, by itself, establish formal cancellation of this application.","https://services6.arcgis.com/hM5ymMLbxIyWTjn2/arcgis/rest/services/Growth_Management_%E2%80%93_Active_Development_Applications/FeatureServer/0/query?where=OBJECTID%3D175&outFields=*&outSR=4326&f=pjson ; https://soti.net/resources/newsroom/2024/soti-unveils-new-global-hq-the-next-era-of-growth-and-innovation/"
"43-283","city-group-36","Spectrum Square Development","inventory73-status","Proposed","Application retained; current construction and completion unverified","Retain source massing with cited caveat","Not separately specified","true","false","false","false","Exact search found no relevant current construction or completion evidence for the four-storey office application at 2200 Skymark. Other Spectrum Square and non-Canadian Skymark buildings must not be conflated.","https://services6.arcgis.com/hM5ymMLbxIyWTjn2/arcgis/rest/services/Growth_Management_%E2%80%93_Active_Development_Applications/FeatureServer/0/query?where=OBJECTID%3D119&outFields=*&outSR=4326&f=pjson"
"63-6191","square-one-block22","Square One District Block 22 /97–101 City Centre","downtown","Proposed","proposed","Retain source massing with cited caveat","false","true","false","false","false","No later authoritative evidence of cancellation or replacement found. Retain as proposed source geometry with date and uncertainty visible.","https://urbantoronto.ca/forum/threads/toronto-97-101-city-centre-drive-m-65s-oxford-properties-hariri-pontarini.30788/ ; https://www.mississauga.ca/wp-content/uploads/2025/01/15082458/MOPA177-jan-2025.pdf"
"63-6192","square-one-block22","Square One District Block 22 /97–101 City Centre","downtown","Proposed","proposed","Retain source massing with cited caveat","false","true","false","false","false","No later authoritative evidence of cancellation or replacement found. Retain as proposed source geometry with date and uncertainty visible.","https://urbantoronto.ca/forum/threads/toronto-97-101-city-centre-drive-m-65s-oxford-properties-hariri-pontarini.30788/ ; https://www.mississauga.ca/wp-content/uploads/2025/01/15082458/MOPA177-jan-2025.pdf"
"63-6193","square-one-block22","Square One District Block 22 /97–101 City Centre","downtown","Proposed","proposed","Retain source massing with cited caveat","false","true","false","false","false","No later authoritative evidence of cancellation or replacement found. Retain as proposed source geometry with date and uncertainty visible.","https://urbantoronto.ca/forum/threads/toronto-97-101-city-centre-drive-m-65s-oxford-properties-hariri-pontarini.30788/ ; https://www.mississauga.ca/wp-content/uploads/2025/01/15082458/MOPA177-jan-2025.pdf"
"63-6225","square-one-phase1","Square One District Phase 1: STAK 36 and Dialogue","downtown","Proposed","duplicate-design-version","Exclude duplicate design","false","false","false","true","false","Both proposed high-rise footprints overlap 63-6238. These three components must not be counted as additional future buildings. Their proposed height attributes of 157.8 m and 125.1 m differ from the capture, whose maximum extent is 143 m. Final top elevations remain unverified. Keep these older proposal meshes only in the optional source-design archive.","https://danielsaccess.com/wp-content/uploads/2024/08/Stak36_Siteplan_v2.pdf ; https://danielsaccess.com/project/stak36/ ; https://services6.arcgis.com/hM5ymMLbxIyWTjn2/arcgis/rest/services/Growth_Management_%E2%80%93_Issued_Building_Permits/FeatureServer/0"
"63-6226","square-one-phase1","Square One District Phase 1: STAK 36 and Dialogue","downtown","Proposed","duplicate-design-version","Exclude duplicate design","false","false","false","true","false","Both proposed high-rise footprints overlap 63-6238. These three components must not be counted as additional future buildings. Their proposed height attributes of 157.8 m and 125.1 m differ from the capture, whose maximum extent is 143 m. Final top elevations remain unverified. Keep these older proposal meshes only in the optional source-design archive.","https://danielsaccess.com/wp-content/uploads/2024/08/Stak36_Siteplan_v2.pdf ; https://danielsaccess.com/project/stak36/ ; https://services6.arcgis.com/hM5ymMLbxIyWTjn2/arcgis/rest/services/Growth_Management_%E2%80%93_Issued_Building_Permits/FeatureServer/0"
"63-6227","square-one-phase1","Square One District Phase 1: STAK 36 and Dialogue","downtown","Proposed","duplicate-design-version","Exclude duplicate design","false","false","false","true","false","Both proposed high-rise footprints overlap 63-6238. These three components must not be counted as additional future buildings. Their proposed height attributes of 157.8 m and 125.1 m differ from the capture, whose maximum extent is 143 m. Final top elevations remain unverified. Keep these older proposal meshes only in the optional source-design archive.","https://danielsaccess.com/wp-content/uploads/2024/08/Stak36_Siteplan_v2.pdf ; https://danielsaccess.com/project/stak36/ ; https://services6.arcgis.com/hM5ymMLbxIyWTjn2/arcgis/rest/services/Growth_Management_%E2%80%93_Issued_Building_Permits/FeatureServer/0"
"63-6238","square-one-phase1","Square One District Phase 1: STAK 36 and Dialogue","downtown","Under Construction","completed-existing","reclassify completed; retain dated source geometry","true","true","false","false","false","This combined two-tower LiDAR record occupies the same tower footprints as 63-6226 and 63-6227, with podium 63-6225. The developer now markets move-in-ready STAK36 and Dialogue is operating. Keep the capture once, with an explicit 2024 geometry date. Its 143 m maximum extent is not certified final geometry. The current developer fact sheet lists STAK36 at 48 storeys; Dialogue is marketed at 37.","https://danielsaccess.com/wp-content/uploads/2024/08/Stak36_Siteplan_v2.pdf ; https://danielsaccess.com/project/stak36/ ; https://danielsaccess.com/wp-content/uploads/2024/08/240446_T8175_Stak36_Fast-Fact-Sheet_8.5x11_FA1.pdf ; https://www.rentdialogue.com/suites"
"63-6222","square-one-phase2","Square One District: 4250 Living Arts Drive and 320 Rathburn Road West","downtown","Proposed","proposed","retain with current application version note","false","true","false","false","false","The June 2026 City register identifies SP 19-144 as two towers of 41 and 31 storeys at 4250 Living Arts Drive and 320 Rathburn Road West, formerly 4220 Living Arts Drive. These four components form two tower and podium pairs north of the completed first phase. The 2024 marketing site plan and UrbanToronto list other versions. Preserve the source geometry with this version warning; the current storey count does not establish current architectural heights.","https://services6.arcgis.com/hM5ymMLbxIyWTjn2/arcgis/rest/services/Growth_Management_%E2%80%93_Active_Development_Applications/FeatureServer/0 ; https://danielsaccess.com/wp-content/uploads/2024/08/Stak36_Siteplan_v2.pdf"
"63-6223","square-one-phase2","Square One District: 4250 Living Arts Drive and 320 Rathburn Road West","downtown","Proposed","proposed","retain with current application version note","false","true","false","false","false","The June 2026 City register identifies SP 19-144 as two towers of 41 and 31 storeys at 4250 Living Arts Drive and 320 Rathburn Road West, formerly 4220 Living Arts Drive. These four components form two tower and podium pairs north of the completed first phase. The 2024 marketing site plan and UrbanToronto list other versions. Preserve the source geometry with this version warning; the current storey count does not establish current architectural heights.","https://services6.arcgis.com/hM5ymMLbxIyWTjn2/arcgis/rest/services/Growth_Management_%E2%80%93_Active_Development_Applications/FeatureServer/0 ; https://danielsaccess.com/wp-content/uploads/2024/08/Stak36_Siteplan_v2.pdf"
"63-6224","square-one-phase2","Square One District: 4250 Living Arts Drive and 320 Rathburn Road West","downtown","Proposed","proposed","retain with current application version note","false","true","false","false","false","The June 2026 City register identifies SP 19-144 as two towers of 41 and 31 storeys at 4250 Living Arts Drive and 320 Rathburn Road West, formerly 4220 Living Arts Drive. These four components form two tower and podium pairs north of the completed first phase. The 2024 marketing site plan and UrbanToronto list other versions. Preserve the source geometry with this version warning; the current storey count does not establish current architectural heights.","https://services6.arcgis.com/hM5ymMLbxIyWTjn2/arcgis/rest/services/Growth_Management_%E2%80%93_Active_Development_Applications/FeatureServer/0 ; https://danielsaccess.com/wp-content/uploads/2024/08/Stak36_Siteplan_v2.pdf"
"63-6228","square-one-phase2","Square One District: 4250 Living Arts Drive and 320 Rathburn Road West","downtown","Proposed","proposed","retain with current application version note","false","true","false","false","false","The June 2026 City register identifies SP 19-144 as two towers of 41 and 31 storeys at 4250 Living Arts Drive and 320 Rathburn Road West, formerly 4220 Living Arts Drive. These four components form two tower and podium pairs north of the completed first phase. The 2024 marketing site plan and UrbanToronto list other versions. Preserve the source geometry with this version warning; the current storey count does not establish current architectural heights.","https://services6.arcgis.com/hM5ymMLbxIyWTjn2/arcgis/rest/services/Growth_Management_%E2%80%93_Active_Development_Applications/FeatureServer/0 ; https://danielsaccess.com/wp-content/uploads/2024/08/Stak36_Siteplan_v2.pdf"
"71-6188","st-luke-westminster","St Luke’s seniors housing / 4150 Westminster Place","citywide","Proposed","Site plan under review; construction start unverified","Retain source massing with cited caveat","Not separately specified","true","false","false","false","Expected dates are not a confirmed start. Preserve the existing residence and add only the proposed infill geometry.","https://services6.arcgis.com/hM5ymMLbxIyWTjn2/arcgis/rest/services/Growth_Management_%E2%80%93_Active_Development_Applications/FeatureServer/0/query?where=OBJECTID%3D122&outFields=*&outSR=4326&f=pjson ; https://chrisfonseca.ca/wp-content/uploads/2024/11/OZ-OPA-24-10-W3-4150-Westminster-Place-0476-2024-0476-2024.pdf ; https://www.mississauga.ca/services-and-programs/building-and-renovating/incentives-for-building-affordable-rental-housing/"
"21-4738","city-group-155","St. Gerasimos and St. Barbara Greek Orthodox Church","inventory73-status","Proposed","Rebuilding announced by parish; current physical stage unverified","Retain source version in violet; exclude from strict verified scenario","Not separately specified","true","false","false","true","Parish website says rebuilding is commencing and invites support for foundation work after a fire. It is undated, so no precise current stage, start or completion date is asserted. Existing religious activity is separate from the new source geometry.","https://services6.arcgis.com/hM5ymMLbxIyWTjn2/arcgis/rest/services/Growth_Management_%E2%80%93_Active_Development_Applications/FeatureServer/0/query?where=OBJECTID%3D11&outFields=*&outSR=4326&f=pjson ; https://stbarbaragoc.ca/"
"21-4739","city-group-155","St. Gerasimos and St. Barbara Greek Orthodox Church","inventory73-status","Proposed","Rebuilding announced by parish; current physical stage unverified","Retain source version in violet; exclude from strict verified scenario","Not separately specified","true","false","false","true","Parish website says rebuilding is commencing and invites support for foundation work after a fire. It is undated, so no precise current stage, start or completion date is asserted. Existing religious activity is separate from the new source geometry.","https://services6.arcgis.com/hM5ymMLbxIyWTjn2/arcgis/rest/services/Growth_Management_%E2%80%93_Active_Development_Applications/FeatureServer/0/query?where=OBJECTID%3D11&outFields=*&outSR=4326&f=pjson ; https://stbarbaragoc.ca/"
"51-5296","city-group-144","St. Mark & St. Demiana Coptic Orthodox Church","inventory73-status","Proposed","Application retained; current construction and completion unverified","Retain source massing with cited caveat","Not separately specified","true","false","false","false","Current City application remains under review; Ontario 2026 sewage-approval proposal explicitly describes the church site as vacant. Ninth Line road construction is a separate project and not church completion.","https://services6.arcgis.com/hM5ymMLbxIyWTjn2/arcgis/rest/services/Growth_Management_%E2%80%93_Active_Development_Applications/FeatureServer/0/query?where=OBJECTID%3D52&outFields=*&outSR=4326&f=pjson ; https://www.mississauga.ca/services-and-programs/planning-and-development/development-applications/active-development-applications/0-ninth-line-oz-20-16-w8/ ; https://ero.ontario.ca/notice/026-0241"
"51-5297","city-group-144","St. Mark & St. Demiana Coptic Orthodox Church","inventory73-status","Proposed","Application retained; current construction and completion unverified","Retain source massing with cited caveat","Not separately specified","true","false","false","false","Current City application remains under review; Ontario 2026 sewage-approval proposal explicitly describes the church site as vacant. Ninth Line road construction is a separate project and not church completion.","https://services6.arcgis.com/hM5ymMLbxIyWTjn2/arcgis/rest/services/Growth_Management_%E2%80%93_Active_Development_Applications/FeatureServer/0/query?where=OBJECTID%3D52&outFields=*&outSR=4326&f=pjson ; https://www.mississauga.ca/services-and-programs/planning-and-development/development-applications/active-development-applications/0-ninth-line-oz-20-16-w8/ ; https://ero.ontario.ca/notice/026-0241"
"51-5298","city-group-144","St. Mark & St. Demiana Coptic Orthodox Church","inventory73-status","Proposed","Application retained; current construction and completion unverified","Retain source massing with cited caveat","Not separately specified","true","false","false","false","Current City application remains under review; Ontario 2026 sewage-approval proposal explicitly describes the church site as vacant. Ninth Line road construction is a separate project and not church completion.","https://services6.arcgis.com/hM5ymMLbxIyWTjn2/arcgis/rest/services/Growth_Management_%E2%80%93_Active_Development_Applications/FeatureServer/0/query?where=OBJECTID%3D52&outFields=*&outSR=4326&f=pjson ; https://www.mississauga.ca/services-and-programs/planning-and-development/development-applications/active-development-applications/0-ninth-line-oz-20-16-w8/ ; https://ero.ontario.ca/notice/026-0241"
"22-14223","city-group-57","Streetsville Care Community","inventory73-status","Proposed","Redevelopment planned; construction forecast Q1 2027","Retain source massing with cited caveat","Not separately specified","true","false","false","false","Sienna August 4, 2026 results say the 256-bed Streetsville redevelopment is expected to start Q1 2027 and finish late 2029, subject to approvals. This replaces the operating 118-bed home. Existing-home occupancy does not complete the redevelopment.","https://services6.arcgis.com/hM5ymMLbxIyWTjn2/arcgis/rest/services/Growth_Management_%E2%80%93_Active_Development_Applications/FeatureServer/0/query?where=OBJECTID%3D55&outFields=*&outSR=4326&f=pjson ; https://siennaliving.gcs-web.com/news-releases/news-release-details/sienna-reports-second-quarter-2026-financial-results-and-forms ; https://www.ontario.ca/locations/longtermcare/homes/2648-streetsville-community/"
"12-16998","streetsville-centre","Streetsville Centre plaza redevelopment","citywide","Proposed","Appealed","Retain source massing with cited caveat","Not separately specified","true","false","false","false","Address coordinates are approximate map pins. City snapshot meshes are source massing, not construction drawings; latest approvals and final detailed architecture may differ.","https://www.mississauga.ca/services-and-programs/planning-and-development/development-applications/active-development-applications/120-128-142-154-158-queen-street-south-and-169-crumbie-street-oz-opa-24-8-w11-and-21t-m-24-4-w11/ ; https://urbantoronto.ca/forum/threads/toronto-streetsville-centre-plaza-redevelopment-60-6m-15s-dezen-srm-architects.13599/page-3"
"12-16999","streetsville-centre","Streetsville Centre plaza redevelopment","citywide","Proposed","Appealed","Retain source massing with cited caveat","Not separately specified","true","false","false","false","Address coordinates are approximate map pins. City snapshot meshes are source massing, not construction drawings; latest approvals and final detailed architecture may differ.","https://www.mississauga.ca/services-and-programs/planning-and-development/development-applications/active-development-applications/120-128-142-154-158-queen-street-south-and-169-crumbie-street-oz-opa-24-8-w11-and-21t-m-24-4-w11/ ; https://urbantoronto.ca/forum/threads/toronto-streetsville-centre-plaza-redevelopment-60-6m-15s-dezen-srm-architects.13599/page-3"
"12-17000","streetsville-centre","Streetsville Centre plaza redevelopment","citywide","Proposed","Appealed","Retain source massing with cited caveat","Not separately specified","true","false","false","false","Address coordinates are approximate map pins. City snapshot meshes are source massing, not construction drawings; latest approvals and final detailed architecture may differ.","https://www.mississauga.ca/services-and-programs/planning-and-development/development-applications/active-development-applications/120-128-142-154-158-queen-street-south-and-169-crumbie-street-oz-opa-24-8-w11-and-21t-m-24-4-w11/ ; https://urbantoronto.ca/forum/threads/toronto-streetsville-centre-plaza-redevelopment-60-6m-15s-dezen-srm-architects.13599/page-3"
"12-17001","streetsville-centre","Streetsville Centre plaza redevelopment","citywide","Proposed","Appealed","Retain source massing with cited caveat","Not separately specified","true","false","false","false","Address coordinates are approximate map pins. City snapshot meshes are source massing, not construction drawings; latest approvals and final detailed architecture may differ.","https://www.mississauga.ca/services-and-programs/planning-and-development/development-applications/active-development-applications/120-128-142-154-158-queen-street-south-and-169-crumbie-street-oz-opa-24-8-w11-and-21t-m-24-4-w11/ ; https://urbantoronto.ca/forum/threads/toronto-streetsville-centre-plaza-redevelopment-60-6m-15s-dezen-srm-architects.13599/page-3"
"12-17002","streetsville-centre","Streetsville Centre plaza redevelopment","citywide","Proposed","Appealed","Retain source massing with cited caveat","Not separately specified","true","false","false","false","Address coordinates are approximate map pins. City snapshot meshes are source massing, not construction drawings; latest approvals and final detailed architecture may differ.","https://www.mississauga.ca/services-and-programs/planning-and-development/development-applications/active-development-applications/120-128-142-154-158-queen-street-south-and-169-crumbie-street-oz-opa-24-8-w11-and-21t-m-24-4-w11/ ; https://urbantoronto.ca/forum/threads/toronto-streetsville-centre-plaza-redevelopment-60-6m-15s-dezen-srm-architects.13599/page-3"
"12-17003","streetsville-centre","Streetsville Centre plaza redevelopment","citywide","Proposed","Appealed","Retain source massing with cited caveat","Not separately specified","true","false","false","false","Address coordinates are approximate map pins. City snapshot meshes are source massing, not construction drawings; latest approvals and final detailed architecture may differ.","https://www.mississauga.ca/services-and-programs/planning-and-development/development-applications/active-development-applications/120-128-142-154-158-queen-street-south-and-169-crumbie-street-oz-opa-24-8-w11-and-21t-m-24-4-w11/ ; https://urbantoronto.ca/forum/threads/toronto-streetsville-centre-plaza-redevelopment-60-6m-15s-dezen-srm-architects.13599/page-3"
"12-17004","streetsville-centre","Streetsville Centre plaza redevelopment","citywide","Proposed","Appealed","Retain source massing with cited caveat","Not separately specified","true","false","false","false","Address coordinates are approximate map pins. City snapshot meshes are source massing, not construction drawings; latest approvals and final detailed architecture may differ.","https://www.mississauga.ca/services-and-programs/planning-and-development/development-applications/active-development-applications/120-128-142-154-158-queen-street-south-and-169-crumbie-street-oz-opa-24-8-w11-and-21t-m-24-4-w11/ ; https://urbantoronto.ca/forum/threads/toronto-streetsville-centre-plaza-redevelopment-60-6m-15s-dezen-srm-architects.13599/page-3"
"12-17005","streetsville-centre","Streetsville Centre plaza redevelopment","citywide","Proposed","Appealed","Retain source massing with cited caveat","Not separately specified","true","false","false","false","Address coordinates are approximate map pins. City snapshot meshes are source massing, not construction drawings; latest approvals and final detailed architecture may differ.","https://www.mississauga.ca/services-and-programs/planning-and-development/development-applications/active-development-applications/120-128-142-154-158-queen-street-south-and-169-crumbie-street-oz-opa-24-8-w11-and-21t-m-24-4-w11/ ; https://urbantoronto.ca/forum/threads/toronto-streetsville-centre-plaza-redevelopment-60-6m-15s-dezen-srm-architects.13599/page-3"
"12-17006","streetsville-centre","Streetsville Centre plaza redevelopment","citywide","Proposed","Appealed","Retain source massing with cited caveat","Not separately specified","true","false","false","false","Address coordinates are approximate map pins. City snapshot meshes are source massing, not construction drawings; latest approvals and final detailed architecture may differ.","https://www.mississauga.ca/services-and-programs/planning-and-development/development-applications/active-development-applications/120-128-142-154-158-queen-street-south-and-169-crumbie-street-oz-opa-24-8-w11-and-21t-m-24-4-w11/ ; https://urbantoronto.ca/forum/threads/toronto-streetsville-centre-plaza-redevelopment-60-6m-15s-dezen-srm-architects.13599/page-3"
"12-17007","streetsville-centre","Streetsville Centre plaza redevelopment","citywide","Proposed","Appealed","Retain source massing with cited caveat","Not separately specified","true","false","false","false","Address coordinates are approximate map pins. City snapshot meshes are source massing, not construction drawings; latest approvals and final detailed architecture may differ.","https://www.mississauga.ca/services-and-programs/planning-and-development/development-applications/active-development-applications/120-128-142-154-158-queen-street-south-and-169-crumbie-street-oz-opa-24-8-w11-and-21t-m-24-4-w11/ ; https://urbantoronto.ca/forum/threads/toronto-streetsville-centre-plaza-redevelopment-60-6m-15s-dezen-srm-architects.13599/page-3"
"12-17008","streetsville-centre","Streetsville Centre plaza redevelopment","citywide","Proposed","Appealed","Retain source massing with cited caveat","Not separately specified","true","false","false","false","Address coordinates are approximate map pins. City snapshot meshes are source massing, not construction drawings; latest approvals and final detailed architecture may differ.","https://www.mississauga.ca/services-and-programs/planning-and-development/development-applications/active-development-applications/120-128-142-154-158-queen-street-south-and-169-crumbie-street-oz-opa-24-8-w11-and-21t-m-24-4-w11/ ; https://urbantoronto.ca/forum/threads/toronto-streetsville-centre-plaza-redevelopment-60-6m-15s-dezen-srm-architects.13599/page-3"
"12-17009","streetsville-centre","Streetsville Centre plaza redevelopment","citywide","Proposed","Appealed","Retain source massing with cited caveat","Not separately specified","true","false","false","false","Address coordinates are approximate map pins. City snapshot meshes are source massing, not construction drawings; latest approvals and final detailed architecture may differ.","https://www.mississauga.ca/services-and-programs/planning-and-development/development-applications/active-development-applications/120-128-142-154-158-queen-street-south-and-169-crumbie-street-oz-opa-24-8-w11-and-21t-m-24-4-w11/ ; https://urbantoronto.ca/forum/threads/toronto-streetsville-centre-plaza-redevelopment-60-6m-15s-dezen-srm-architects.13599/page-3"
"12-17010","streetsville-centre","Streetsville Centre plaza redevelopment","citywide","Proposed","Appealed","Retain source massing with cited caveat","Not separately specified","true","false","false","false","Address coordinates are approximate map pins. City snapshot meshes are source massing, not construction drawings; latest approvals and final detailed architecture may differ.","https://www.mississauga.ca/services-and-programs/planning-and-development/development-applications/active-development-applications/120-128-142-154-158-queen-street-south-and-169-crumbie-street-oz-opa-24-8-w11-and-21t-m-24-4-w11/ ; https://urbantoronto.ca/forum/threads/toronto-streetsville-centre-plaza-redevelopment-60-6m-15s-dezen-srm-architects.13599/page-3"
"12-17011","streetsville-centre","Streetsville Centre plaza redevelopment","citywide","Proposed","Appealed","Retain source massing with cited caveat","Not separately specified","true","false","false","false","Address coordinates are approximate map pins. City snapshot meshes are source massing, not construction drawings; latest approvals and final detailed architecture may differ.","https://www.mississauga.ca/services-and-programs/planning-and-development/development-applications/active-development-applications/120-128-142-154-158-queen-street-south-and-169-crumbie-street-oz-opa-24-8-w11-and-21t-m-24-4-w11/ ; https://urbantoronto.ca/forum/threads/toronto-streetsville-centre-plaza-redevelopment-60-6m-15s-dezen-srm-architects.13599/page-3"
"12-17012","streetsville-centre","Streetsville Centre plaza redevelopment","citywide","Proposed","Appealed","Retain source massing with cited caveat","Not separately specified","true","false","false","false","Address coordinates are approximate map pins. City snapshot meshes are source massing, not construction drawings; latest approvals and final detailed architecture may differ.","https://www.mississauga.ca/services-and-programs/planning-and-development/development-applications/active-development-applications/120-128-142-154-158-queen-street-south-and-169-crumbie-street-oz-opa-24-8-w11-and-21t-m-24-4-w11/ ; https://urbantoronto.ca/forum/threads/toronto-streetsville-centre-plaza-redevelopment-60-6m-15s-dezen-srm-architects.13599/page-3"
"12-17013","streetsville-centre","Streetsville Centre plaza redevelopment","citywide","Proposed","Appealed","Retain source massing with cited caveat","Not separately specified","true","false","false","false","Address coordinates are approximate map pins. City snapshot meshes are source massing, not construction drawings; latest approvals and final detailed architecture may differ.","https://www.mississauga.ca/services-and-programs/planning-and-development/development-applications/active-development-applications/120-128-142-154-158-queen-street-south-and-169-crumbie-street-oz-opa-24-8-w11-and-21t-m-24-4-w11/ ; https://urbantoronto.ca/forum/threads/toronto-streetsville-centre-plaza-redevelopment-60-6m-15s-dezen-srm-architects.13599/page-3"
"12-17014","streetsville-centre","Streetsville Centre plaza redevelopment","citywide","Proposed","Appealed","Retain source massing with cited caveat","Not separately specified","true","false","false","false","Address coordinates are approximate map pins. City snapshot meshes are source massing, not construction drawings; latest approvals and final detailed architecture may differ.","https://www.mississauga.ca/services-and-programs/planning-and-development/development-applications/active-development-applications/120-128-142-154-158-queen-street-south-and-169-crumbie-street-oz-opa-24-8-w11-and-21t-m-24-4-w11/ ; https://urbantoronto.ca/forum/threads/toronto-streetsville-centre-plaza-redevelopment-60-6m-15s-dezen-srm-architects.13599/page-3"
"12-17015","streetsville-centre","Streetsville Centre plaza redevelopment","citywide","Proposed","Appealed","Retain source massing with cited caveat","Not separately specified","true","false","false","false","Address coordinates are approximate map pins. City snapshot meshes are source massing, not construction drawings; latest approvals and final detailed architecture may differ.","https://www.mississauga.ca/services-and-programs/planning-and-development/development-applications/active-development-applications/120-128-142-154-158-queen-street-south-and-169-crumbie-street-oz-opa-24-8-w11-and-21t-m-24-4-w11/ ; https://urbantoronto.ca/forum/threads/toronto-streetsville-centre-plaza-redevelopment-60-6m-15s-dezen-srm-architects.13599/page-3"
"12-17016","streetsville-centre","Streetsville Centre plaza redevelopment","citywide","Proposed","Appealed","Retain source massing with cited caveat","Not separately specified","true","false","false","false","Address coordinates are approximate map pins. City snapshot meshes are source massing, not construction drawings; latest approvals and final detailed architecture may differ.","https://www.mississauga.ca/services-and-programs/planning-and-development/development-applications/active-development-applications/120-128-142-154-158-queen-street-south-and-169-crumbie-street-oz-opa-24-8-w11-and-21t-m-24-4-w11/ ; https://urbantoronto.ca/forum/threads/toronto-streetsville-centre-plaza-redevelopment-60-6m-15s-dezen-srm-architects.13599/page-3"
"23-6944","city-group-1","Studio Bottega / 6967 Maritz Drive","inventory73-status","Proposed","Studio proposal retained; historical financing hold, current delivery unknown","Retain source version in violet; exclude from strict verified scenario","Not separately specified","true","false","false","true","Applicant letter dated March 15, 2024 says Studio Bottega was on hold while financing/phasing was reviewed. A traffic study assumed 2026 operation for analysis only. Neither establishes delivery or cancellation.","https://services6.arcgis.com/hM5ymMLbxIyWTjn2/arcgis/rest/services/Growth_Management_%E2%80%93_Active_Development_Applications/FeatureServer/0/query?where=OBJECTID%3D180&outFields=*&outSR=4326&f=pjson ; https://pub-mississauga.escribemeetings.com/filestream.ashx?DocumentId=68886 ; https://www.mississauga.ca/wp-content/uploads/2024/12/05145710/Transportation-Impact-Study-OZ-OPA-24-2-W11-21T-M24001-W11.pdf"
"23-6945","city-group-1","Studio Bottega / 6967 Maritz Drive","inventory73-status","Proposed","Studio proposal retained; historical financing hold, current delivery unknown","Retain source version in violet; exclude from strict verified scenario","Not separately specified","true","false","false","true","Applicant letter dated March 15, 2024 says Studio Bottega was on hold while financing/phasing was reviewed. A traffic study assumed 2026 operation for analysis only. Neither establishes delivery or cancellation.","https://services6.arcgis.com/hM5ymMLbxIyWTjn2/arcgis/rest/services/Growth_Management_%E2%80%93_Active_Development_Applications/FeatureServer/0/query?where=OBJECTID%3D180&outFields=*&outSR=4326&f=pjson ; https://pub-mississauga.escribemeetings.com/filestream.ashx?DocumentId=68886 ; https://www.mississauga.ca/wp-content/uploads/2024/12/05145710/Transportation-Impact-Study-OZ-OPA-24-2-W11-21T-M24001-W11.pdf"
"92-4857","port-credit-the-ann","The Ann / 10 West","waterfront","Proposed","Current 23-storey design; application under review","Retain simplified municipal massing with caveat","Not separately specified","true","false","false","false","Municipal source main tower is 77.1 m, consistent with the latest lower main roof; official elevation overall height is 82.6 m. Source mesh omits the mechanical roof and is not full architectural detail.","https://www.mississauga.ca/services-and-programs/planning-and-development/development-applications/active-development-applications/17-and-19-ann-street-84-and-90-high-street-and-91-park-street-east-oz-opa-22-3-w1/ ; https://www.mississauga.ca/wp-content/uploads/2025/07/15110828/Elevation-Plan-North-oz-opa-22-3-w1-november-2024.pdf"
"92-4858","port-credit-the-ann","The Ann / 10 West","waterfront","Proposed","Current 23-storey design; application under review","Retain simplified municipal massing with caveat","Not separately specified","true","false","false","false","Municipal source main tower is 77.1 m, consistent with the latest lower main roof; official elevation overall height is 82.6 m. Source mesh omits the mechanical roof and is not full architectural detail.","https://www.mississauga.ca/services-and-programs/planning-and-development/development-applications/active-development-applications/17-and-19-ann-street-84-and-90-high-street-and-91-park-street-east-oz-opa-22-3-w1/ ; https://www.mississauga.ca/wp-content/uploads/2025/07/15110828/Elevation-Plan-North-oz-opa-22-3-w1-november-2024.pdf"
"92-4859","port-credit-the-ann","The Ann / 10 West","waterfront","Proposed","Current 23-storey design; application under review","Retain simplified municipal massing with caveat","Not separately specified","true","false","false","false","Municipal source main tower is 77.1 m, consistent with the latest lower main roof; official elevation overall height is 82.6 m. Source mesh omits the mechanical roof and is not full architectural detail.","https://www.mississauga.ca/services-and-programs/planning-and-development/development-applications/active-development-applications/17-and-19-ann-street-84-and-90-high-street-and-91-park-street-east-oz-opa-22-3-w1/ ; https://www.mississauga.ca/wp-content/uploads/2025/07/15110828/Elevation-Plan-North-oz-opa-22-3-w1-november-2024.pdf"
"92-4860","port-credit-the-ann","The Ann / 10 West","waterfront","Proposed","Current 23-storey design; application under review","Retain simplified municipal massing with caveat","Not separately specified","true","false","false","false","Municipal source main tower is 77.1 m, consistent with the latest lower main roof; official elevation overall height is 82.6 m. Source mesh omits the mechanical roof and is not full architectural detail.","https://www.mississauga.ca/services-and-programs/planning-and-development/development-applications/active-development-applications/17-and-19-ann-street-84-and-90-high-street-and-91-park-street-east-oz-opa-22-3-w1/ ; https://www.mississauga.ca/wp-content/uploads/2025/07/15110828/Elevation-Plan-North-oz-opa-22-3-w1-november-2024.pdf"
"92-4861","port-credit-the-ann","The Ann / 10 West","waterfront","Proposed","Current 23-storey design; application under review","Retain simplified municipal massing with caveat","Not separately specified","true","false","false","false","Municipal source main tower is 77.1 m, consistent with the latest lower main roof; official elevation overall height is 82.6 m. Source mesh omits the mechanical roof and is not full architectural detail.","https://www.mississauga.ca/services-and-programs/planning-and-development/development-applications/active-development-applications/17-and-19-ann-street-84-and-90-high-street-and-91-park-street-east-oz-opa-22-3-w1/ ; https://www.mississauga.ca/wp-content/uploads/2025/07/15110828/Elevation-Plan-North-oz-opa-22-3-w1-november-2024.pdf"
"92-4862","port-credit-the-ann","The Ann / 10 West","waterfront","Proposed","Current 23-storey design; application under review","Retain simplified municipal massing with caveat","Not separately specified","true","false","false","false","Municipal source main tower is 77.1 m, consistent with the latest lower main roof; official elevation overall height is 82.6 m. Source mesh omits the mechanical roof and is not full architectural detail.","https://www.mississauga.ca/services-and-programs/planning-and-development/development-applications/active-development-applications/17-and-19-ann-street-84-and-90-high-street-and-91-park-street-east-oz-opa-22-3-w1/ ; https://www.mississauga.ca/wp-content/uploads/2025/07/15110828/Elevation-Plan-North-oz-opa-22-3-w1-november-2024.pdf"
"92-4863","port-credit-the-ann","The Ann / 10 West","waterfront","Proposed","Current 23-storey design; application under review","Retain simplified municipal massing with caveat","Not separately specified","true","false","false","false","Municipal source main tower is 77.1 m, consistent with the latest lower main roof; official elevation overall height is 82.6 m. Source mesh omits the mechanical roof and is not full architectural detail.","https://www.mississauga.ca/services-and-programs/planning-and-development/development-applications/active-development-applications/17-and-19-ann-street-84-and-90-high-street-and-91-park-street-east-oz-opa-22-3-w1/ ; https://www.mississauga.ca/wp-content/uploads/2025/07/15110828/Elevation-Plan-North-oz-opa-22-3-w1-november-2024.pdf"
"92-4864","port-credit-the-ann","The Ann / 10 West","waterfront","Proposed","Current 23-storey design; application under review","Retain simplified municipal massing with caveat","Not separately specified","true","false","false","false","Municipal source main tower is 77.1 m, consistent with the latest lower main roof; official elevation overall height is 82.6 m. Source mesh omits the mechanical roof and is not full architectural detail.","https://www.mississauga.ca/services-and-programs/planning-and-development/development-applications/active-development-applications/17-and-19-ann-street-84-and-90-high-street-and-91-park-street-east-oz-opa-22-3-w1/ ; https://www.mississauga.ca/wp-content/uploads/2025/07/15110828/Elevation-Plan-North-oz-opa-22-3-w1-november-2024.pdf"
"93-770","brightwater-mason","The Mason at Brightwater","construction-status","Under Construction","Completed and occupied","Retain source massing with cited caveat","Not separately specified","true","false","false","false","Dream Q1 2025 MD&A states occupancy began in that quarter and reached 74% by March 31. Q4 2025 MD&A confirms Mason closings. Captured vertical extent includes a spurious below-ground base; do not interpret total bounds as tower height.","https://investors.dream.ca/wp-content/uploads/2025/05/Dream-Unlimited-Q1-2025_FINAL.pdf ; https://newsfile.futunn.com/public/NN-PersistNoticeAttachment/7781/20260218/SEDAR_PLUS/CSA_SEDAR_PLUS_NOTICE_RECORD_ID_2321819.pdf"
"63-6229","orchard-189","The Orchard District / 189 Dundas Street West","citywide","Proposed","OLT-approved revised scheme; site plan pending","Exclude superseded geometry","Not separately specified","false","true","false","false","City snapshot names the site 149 Dundas West (SP 22-162) and retains the former 32-storey tower. Even the June 2026 pipeline description repeats 18/20/32 storeys and 966 homes. The later binding order controls; exclude superseded snapshot geometry.","https://www.omb.gov.on.ca/e-decisions/OLT-22-004125-JAN-19-2024.PDF ; https://www.mississauga.ca/wp-content/uploads/2024/08/14083711/mississauga-official-plan-amendment-mopa-168.pdf ; https://urbantoronto.ca/forum/threads/toronto-the-orchard-district-m-25s-gala-bdp-quadrangle.28351/page-2 ; https://services6.arcgis.com/hM5ymMLbxIyWTjn2/arcgis/rest/services/Growth_Management_%E2%80%93_Active_Development_Applications/FeatureServer/0/query?where=OBJECTID%3D211&outFields=*&outSR=4326&f=pjson"
"63-6230","orchard-189","The Orchard District / 189 Dundas Street West","citywide","Proposed","OLT-approved revised scheme; site plan pending","Exclude superseded geometry","Not separately specified","false","true","false","false","City snapshot names the site 149 Dundas West (SP 22-162) and retains the former 32-storey tower. Even the June 2026 pipeline description repeats 18/20/32 storeys and 966 homes. The later binding order controls; exclude superseded snapshot geometry.","https://www.omb.gov.on.ca/e-decisions/OLT-22-004125-JAN-19-2024.PDF ; https://www.mississauga.ca/wp-content/uploads/2024/08/14083711/mississauga-official-plan-amendment-mopa-168.pdf ; https://urbantoronto.ca/forum/threads/toronto-the-orchard-district-m-25s-gala-bdp-quadrangle.28351/page-2 ; https://services6.arcgis.com/hM5ymMLbxIyWTjn2/arcgis/rest/services/Growth_Management_%E2%80%93_Active_Development_Applications/FeatureServer/0/query?where=OBJECTID%3D211&outFields=*&outSR=4326&f=pjson"
"63-6231","orchard-189","The Orchard District / 189 Dundas Street West","citywide","Proposed","OLT-approved revised scheme; site plan pending","Exclude superseded geometry","Not separately specified","false","true","false","false","City snapshot names the site 149 Dundas West (SP 22-162) and retains the former 32-storey tower. Even the June 2026 pipeline description repeats 18/20/32 storeys and 966 homes. The later binding order controls; exclude superseded snapshot geometry.","https://www.omb.gov.on.ca/e-decisions/OLT-22-004125-JAN-19-2024.PDF ; https://www.mississauga.ca/wp-content/uploads/2024/08/14083711/mississauga-official-plan-amendment-mopa-168.pdf ; https://urbantoronto.ca/forum/threads/toronto-the-orchard-district-m-25s-gala-bdp-quadrangle.28351/page-2 ; https://services6.arcgis.com/hM5ymMLbxIyWTjn2/arcgis/rest/services/Growth_Management_%E2%80%93_Active_Development_Applications/FeatureServer/0/query?where=OBJECTID%3D211&outFields=*&outSR=4326&f=pjson"
"63-6232","orchard-189","The Orchard District / 189 Dundas Street West","citywide","Proposed","OLT-approved revised scheme; site plan pending","Exclude superseded geometry","Not separately specified","false","true","false","false","City snapshot names the site 149 Dundas West (SP 22-162) and retains the former 32-storey tower. Even the June 2026 pipeline description repeats 18/20/32 storeys and 966 homes. The later binding order controls; exclude superseded snapshot geometry.","https://www.omb.gov.on.ca/e-decisions/OLT-22-004125-JAN-19-2024.PDF ; https://www.mississauga.ca/wp-content/uploads/2024/08/14083711/mississauga-official-plan-amendment-mopa-168.pdf ; https://urbantoronto.ca/forum/threads/toronto-the-orchard-district-m-25s-gala-bdp-quadrangle.28351/page-2 ; https://services6.arcgis.com/hM5ymMLbxIyWTjn2/arcgis/rest/services/Growth_Management_%E2%80%93_Active_Development_Applications/FeatureServer/0/query?where=OBJECTID%3D211&outFields=*&outSR=4326&f=pjson"
"63-6233","orchard-189","The Orchard District / 189 Dundas Street West","citywide","Proposed","OLT-approved revised scheme; site plan pending","Exclude superseded geometry","Not separately specified","false","true","false","false","City snapshot names the site 149 Dundas West (SP 22-162) and retains the former 32-storey tower. Even the June 2026 pipeline description repeats 18/20/32 storeys and 966 homes. The later binding order controls; exclude superseded snapshot geometry.","https://www.omb.gov.on.ca/e-decisions/OLT-22-004125-JAN-19-2024.PDF ; https://www.mississauga.ca/wp-content/uploads/2024/08/14083711/mississauga-official-plan-amendment-mopa-168.pdf ; https://urbantoronto.ca/forum/threads/toronto-the-orchard-district-m-25s-gala-bdp-quadrangle.28351/page-2 ; https://services6.arcgis.com/hM5ymMLbxIyWTjn2/arcgis/rest/services/Growth_Management_%E2%80%93_Active_Development_Applications/FeatureServer/0/query?where=OBJECTID%3D211&outFields=*&outSR=4326&f=pjson"
"63-6234","orchard-189","The Orchard District / 189 Dundas Street West","citywide","Proposed","OLT-approved revised scheme; site plan pending","Exclude superseded geometry","Not separately specified","false","true","false","false","City snapshot names the site 149 Dundas West (SP 22-162) and retains the former 32-storey tower. Even the June 2026 pipeline description repeats 18/20/32 storeys and 966 homes. The later binding order controls; exclude superseded snapshot geometry.","https://www.omb.gov.on.ca/e-decisions/OLT-22-004125-JAN-19-2024.PDF ; https://www.mississauga.ca/wp-content/uploads/2024/08/14083711/mississauga-official-plan-amendment-mopa-168.pdf ; https://urbantoronto.ca/forum/threads/toronto-the-orchard-district-m-25s-gala-bdp-quadrangle.28351/page-2 ; https://services6.arcgis.com/hM5ymMLbxIyWTjn2/arcgis/rest/services/Growth_Management_%E2%80%93_Active_Development_Applications/FeatureServer/0/query?where=OBJECTID%3D211&outFields=*&outSR=4326&f=pjson"
"102-7101","","Unidentified municipal component 102-7101","construction-status","Under Construction","Current completion unverified","Retain source version in violet; exclude from strict verified scenario","Not separately specified","true","false","false","true","Nearby 2024 City permits concern new houses at 1408 and 1412 South Service. Reverse geocoder returned a former 1414 office POI; this is not sufficient to assign either individual mesh. No current completion evidence found. Retain source forms in violet.","https://www.mississauga.ca/wp-content/uploads/2024/03/27144643/February-2024-Statistics-Canada-Permit-Report.pdf ; https://www.mississauga.ca/wp-content/uploads/2024/02/January-2024-Statistics-Canada-Permit-Report.pdf"
"102-7105","","Unidentified municipal component 102-7105","construction-status","Under Construction","Current completion unverified","Retain source version in violet; exclude from strict verified scenario","Not separately specified","true","false","false","true","Nearby 2024 City permits concern new houses at 1408 and 1412 South Service. Reverse geocoder returned a former 1414 office POI; this is not sufficient to assign either individual mesh. No current completion evidence found. Retain source forms in violet.","https://www.mississauga.ca/wp-content/uploads/2024/03/27144643/February-2024-Statistics-Canada-Permit-Report.pdf ; https://www.mississauga.ca/wp-content/uploads/2024/02/January-2024-Statistics-Canada-Permit-Report.pdf"
"102-7128","","Unidentified municipal component 102-7128","construction-status","Under Construction","Physically complete by November 2025 listing; exact occupancy date unknown","Retain source massing with cited caveat","Not separately specified","true","false","false","false","City 2022 permit and current listing match address. Listing offered a finished custom house on November 4, 2025, subsequently delisted February 5, 2026. Delisting is not a sale or an occupancy certificate.","https://www.redfin.ca/on/mississauga/1560-Asgard-Dr-L5E-2B9/home/150989367 ; https://www.mississauga.ca/wp-content/uploads/2022/10/StatisticsCanada__2022Sept.pdf"
"103-1103","","Unidentified municipal component 103-1103","construction-status","Under Construction","Current identity and completion unverified","Retain source version in violet; exclude from strict verified scenario","Not separately specified","true","false","false","true","Postal-level geocode and distant street interpolation do not identify this specific component. No exact City permit match was returned. General wastewater works or Lakeview activity cannot establish this building status.","https://data.mississauga.ca/pages/mississauga-3d"
"11-5542","","Unidentified municipal component 11-5542","construction-status","Under Construction","Substantial performance certified; occupancy date unverified","Retain source massing with cited caveat","Not separately specified","true","false","false","false","Published contract certificate records substantial performance September 17, 2025. Substantial performance is not a statutory occupancy certificate and later permit work can continue.","https://certificates.link2build.ca/Search/Detail/66e8461e-45e7-411c-96ac-b35c00c8ceb4 ; https://certificates.link2build.ca/Search/Detail/bc26244e-86a1-45ce-aec1-b2600106a576 ; https://www.mississauga.ca/wp-content/uploads/2026/01/16114731/November-2025-Detailed-Building-Permit-Report.pdf"
"11-5545","","Unidentified municipal component 11-5545","construction-status","Under Construction","Current completion unverified","Retain source version in violet; exclude from strict verified scenario","Not separately specified","true","false","false","true","City issued permit BP 3NEW 201505 on November 27, 2020 for a one-storey 862 m² addition. Permit confirms identity and scope only. No current completion evidence found.","https://www6.mississauga.ca/onlinemaps/planbldg/eCityReports/Building/StatisticsCanada_2020Nov.pdf ; https://www.mississauga.ca/wp-content/uploads/2021/06/25140246/2020-Nov-Building-Permit-Detail-Reports.pdf"
"12-17083","","Unidentified municipal component 12-17083","construction-status","Under Construction","Completed / occupied townhomes","Retain source massing with cited caveat","Not separately specified","true","false","false","false","Current 2026 residential rental listing supports usable finished townhome at exact address. Dunpar project identity is distinct from the De Zen Streetsville Centre plaza proposal on Queen Street.","https://dunparhomes.com/residential-details-streetsville/ ; https://www.zolo.ca/mississauga-real-estate/35-lunar-crescent/128"
"12-17095","","Unidentified municipal component 12-17095","construction-status","Under Construction","Completed / occupied townhomes","Retain source massing with cited caveat","Not separately specified","true","false","false","false","Exact-address property evidence identifies a 2025-built home sold in March 2026. This is not the separate Streetsville Centre plaza redevelopment.","https://dunparhomes.com/residential-details-streetsville/ ; https://condos.ca/mississauga/55-lunar-crescent-mississauga/unit-139-W12842776"
"13-11445","","Unidentified municipal component 13-11445","construction-status","Under Construction","Completed and reopened","Retain source massing with cited caveat","Not separately specified","true","false","false","false","City announced the community reopening for December 13, 2025. Current Ward 9 information describes the newly renovated operating station.","https://www.mississauga.ca/city-of-mississauga-news/news/mississaugas-fire-station-108-is-ready-to-ignite-excitement-at-its-community-re-opening-event/ ; https://ward9.ca/ward-9-development/"
"21-4741","","Unidentified municipal component 21-4741","construction-status","Under Construction","Current completion and operating identity unverified","Retain source version in violet; exclude from strict verified scenario","Not separately specified","true","false","false","true","October 2022 City permit identifies a new two-storey 600 m² tire centre. A construction certificate may refer only to a trade contract; no current operator opening evidence was verified.","https://www.mississauga.ca/wp-content/uploads/2022/12/October-2022-Detailed-Building-Permit-Report.pdf"
"22-14251","","Unidentified municipal component 22-14251","construction-status","Under Construction","Partly operational; Phase 2 work continues","Retain source massing with cited caveat","Not separately specified","true","false","false","false","Official operator is active and solicits Phase 2 completion work, equipment and gym flooring. Its March 2026 tour documents remaining construction. Existing worship use is not proof that the whole Phase 2 addition is complete; the two captured forms cannot be assigned independently to finished/unfinished contracts.","https://www.masjidfarooq.com/ ; https://www.youtube.com/watch?v=j7mFmdlPBxQ"
"22-1896","","Unidentified municipal component 22-1896","construction-status","Under Construction","Partly operational; Phase 2 work continues","Retain source massing with cited caveat","Not separately specified","true","false","false","false","Official operator is active and solicits Phase 2 completion work, equipment and gym flooring. Its March 2026 tour documents remaining construction. Existing worship use is not proof that the whole Phase 2 addition is complete; the two captured forms cannot be assigned independently to finished/unfinished contracts.","https://www.masjidfarooq.com/ ; https://www.youtube.com/watch?v=j7mFmdlPBxQ"
"33-4091","","Unidentified municipal component 33-4091","construction-status","Under Construction","Completed / occupied Phase 1; later phases remain proposed","Retain source massing with cited caveat","Not separately specified","true","false","false","false","Official Liberty contact identifies the Phase 1 address; current property evidence reports completion in 2025 and occupied transactions. A combined three-building UrbanToronto entry still showing construction is not phase-specific.","https://www.libertydevelopment.ca/canopytowers/ ; https://www.libertydevelopment.ca/canopytowers/contact/ ; https://www.condoinvestments.ca/mississauga/canopy-towers-condos-2786 ; https://fastscreen.ca/buildings/5081-5105-hurontario-street"
"41-7762","","Unidentified municipal component 41-7762","construction-status","Under Construction","Current completion unverified","Retain source version in violet; exclude from strict verified scenario","Not separately specified","true","false","false","true","April 2023 City permit identifies a new two-storey detached home. No current completion or occupancy evidence was found.","https://www.mississauga.ca/wp-content/uploads/2023/06/April-2023-Statistics-Canada-Permit-Report.pdf"
"41-7770","","Unidentified municipal component 41-7770","construction-status","Under Construction","Physically complete building marketed in 2026; occupancy unknown","Retain source massing with cited caveat","Not separately specified","true","false","false","false","Current MLS W13551004 explicitly offers a brand-new freestanding industrial building. Royal LePage and Realtor mirror the same listing, so they are one underlying evidence source, not independent corroboration.","https://www.royallepage.ca/en/property/ontario/mississauga/2611-drew-road/28671730/mlsw13551004/ ; https://www.realtor.ca/real-estate/30019641/2611-drew-road-mississauga-northeast"
"43-295","","Unidentified municipal component 43-295","construction-status","Under Construction","Completed and operating","Retain source massing with cited caveat","Not separately specified","true","false","false","false","Both official Hyatt hotel pages offer the operating hotel at this address; UrbanToronto database marks Complete. A secondary 2025 opening year is not promoted to an exact primary-source opening date.","https://www.hyatt.com/hyatt-place/en-US/yyzza-hyatt-place-mississauga-airport-corporate-centre ; https://www.hyatt.com/hyatt-house/en-US/yyzxa-hyatt-house-mississauga-airport-corporate-centre ; https://urbantoronto.ca/database/projects/hyatt-toronto-airport-corporate-centre-mississauga.51987"
"51-5314","","Unidentified municipal component 51-5314","construction-status","Under Construction","New building opening unverified; old target has elapsed","Retain source version in violet; exclude from strict verified scenario","Not separately specified","true","false","false","true","2023 provincial announcement targeted winter 2025. Siteworks contractor lists fall/winter 2025 but this is neither full-building completion nor occupancy proof. Official admissions content describes the older 3058 residence and cannot establish opening of the new 160-bed home.","https://news.ontario.ca/en/release/1003710/ontario_breaks_ground_on_long_term_care_home_in_mississauga ; https://rockwellinfrastructure.com/ivan-franko-homes-long-term-care-facility/ ; https://ivanfrankohomes.com/admission ; https://www.ontario.ca/page/ontarios-long-term-care-licensing-public-consultation-registry"
"71-6200","","Unidentified municipal component 71-6200","construction-status","Under Construction","Stalled reported; completion evidence conflicts","Retain source version in violet; exclude from strict verified scenario","Not separately specified","true","false","false","true","Builder project page says Completed 2023, but UrbanToronto December 2024 reporting and January 2026 forum observations describe a stalled unfinished/unoccupied development. The builder date may concern contract scope. No cancellation or occupancy certificate was verified; retain in violet.","https://gillamgroup.com/project/highlight-of-mississauga/ ; https://urbantoronto.ca/news/2024/12/trio-towers-proposed-replace-plaza-fieldgate-and-bloor-mississauga.57552 ; https://toronto.skyrisecities.com/forum/threads/toronto-highlight-of-mississauga-m-14s-knightsbridge-arcadis.27971/page-6"
"82-5574","s2-stonebrook","Unidentified municipal component 82-5574","construction-status","Under Construction","Completed and move-in ready","Retain source massing with cited caveat","Not separately specified","true","false","false","false","Official developer site advertises move-in-ready homes and on-site property management at 1035 Southdown. Secondary building records report 2025 completion and current 2026 rentals.","https://s2stonebrook.ca/ ; https://fastscreen.ca/buildings/1035-southdown-road ; https://skyscraperpage.com/cities/?cityID=306&offset=100&statusID=1%2C2%2C3%2C4"
"92-4866","","Unidentified municipal component 92-4866","construction-status","Under Construction","Current completion unverified","Retain source version in violet; exclude from strict verified scenario","Not separately specified","true","false","false","true","2022 City permit confirms redevelopment. Broker MLS W4697431 describes the former renovation/teardown opportunity and is rejected as evidence of a finished replacement. Source bounds extend below terrain; do not calculate tower height from full extent.","https://www.mississauga.ca/wp-content/uploads/2022/12/October-2022-Statistics-Canada-Permit-Report.pdf ; https://pub-mississauga.escribemeetings.com/filestream.ashx?DocumentId=22764 ; https://ppreteam.com/properties/1450-glenwood-drive"
"42-815","city-group-12","Unipetro Dixie","inventory73-status","Proposed","Application retained; current construction and completion unverified","Retain source massing with cited caveat","Not separately specified","true","false","false","false","The truck stop and former clinic at 1553 Shawson pre-date the proposed hotel/carwash relocation. Clinic relocation in 2021 is not hotel construction evidence.","https://services6.arcgis.com/hM5ymMLbxIyWTjn2/arcgis/rest/services/Growth_Management_%E2%80%93_Active_Development_Applications/FeatureServer/0/query?where=OBJECTID%3D141&outFields=*&outSR=4326&f=pjson ; https://www.drivercheck.ca/news/2021/6/24/our-mississauga-clinic-is-moving-"
"42-816","city-group-12","Unipetro Dixie","inventory73-status","Proposed","Application retained; current construction and completion unverified","Retain source massing with cited caveat","Not separately specified","true","false","false","false","The truck stop and former clinic at 1553 Shawson pre-date the proposed hotel/carwash relocation. Clinic relocation in 2021 is not hotel construction evidence.","https://services6.arcgis.com/hM5ymMLbxIyWTjn2/arcgis/rest/services/Growth_Management_%E2%80%93_Active_Development_Applications/FeatureServer/0/query?where=OBJECTID%3D141&outFields=*&outSR=4326&f=pjson ; https://www.drivercheck.ca/news/2021/6/24/our-mississauga-clinic-is-moving-"
"71-6192","city-group-139","Winchester Convention Centre","group-status","Proposed","Convention-centre project status unverified","Retain source version in violet; exclude from strict verified scenario","Not separately specified","true","false","false","true","Nearest source position is Winchester Drive. A corporation director mailing address is not the project site or evidence of construction. No relevant exact-project completion evidence found.","https://services6.arcgis.com/hM5ymMLbxIyWTjn2/arcgis/rest/services/Growth_Management_%E2%80%93_Issued_Building_Permits/FeatureServer/0/query?f=json&geometry=%7B%22x%22%3A+-79.63138295307073%2C+%22y%22%3A+43.62319959341515%2C+%22spatialReference%22%3A+%7B%22wkid%22%3A+4326%7D%7D&geometryType=esriGeometryPoint&inSR=4326&spatialRel=esriSpatialRelIntersects&distance=90&units=esriSRUnit_Meter&outFields=BuildingPermitNumber%2CIssuedDate%2CBuildingPermitType%2CBuildingPermitScope%2CAddress%2CApprovedUse%2CResidentialUnits%2CNonResidentialGFA_m2&outSR=4326&returnGeometry=true"
"22-14227","city-group-61","Yee Hong Mississauga retirement and life-lease development","group-status","Proposed","Yee Hong retirement/life-lease proposal; current delivery unverified","Retain source version in violet; exclude from strict verified scenario","Not separately specified","true","false","false","true","YHMSS is the proposed 18-storey retirement and 13-storey life-lease development at 5520/5530 Mavis beside existing 5510 LTC. Current programmes at the existing home do not prove construction of these towers.","https://www.mississauga.ca/wp-content/uploads/2021/11/02141242/W6_5510_Waste_and_Recycling_Plan_August2021.pdf ; https://services6.arcgis.com/hM5ymMLbxIyWTjn2/arcgis/rest/services/Growth_Management_%E2%80%93_Issued_Building_Permits/FeatureServer/0/query?f=json&geometry=%7B%22x%22%3A+-79.68792021907555%2C+%22y%22%3A+43.60549077761041%2C+%22spatialReference%22%3A+%7B%22wkid%22%3A+4326%7D%7D&geometryType=esriGeometryPoint&inSR=4326&spatialRel=esriSpatialRelIntersects&distance=90&units=esriSRUnit_Meter&outFields=BuildingPermitNumber%2CIssuedDate%2CBuildingPermitType%2CBuildingPermitScope%2CAddress%2CApprovedUse%2CResidentialUnits%2CNonResidentialGFA_m2&outSR=4326&returnGeometry=true"
"22-14228","city-group-61","Yee Hong Mississauga retirement and life-lease development","group-status","Proposed","Yee Hong retirement/life-lease proposal; current delivery unverified","Retain source version in violet; exclude from strict verified scenario","Not separately specified","true","false","false","true","YHMSS is the proposed 18-storey retirement and 13-storey life-lease development at 5520/5530 Mavis beside existing 5510 LTC. Current programmes at the existing home do not prove construction of these towers.","https://www.mississauga.ca/wp-content/uploads/2021/11/02141242/W6_5510_Waste_and_Recycling_Plan_August2021.pdf ; https://services6.arcgis.com/hM5ymMLbxIyWTjn2/arcgis/rest/services/Growth_Management_%E2%80%93_Issued_Building_Permits/FeatureServer/0/query?f=json&geometry=%7B%22x%22%3A+-79.68792021907555%2C+%22y%22%3A+43.60549077761041%2C+%22spatialReference%22%3A+%7B%22wkid%22%3A+4326%7D%7D&geometryType=esriGeometryPoint&inSR=4326&spatialRel=esriSpatialRelIntersects&distance=90&units=esriSRUnit_Meter&outFields=BuildingPermitNumber%2CIssuedDate%2CBuildingPermitType%2CBuildingPermitScope%2CAddress%2CApprovedUse%2CResidentialUnits%2CNonResidentialGFA_m2&outSR=4326&returnGeometry=true"
"22-14229","city-group-61","Yee Hong Mississauga retirement and life-lease development","group-status","Proposed","Yee Hong retirement/life-lease proposal; current delivery unverified","Retain source version in violet; exclude from strict verified scenario","Not separately specified","true","false","false","true","YHMSS is the proposed 18-storey retirement and 13-storey life-lease development at 5520/5530 Mavis beside existing 5510 LTC. Current programmes at the existing home do not prove construction of these towers.","https://www.mississauga.ca/wp-content/uploads/2021/11/02141242/W6_5510_Waste_and_Recycling_Plan_August2021.pdf ; https://services6.arcgis.com/hM5ymMLbxIyWTjn2/arcgis/rest/services/Growth_Management_%E2%80%93_Issued_Building_Permits/FeatureServer/0/query?f=json&geometry=%7B%22x%22%3A+-79.68792021907555%2C+%22y%22%3A+43.60549077761041%2C+%22spatialReference%22%3A+%7B%22wkid%22%3A+4326%7D%7D&geometryType=esriGeometryPoint&inSR=4326&spatialRel=esriSpatialRelIntersects&distance=90&units=esriSRUnit_Meter&outFields=BuildingPermitNumber%2CIssuedDate%2CBuildingPermitType%2CBuildingPermitScope%2CAddress%2CApprovedUse%2CResidentialUnits%2CNonResidentialGFA_m2&outSR=4326&returnGeometry=true"
"22-14230","city-group-61","Yee Hong Mississauga retirement and life-lease development","group-status","Proposed","Yee Hong retirement/life-lease proposal; current delivery unverified","Retain source version in violet; exclude from strict verified scenario","Not separately specified","true","false","false","true","YHMSS is the proposed 18-storey retirement and 13-storey life-lease development at 5520/5530 Mavis beside existing 5510 LTC. Current programmes at the existing home do not prove construction of these towers.","https://www.mississauga.ca/wp-content/uploads/2021/11/02141242/W6_5510_Waste_and_Recycling_Plan_August2021.pdf ; https://services6.arcgis.com/hM5ymMLbxIyWTjn2/arcgis/rest/services/Growth_Management_%E2%80%93_Issued_Building_Permits/FeatureServer/0/query?f=json&geometry=%7B%22x%22%3A+-79.68792021907555%2C+%22y%22%3A+43.60549077761041%2C+%22spatialReference%22%3A+%7B%22wkid%22%3A+4326%7D%7D&geometryType=esriGeometryPoint&inSR=4326&spatialRel=esriSpatialRelIntersects&distance=90&units=esriSRUnit_Meter&outFields=BuildingPermitNumber%2CIssuedDate%2CBuildingPermitType%2CBuildingPermitScope%2CAddress%2CApprovedUse%2CResidentialUnits%2CNonResidentialGFA_m2&outSR=4326&returnGeometry=true"
